diet_pattern,food_cat,food_group,outcome,impact_median_day,LB_day,UB_day,impact_median_year,LB_year,UB_year
DGAplus,Other,added_sugar,BLUEWATER (L),-10.1380577521389,-10.3397276664775,-9.92258271287691,-3700.391079530699,-3774.000598264288,-3621.742690200072
Med,Other,added_sugar,BLUEWATER (L),-10.192923650623,-10.3920227464414,-9.97137326517931,-3720.4171324773947,-3793.088302451111,-3639.551241790448
US,Other,added_sugar,BLUEWATER (L),-10.1928172344576,-10.421888871101,-9.98195286199592,-3720.378290577024,-3803.989437951865,-3643.4127946285107
Veg,Other,added_sugar,BLUEWATER (L),-10.1413648895097,-10.3638849907087,-9.92672593833483,-3701.5981846710406,-3782.8180216086753,-3623.254967492213
Vegan,Other,added_sugar,BLUEWATER (L),-10.1389879284268,-10.3472409080983,-9.93292670157893,-3700.7305938757822,-3776.7429314558794,-3625.5182460763094
DGAplus,Dairy,dairy_cow,BLUEWATER (L),37.1061545495691,36.5352333805338,37.6884086658859,13543.746410592721,13335.360183894838,13756.269163048355
Med,Dairy,dairy_cow,BLUEWATER (L),14.2889422577761,13.6852991378203,14.8866959544246,5215.463924088276,4995.13418530441,5433.644023364979
US,Dairy,dairy_cow,BLUEWATER (L),37.0954200045286,36.5380125144598,37.6936644775359,13539.828301652939,13336.374567777828,13758.187534300603
Veg,Dairy,dairy_cow,BLUEWATER (L),37.1346350328979,36.5389352482448,37.7202439661583,13554.141787007733,13336.711365609352,13767.889047647779
Vegan,Dairy,dairy_cow,BLUEWATER (L),-31.3910627663935,-31.9823037933495,-30.8379666375115,-11457.737909733627,-11673.540884572569,-11255.857822691698
DGAplus,Dairy,dairy_soy,BLUEWATER (L),-0.0223408159829609,-0.0285845382363188,-0.0159780721236787,-8.15439783378073,-10.433356456256362,-5.831996325142725
Med,Dairy,dairy_soy,BLUEWATER (L),-0.0221449992894799,-0.0294140981544675,-0.0157724821667682,-8.082924740660165,-10.736145826380637,-5.756955990870393
US,Dairy,dairy_soy,BLUEWATER (L),-0.0224075755243206,-0.0294733534992704,-0.0154281178374827,-8.17876506637702,-10.757774027233696,-5.631263010681185
Veg,Dairy,dairy_soy,BLUEWATER (L),-0.0224567518817849,-0.0287987777869613,-0.015405644386791,-8.196714436851488,-10.511553892240874,-5.623060201178715
Vegan,Dairy,dairy_soy,BLUEWATER (L),7.15537406291173,7.14852605491393,7.16266383701873,2611.7115329627813,2609.2120100435845,2614.3723005118363
DGAplus,Dairy,dairy_tot,BLUEWATER (L),0,0,0,0,0,0
Med,Dairy,dairy_tot,BLUEWATER (L),0,0,0,0,0,0
US,Dairy,dairy_tot,BLUEWATER (L),0,0,0,0,0,0
Veg,Dairy,dairy_tot,BLUEWATER (L),0,0,0,0,0,0
Vegan,Dairy,dairy_tot,BLUEWATER (L),0,0,0,0,0,0
DGAplus,Fruit,fruit_exc_juice,BLUEWATER (L),52.343297569703,51.0725465178869,53.5462582667493,19105.303612941592,18641.47947902872,19544.384267363494
Med,Fruit,fruit_exc_juice,BLUEWATER (L),49.0495882407152,47.8778746222294,50.2941176287356,17903.09970786105,17475.42423711373,18357.352934488492
US,Fruit,fruit_exc_juice,BLUEWATER (L),33.6441263302046,32.418209680389,34.9365844061687,12280.106110524679,11832.646533341984,12751.853308251575
Veg,Fruit,fruit_exc_juice,BLUEWATER (L),33.6247269869377,32.49104970145,34.8495997545489,12273.025350232261,11859.23314102925,12720.103910410347
Vegan,Fruit,fruit_exc_juice,BLUEWATER (L),33.6267756180629,32.3754680052764,34.7628006335302,12273.773100592958,11817.045821925887,12688.422231238523
DGAplus,Fruit,fruit_juice,BLUEWATER (L),-17.8374416641499,-18.7703567110623,-16.9658888709361,-6510.666207414713,-6851.180199537739,-6192.549437891677
Med,Fruit,fruit_juice,BLUEWATER (L),31.9219715169246,31.0041706074807,32.8821597754165,11651.51960367748,11316.522271730455,12001.98831802702
US,Fruit,fruit_juice,BLUEWATER (L),21.6316794487877,20.7396207109053,22.4762838028428,7895.562998807511,7569.9615594804345,8203.843588037622
Veg,Fruit,fruit_juice,BLUEWATER (L),21.6086306838333,20.7681876707854,22.5091740387693,7887.150199599155,7580.388499836671,8215.848524150793
Vegan,Fruit,fruit_juice,BLUEWATER (L),21.5958897910152,20.6753089055124,22.4831998071631,7882.499773720548,7546.487750512026,8206.367929614531
DGAplus,Grains,gr_refined,BLUEWATER (L),-36.4508346268914,-37.182245513856,-35.7958005595014,-13304.554638815362,-13571.51961255744,-13065.467204218012
Med,Grains,gr_refined,BLUEWATER (L),-29.8825675910505,-30.6519858985265,-29.1929002344033,-10907.137170733433,-11187.974852962172,-10655.408585557205
US,Grains,gr_refined,BLUEWATER (L),-29.917413164669,-30.6355875699687,-29.2002361453323,-10919.855805104185,-11181.989463038575,-10658.08619304629
Veg,Grains,gr_refined,BLUEWATER (L),-29.9152966773083,-30.6095091174201,-29.1896852413476,-10919.08328721753,-11172.470827858337,-10654.235113091874
Vegan,Grains,gr_refined,BLUEWATER (L),-29.9038065935529,-30.5878175222643,-29.2382908925376,-10914.88940664681,-11164.55339562647,-10671.976175776223
DGAplus,Grains,gr_whole,BLUEWATER (L),29.1584946022122,28.8161666668571,29.534729737766,10642.850529807454,10517.900833402842,10780.17635428459
Med,Grains,gr_whole,BLUEWATER (L),23.5650477891295,23.221319782746,23.9192380722582,8601.242443032268,8475.78172070229,8730.521896374243
US,Grains,gr_whole,BLUEWATER (L),23.5647257075599,23.2097845151783,23.9526105523957,8601.124883259365,8471.57134804008,8742.70285162443
Veg,Grains,gr_whole,BLUEWATER (L),29.1681248694194,28.8166437269187,29.5116039066976,10646.365577338081,10518.074960325324,10771.735425944624
Vegan,Grains,gr_whole,BLUEWATER (L),29.1442716607125,28.8035326894353,29.5150794233882,10637.659156160064,10513.289431643885,10773.003989536694
DGAplus,Protein,leg_tot,BLUEWATER (L),13.2124036438713,12.948833257527,13.5086655105192,4822.527330013025,4726.324138997355,4930.662911339508
Med,Protein,leg_tot,BLUEWATER (L),3.55025566152654,3.25343350645551,3.84736007734493,1295.8433164571873,1187.5032298562612,1404.2864282308994
US,Protein,leg_tot,BLUEWATER (L),3.5591390539051,3.26315431234565,3.84292999673028,1299.0857546753614,1191.0513240061623,1402.669448806552
Veg,Protein,leg_tot,BLUEWATER (L),26.1291255070054,25.8529744284497,26.4205683144261,9537.130810056971,9436.33566638414,9643.507434765526
Vegan,Protein,leg_tot,BLUEWATER (L),29.2696871230478,28.9984277783281,29.5730672999035,10683.435799912446,10584.426139089757,10794.169564464777
DGAplus,Other,oil,BLUEWATER (L),-0.196939983530811,-0.301400833728656,-0.0895276125560249,-71.88309398874601,-110.01130431095945,-32.67757858294909
Med,Other,oil,BLUEWATER (L),-0.195646776590763,-0.303211053726097,-0.0907560050328031,-71.4110734556285,-110.67203461002542,-33.125941836973126
US,Other,oil,BLUEWATER (L),-0.194949898802751,-0.300282827272698,-0.0916373854716638,-71.1567130630041,-109.60323195453478,-33.447645697157284
Veg,Other,oil,BLUEWATER (L),-0.196174567989425,-0.301074145840956,-0.0956714943470124,-71.60371731614013,-109.89206323194894,-34.92009543665953
Vegan,Other,oil,BLUEWATER (L),-0.196202079556801,-0.301207346341995,-0.0905714964150783,-71.61375903823236,-109.94068141482816,-33.05859619150358
DGAplus,Protein,pf_egg,BLUEWATER (L),-8.96481593244851,-9.47162083312817,-8.48724365923895,-3272.157815343706,-3457.1416040917825,-3097.843935622217
Med,Protein,pf_egg,BLUEWATER (L),-3.05389358396883,-3.52456182702242,-2.54188726277023,-1114.671158148623,-1286.4650668631834,-927.788850911134
US,Protein,pf_egg,BLUEWATER (L),-3.05530603836789,-3.5701050850273,-2.55808589707782,-1115.1867040042798,-1303.0883560349646,-933.7013524334044
Veg,Protein,pf_egg,BLUEWATER (L),-4.33331143520645,-4.81638663525606,-3.85888830341867,-1581.658673850354,-1757.9811218684617,-1408.4942307478145
Vegan,Protein,pf_egg,BLUEWATER (L),-15.4182494925186,-15.91426990631,-14.8804341476389,-5627.661064769289,-5808.7085158031505,-5431.3584638881985
DGAplus,Protein,pf_ns,BLUEWATER (L),14.1652032212571,11.6137524941523,16.6904009119981,5170.299175758842,4239.0196603655895,6091.9963328793065
Med,Protein,pf_ns,BLUEWATER (L),-7.629008257574,-10.1624157695843,-5.26871726288285,-2784.58801401451,-3709.2817558982692,-1923.0818009522404
US,Protein,pf_ns,BLUEWATER (L),-7.63738460761833,-10.191821360378,-5.07527908379652,-2787.6453817806905,-3720.01479653797,-1852.47686558573
Veg,Protein,pf_ns,BLUEWATER (L),14.1582631032365,11.3823833419631,16.5529255779961,5167.766032681323,4154.569919816532,6041.817835968576
Vegan,Protein,pf_ns,BLUEWATER (L),22.4117440246071,20.0207609086504,24.9121956812713,8180.286568981591,7307.577731657396,9092.951423664024
DGAplus,Protein,pf_pm,BLUEWATER (L),0,0,0,0,0,0
Med,Protein,pf_pm,BLUEWATER (L),0,0,0,0,0,0
US,Protein,pf_pm,BLUEWATER (L),0,0,0,0,0,0
Veg,Protein,pf_pm,BLUEWATER (L),0,0,0,0,0,0
Vegan,Protein,pf_pm,BLUEWATER (L),0,0,0,0,0,0
DGAplus,Protein,pf_poultry,BLUEWATER (L),0,0,0,0,0,0
Med,Protein,pf_poultry,BLUEWATER (L),0,0,0,0,0,0
US,Protein,pf_poultry,BLUEWATER (L),0,0,0,0,0,0
Veg,Protein,pf_poultry,BLUEWATER (L),0,0,0,0,0,0
Vegan,Protein,pf_poultry,BLUEWATER (L),0,0,0,0,0,0
DGAplus,Protein,pf_poultry_tot,BLUEWATER (L),-26.008850144429,-27.4390609718171,-24.554232755632,-9493.230302716585,-10015.25725471324,-8962.29495580568
Med,Protein,pf_poultry_tot,BLUEWATER (L),-11.6751700218202,-13.050738647524,-10.1452433206601,-4261.437057964373,-4763.51960634626,-3703.0138120409365
US,Protein,pf_poultry_tot,BLUEWATER (L),-11.6404787499185,-13.0999415885716,-10.3726932858343,-4248.774743720252,-4781.478679828634,-3786.0330493295196
Veg,Protein,pf_poultry_tot,BLUEWATER (L),-57.2297005196251,-58.7101188696529,-55.9121238946292,-20888.84068966316,-21429.19338742331,-20407.925221539655
Vegan,Protein,pf_poultry_tot,BLUEWATER (L),-57.1843802465459,-58.6362746136906,-55.8091366546825,-20872.298789989254,-21402.24023399707,-20370.33487895911
DGAplus,Protein,pf_redm,BLUEWATER (L),0,0,0,0,0,0
Med,Protein,pf_redm,BLUEWATER (L),0,0,0,0,0,0
US,Protein,pf_redm,BLUEWATER (L),0,0,0,0,0,0
Veg,Protein,pf_redm,BLUEWATER (L),0,0,0,0,0,0
Vegan,Protein,pf_redm,BLUEWATER (L),0,0,0,0,0,0
DGAplus,Protein,pf_redm_tot,BLUEWATER (L),-83.5499714134679,-86.2704952631619,-81.0918433365693,-30495.739565915785,-31488.730771054095,-29598.522817847792
Med,Protein,pf_redm_tot,BLUEWATER (L),-21.5051562163702,-24.030148863901,-18.7782766672316,-7849.382018975123,-8771.004335323865,-6854.070983539535
US,Protein,pf_redm_tot,BLUEWATER (L),-21.5719666713702,-24.3223478233484,-18.9881864382959,-7873.767835050123,-8877.656955522167,-6930.6880499780045
Veg,Protein,pf_redm_tot,BLUEWATER (L),-107.996637687188,-110.536193330068,-105.354141174115,-39418.77275582362,-40345.71056547482,-38454.26152855197
Vegan,Protein,pf_redm_tot,BLUEWATER (L),-107.988816883509,-110.602630406376,-105.221306733318,-39415.91816248078,-40369.96009832724,-38405.77695766107
DGAplus,Protein,pf_seafood,BLUEWATER (L),0.764503013675222,0.691632188279938,0.837548635934246,279.043599991456,252.44574872217737,305.70525211599977
Med,Protein,pf_seafood,BLUEWATER (L),3.04248577905765,2.97139619101046,3.11412327834937,1110.5073093560422,1084.559609718818,1136.65499659752
US,Protein,pf_seafood,BLUEWATER (L),1.04624971462398,0.972328284947142,1.1160214829533,381.8811458377527,354.8998240057068,407.3478412779545
Veg,Protein,pf_seafood,BLUEWATER (L),-1.23166899557725,-1.30753181996346,-1.16200376465722,-449.55918338569626,-477.2491142866629,-424.13137409988536
Vegan,Protein,pf_seafood,BLUEWATER (L),-1.23015761146566,-1.30181776599252,-1.1567345123607,-449.0075281849659,-475.1634845872698,-422.2080970116555
DGAplus,Other,sat_fat,BLUEWATER (L),-14.411007926363,-14.6245422180276,-14.2057439390841,-5260.0178931224955,-5337.957909580074,-5185.096537765697
Med,Other,sat_fat,BLUEWATER (L),-15.0802417984699,-15.29258311543,-14.8573824237547,-5504.288256441514,-5581.79283713195,-5422.944584670466
US,Other,sat_fat,BLUEWATER (L),-15.0905954547429,-15.305387641537,-14.8719147818089,-5508.067340981159,-5586.466489161005,-5428.248895360249
Veg,Other,sat_fat,BLUEWATER (L),-14.4145219958941,-14.6266458913992,-14.2023487577004,-5261.300528501347,-5338.725750360708,-5183.857296560646
Vegan,Other,sat_fat,BLUEWATER (L),-14.4004944831958,-14.6195025935324,-14.1936573531359,-5256.1804863664665,-5336.118446639326,-5180.684933894603
DGAplus,Other,sodium,BLUEWATER (L),0,0,0,0,0,0
Med,Other,sodium,BLUEWATER (L),0,0,0,0,0,0
US,Other,sodium,BLUEWATER (L),0,0,0,0,0,0
Veg,Other,sodium,BLUEWATER (L),0,0,0,0,0,0
Vegan,Other,sodium,BLUEWATER (L),0,0,0,0,0,0
DGAplus,Other,ssb,BLUEWATER (L),0,0,0,0,0,0
Med,Other,ssb,BLUEWATER (L),0,0,0,0,0,0
US,Other,ssb,BLUEWATER (L),0,0,0,0,0,0
Veg,Other,ssb,BLUEWATER (L),0,0,0,0,0,0
Vegan,Other,ssb,BLUEWATER (L),0,0,0,0,0,0
DGAplus,Vegetables,veg_dg,BLUEWATER (L),1.48421671315434,1.16732418308814,1.80044655263045,541.7391003013341,426.0733268271711,657.1629917101143
Med,Vegetables,veg_dg,BLUEWATER (L),1.48588149229543,1.18510407790878,1.7941225200401,542.3467446878319,432.5629884367047,654.8547198146365
US,Vegetables,veg_dg,BLUEWATER (L),1.49699818595673,1.20871962780628,1.78314210947388,546.4043378742065,441.1826641492922,650.8468699579662
Veg,Vegetables,veg_dg,BLUEWATER (L),1.48717908022046,1.16967473386553,1.79962892125521,542.820364280468,426.93127786091844,656.8645562581517
Vegan,Vegetables,veg_dg,BLUEWATER (L),1.4729680504445,1.17542561201665,1.77338046702551,537.6333384122424,429.03034838607726,647.2838704643111
DGAplus,Vegetables,veg_exc_sta,BLUEWATER (L),0,0,0,3084.934758301108,2776.8729638182617,3387.8977095697674
Med,Vegetables,veg_exc_sta,BLUEWATER (L),0,0,0,3084.339275314011,2786.665740968302,3395.9945225139454
US,Vegetables,veg_exc_sta,BLUEWATER (L),0,0,0,3087.538911079039,2787.641316475632,3382.184532670326
Veg,Vegetables,veg_exc_sta,BLUEWATER (L),0,0,0,3088.2678205571547,2791.707393140985,3386.7485211575554
Vegan,Vegetables,veg_exc_sta,BLUEWATER (L),0,0,0,3079.594456657483,2785.660812123268,3372.3957468790313
DGAplus,Vegetables,veg_oth,BLUEWATER (L),0.474021842635842,0.103400939936082,0.829068698641845,173.01797256208235,37.74134307666993,302.6100750042734
Med,Vegetables,veg_oth,BLUEWATER (L),0.4776598073644,0.118120469562099,0.860923144206398,174.345829688006,43.113971390166135,314.2369476353353
US,Vegetables,veg_oth,BLUEWATER (L),0.474863376045717,0.0917339861210018,0.850676180166452,173.32513225668671,33.48290493416565,310.49680576075497
Veg,Vegetables,veg_oth,BLUEWATER (L),0.477978191702648,0.130314723861862,0.830642415901206,174.4620399714665,47.56487420957963,303.1844818039402
Vegan,Vegetables,veg_oth,BLUEWATER (L),0.473483920099241,0.118396802809057,0.820550949578304,172.82163083622297,43.2148330253058,299.50109659608097
DGAplus,Vegetables,veg_ro,BLUEWATER (L),6.49363749434984,6.33714601072444,6.65239628179556,2370.1776854376917,2313.0582939144206,2428.1246428553795
Med,Vegetables,veg_ro,BLUEWATER (L),6.48670329024157,6.33147611271625,6.64904891798349,2367.646700938173,2310.9887811414314,2426.9028550639737
US,Vegetables,veg_ro,BLUEWATER (L),6.48714915328259,6.33691985586897,6.632440703977,2367.8094409481455,2312.975747392174,2420.840856951605
Veg,Vegetables,veg_ro,BLUEWATER (L),6.49585045563074,6.34852394813832,6.64849173450812,2370.98541630522,2317.2112410704867,2426.6994830954636
Vegan,Vegetables,veg_ro,BLUEWATER (L),6.49079311618909,6.338125015649,6.64550898580449,2369.139487409018,2313.415630711885,2425.610779818639
DGAplus,Vegetables,veg_sta,BLUEWATER (L),3.84870607176232,3.67890869330586,4.03423297000971,1404.7777161932468,1342.801673056639,1472.4950340535443
Med,Vegetables,veg_sta,BLUEWATER (L),3.85264243474161,3.66132243286108,4.02662129228409,1406.2144886806877,1336.3826879942942,1469.7167716836927
US,Vegetables,veg_sta,BLUEWATER (L),3.85218345133446,3.68711922496649,4.03036192229444,1406.046959737078,1345.7985171127689,1471.0821016374707
Veg,Vegetables,veg_sta,BLUEWATER (L),3.84759090966172,3.67988884055631,4.05068620205417,1404.370682026528,1343.159426803053,1478.5004637497718
Vegan,Vegetables,veg_sta,BLUEWATER (L),3.85570823975073,3.67183524340467,4.02600377583065,1407.3335075090165,1340.2198638427046,1469.4913781781872
DGAplus,Other,added_sugar,CED (MJ),-0.511615403321363,-0.521750170496068,-0.500832339136176,-186.7396222122975,-190.43881223106482,-182.80380378470423
Med,Other,added_sugar,CED (MJ),-0.514228456548946,-0.524627037487696,-0.503104946948735,-187.6933866403653,-191.48886868300903,-183.63330563628827
US,Other,added_sugar,CED (MJ),-0.514341150824827,-0.525908294140285,-0.503776334359525,-187.73452005106185,-191.956527361204,-183.8783620412266
Veg,Other,added_sugar,CED (MJ),-0.511734156564647,-0.52294080672346,-0.500990895934034,-186.78296714609618,-190.8733944540629,-182.86167701592242
Vegan,Other,added_sugar,CED (MJ),-0.51151545805646,-0.522264608621562,-0.501344008085472,-186.7031421906079,-190.62658214687013,-182.99056295119726
DGAplus,Dairy,dairy_cow,CED (MJ),2.99209688279139,2.94606000640455,3.03904760424373,1092.1153622188574,1075.3119023376607,1109.2523755489615
Med,Dairy,dairy_cow,CED (MJ),1.15220507505741,1.10352962702289,1.20040562275981,420.55485239595464,402.78831386335486,438.1480523073307
US,Dairy,dairy_cow,CED (MJ),2.99123129056974,2.94628410502262,3.03947141258079,1091.799421057955,1075.3936983332562,1109.4070655919884
Veg,Dairy,dairy_cow,CED (MJ),2.99439343888628,2.94635851070856,3.04161467981015,1092.9536051934922,1075.4208564086243,1110.1893581307047
Vegan,Dairy,dairy_cow,CED (MJ),-2.53125397096493,-2.57892936215563,-2.48665443691995,-923.9076994021996,-941.309217186805,-907.6288694757818
DGAplus,Dairy,dairy_soy,CED (MJ),-0.00291085762565538,-0.00372437251909181,-0.00208183501981103,-1.0624630333642138,-1.3593959694685107,-0.759869782231026
Med,Dairy,dairy_soy,CED (MJ),-0.00288534403134959,-0.00383245858074341,-0.00205504803520458,-1.0531505714426004,-1.3988473819713447,-0.7500925328496717
US,Dairy,dairy_soy,CED (MJ),-0.00291955594357718,-0.00384017915247239,-0.00201017968596125,-1.0656379194056707,-1.4016653906524223,-0.7337155853758562
Veg,Dairy,dairy_soy,CED (MJ),-0.00292596329124238,-0.00375228648741689,-0.00200725154692771,-1.0679766013034688,-1.3695845679071648,-0.7326468146286141
Vegan,Dairy,dairy_soy,CED (MJ),0.932296974798455,0.931404725548645,0.93324678319242,340.2883958014361,339.9627248252554,340.6350758652333
DGAplus,Dairy,dairy_tot,CED (MJ),0,0,0,0,0,0
Med,Dairy,dairy_tot,CED (MJ),0,0,0,0,0,0
US,Dairy,dairy_tot,CED (MJ),0,0,0,0,0,0
Veg,Dairy,dairy_tot,CED (MJ),0,0,0,0,0,0
Vegan,Dairy,dairy_tot,CED (MJ),0,0,0,0,0,0
DGAplus,Fruit,fruit_exc_juice,CED (MJ),0.851318659600947,0.832719450862434,0.869669543237942,310.73131075434566,303.94259956478845,317.4293832818488
Med,Fruit,fruit_exc_juice,CED (MJ),0.798093343437192,0.780117108169737,0.816669903172797,291.30407035457506,284.742744481954,298.0845146580709
US,Fruit,fruit_exc_juice,CED (MJ),0.549190466062577,0.530680050975667,0.568644562963478,200.4545201128406,193.69821860611844,207.55526548166947
Veg,Fruit,fruit_exc_juice,CED (MJ),0.548920892626028,0.532042895136317,0.567381561739981,200.3561258085002,194.1956567247557,207.09427003509307
Vegan,Fruit,fruit_exc_juice,CED (MJ),0.548941319074262,0.530589229103688,0.566450462043387,200.36358146210563,193.66506862284612,206.75441864583627
DGAplus,Fruit,fruit_juice,CED (MJ),-0.447453201116651,-0.470628970823087,-0.425991348841381,-163.32041840757762,-171.77957435042677,-155.48684232710406
Med,Fruit,fruit_juice,CED (MJ),0.79064051437682,0.767833358616709,0.814822101936219,288.5837877475393,280.2591758950988,297.41006720671993
US,Fruit,fruit_juice,CED (MJ),0.5347663974304,0.512367771464292,0.555643464825348,195.189735062096,187.0142365844666,202.80986466125202
Veg,Fruit,fruit_juice,CED (MJ),0.534000029228326,0.512818093936163,0.556872517433489,194.910010668339,187.17860428669948,203.25846886322347
Vegan,Fruit,fruit_juice,CED (MJ),0.533802622295019,0.510638937959271,0.557028807618385,194.8379571376819,186.3832123551339,203.31551478071054
DGAplus,Grains,gr_refined,CED (MJ),-0.424537243266562,-0.43299982983956,-0.416868751919583,-154.95609379229512,-158.0449378914394,-152.1570944506478
Med,Grains,gr_refined,CED (MJ),-0.348387519101765,-0.357160831305382,-0.340222191804846,-127.16144447214423,-130.36370342646444,-124.18110000876878
US,Grains,gr_refined,CED (MJ),-0.34876336150864,-0.357121307978728,-0.340474458031318,-127.2986269506536,-130.34927741223572,-124.27317718143107
Veg,Grains,gr_refined,CED (MJ),-0.348810147705776,-0.35663007487533,-0.340385882412725,-127.31570391260824,-130.16997732949545,-124.24084708064463
Vegan,Grains,gr_refined,CED (MJ),-0.348618774433461,-0.356656375125064,-0.340862297066017,-127.24585266821327,-130.17957692064834,-124.4147384290962
DGAplus,Grains,gr_whole,CED (MJ),0.475913843941374,0.470487367478744,0.481877338351768,173.7085530386015,171.72788912974156,175.88522849839532
Med,Grains,gr_whole,CED (MJ),0.384972615003711,0.379408013092033,0.390267539655616,140.5150044763545,138.48392477859204,142.44765197429984
US,Grains,gr_whole,CED (MJ),0.384945085156237,0.379318538362256,0.391050770463938,140.5049560820265,138.45126650222343,142.73353121933738
Veg,Grains,gr_whole,CED (MJ),0.476004271278685,0.470499805614988,0.481567845565623,173.74155901672003,171.73242904947062,175.7722636314524
Vegan,Grains,gr_whole,CED (MJ),0.475745561548863,0.470257415799281,0.481535931874906,173.64712996533498,171.64395676673757,175.7606151343407
DGAplus,Protein,leg_tot,CED (MJ),0.226985827577465,0.222837818756905,0.231395496494616,82.84982706577472,81.33580384627032,84.45935622053484
Med,Protein,leg_tot,CED (MJ),0.068141473588351,0.0633679590364779,0.0726817393749984,24.871637859748116,23.129305048314436,26.528834871874416
US,Protein,leg_tot,CED (MJ),0.068277119881162,0.0636401343592302,0.0726429896887205,24.92114875662413,23.228649041119024,26.514691236382983
Veg,Protein,leg_tot,CED (MJ),0.439522412513531,0.435387655214737,0.443981600201678,160.42568056743883,158.916494153379,162.05328407361247
Vegan,Protein,leg_tot,CED (MJ),0.491081776662565,0.486871413873387,0.495758293947477,179.24484848183621,177.70806606378625,180.9517772908291
DGAplus,Other,oil,CED (MJ),-0.00634062814975765,-0.0097058025810245,-0.00290733757066828,-2.3143292746615423,-3.5426179420739428,-1.061178213293922
Med,Other,oil,CED (MJ),-0.00627890188924018,-0.00976863437352075,-0.00291709100511222,-2.2917991895726657,-3.565551546335074,-1.0647382168659603
US,Other,oil,CED (MJ),-0.00626932087920199,-0.00969792385464823,-0.00292248695859939,-2.2883021209087264,-3.539742206946604,-1.0667077398887774
Veg,Other,oil,CED (MJ),-0.006311971679858,-0.0097322115868697,-0.00310223062045054,-2.30386966314817,-3.5522572292074406,-1.132314176464447
Vegan,Other,oil,CED (MJ),-0.00629641511786874,-0.00967729936084811,-0.0028797985050626,-2.2981915180220898,-3.5322142667095604,-1.0511264543478491
DGAplus,Protein,pf_egg,CED (MJ),-0.458279386351868,-0.484187139576664,-0.433865998508291,-167.27197601843181,-176.72830594548236,-158.3610894555262
Med,Protein,pf_egg,CED (MJ),-0.156114357304255,-0.180174812669678,-0.129940708625326,-56.98174041605307,-65.76380662443246,-47.42835864824399
US,Protein,pf_egg,CED (MJ),-0.156186561657376,-0.182502973837538,-0.13076877918987,-57.008095004942234,-66.61358545070136,-47.730604404302554
Veg,Protein,pf_egg,CED (MJ),-0.221517911841337,-0.24621260807478,-0.19726550740324,-80.854037822088,-89.8676019472947,-72.0019102021826
Vegan,Protein,pf_egg,CED (MJ),-0.788177467255771,-0.813533919921743,-0.760684467055954,-287.6847755483564,-296.93988077143615,-277.64983047542324
DGAplus,Protein,pf_ns,CED (MJ),0.0385129526135586,0.0317638230739516,0.0451128672616923,14.05722770394889,11.593795421992333,16.46619655051769
Med,Protein,pf_ns,CED (MJ),-0.0185386077707717,-0.0249837744588771,-0.0122064796302575,-6.76659183633167,-9.119077677490141,-4.4553650650439875
US,Protein,pf_ns,CED (MJ),-0.0185293391209762,-0.02519170100293,-0.0118083272690959,-6.763208779156313,-9.19497086606945,-4.3100394532200035
Veg,Protein,pf_ns,CED (MJ),0.0384256325811683,0.0313859490571299,0.0446566013646238,14.02535589212643,11.455871405852413,16.29965949808769
Vegan,Protein,pf_ns,CED (MJ),0.0599875517212035,0.0537217745581119,0.0664841569196022,21.895456378239277,19.60844771371084,24.266717275654806
DGAplus,Protein,pf_pm,CED (MJ),0,0,0,0,0,0
Med,Protein,pf_pm,CED (MJ),0,0,0,0,0,0
US,Protein,pf_pm,CED (MJ),0,0,0,0,0,0
Veg,Protein,pf_pm,CED (MJ),0,0,0,0,0,0
Vegan,Protein,pf_pm,CED (MJ),0,0,0,0,0,0
DGAplus,Protein,pf_poultry,CED (MJ),0,0,0,0,0,0
Med,Protein,pf_poultry,CED (MJ),0,0,0,0,0,0
US,Protein,pf_poultry,CED (MJ),0,0,0,0,0,0
Veg,Protein,pf_poultry,CED (MJ),0,0,0,0,0,0
Vegan,Protein,pf_poultry,CED (MJ),0,0,0,0,0,0
DGAplus,Protein,pf_poultry_tot,CED (MJ),-0.812592232127116,-0.857277304775564,-0.767167561773782,-296.5961647263973,-312.90621624308085,-280.01616004743045
Med,Protein,pf_poultry_tot,CED (MJ),-0.364761378094345,-0.407740754043525,-0.316951027970527,-133.1379030044359,-148.82537522588663,-115.68712520924235
US,Protein,pf_poultry_tot,CED (MJ),-0.36366917370218,-0.409262639813643,-0.324054304067494,-132.7392484012957,-149.3808635319797,-118.27982098463532
Veg,Protein,pf_poultry_tot,CED (MJ),-1.78804762323516,-1.83430196891304,-1.74688313266076,-652.6373824808335,-669.5202186532596,-637.6123434211773
Vegan,Protein,pf_poultry_tot,CED (MJ),-1.78663588965892,-1.83198072453074,-1.74364800552983,-652.1220997255058,-668.67296445372,-636.4315220183879
DGAplus,Protein,pf_redm,CED (MJ),0,0,0,0,0,0
Med,Protein,pf_redm,CED (MJ),0,0,0,0,0,0
US,Protein,pf_redm,CED (MJ),0,0,0,0,0,0
Veg,Protein,pf_redm,CED (MJ),0,0,0,0,0,0
Vegan,Protein,pf_redm,CED (MJ),0,0,0,0,0,0
DGAplus,Protein,pf_redm_tot,CED (MJ),-3.67853735881229,-3.79841039999558,-3.57004059309898,-1342.6661359664859,-1386.4197959983867,-1303.0648164811275
Med,Protein,pf_redm_tot,CED (MJ),-0.948874480059729,-1.06037070164851,-0.828260984183991,-346.3391852218011,-387.03530610170617,-302.31525922715673
US,Protein,pf_redm_tot,CED (MJ),-0.951616460310328,-1.07329305211253,-0.838222345699517,-347.3400080132697,-391.75196402107343,-305.9511561803237
Veg,Protein,pf_redm_tot,CED (MJ),-4.75428242730142,-4.86689226505279,-4.63765174041557,-1735.3130859650182,-1776.4156767442685,-1692.742885251683
Vegan,Protein,pf_redm_tot,CED (MJ),-4.75349298196588,-4.8692341429248,-4.63160342810049,-1735.024938417546,-1777.2704621675518,-1690.535251256679
DGAplus,Protein,pf_seafood,CED (MJ),2.4490019510092,2.22318264663206,2.67238567380817,893.8857121183579,811.4616660207018,975.420770939982
Med,Protein,pf_seafood,CED (MJ),9.78065323487849,9.56267300802397,10.0009771258223,3569.9384307306486,3490.3756479287485,3650.35665092514
US,Protein,pf_seafood,CED (MJ),3.35340474939949,3.13132329305112,3.5602450377983,1223.992733530814,1142.9330019636589,1299.4894387963795
Veg,Protein,pf_seafood,CED (MJ),-3.98060712294435,-4.20998356491039,-3.76638993673234,-1452.9215998746877,-1536.6440011922923,-1374.732326907304
Vegan,Protein,pf_seafood,CED (MJ),-3.98111037914507,-4.19525628996037,-3.76176911510749,-1453.1052883879506,-1531.268545835535,-1373.0457270142338
DGAplus,Other,sat_fat,CED (MJ),-0.809549446140109,-0.821710486605419,-0.798206857276908,-295.4855478411398,-299.9243276109779,-291.34550290607143
Med,Other,sat_fat,CED (MJ),-0.846957566165494,-0.85888013966177,-0.834505169935828,-309.1395116504053,-313.49125097654604,-304.59438702657724
US,Other,sat_fat,CED (MJ),-0.847565351351678,-0.859698393395,-0.835027506203584,-309.3613532433625,-313.789913589175,-304.7850397643082
Veg,Other,sat_fat,CED (MJ),-0.809687521043877,-0.821662204365502,-0.797843334923473,-295.5359451810151,-299.9067045934082,-291.2128172470677
Vegan,Other,sat_fat,CED (MJ),-0.809024759229845,-0.821370978185486,-0.797192530803452,-295.2940371188934,-299.80040703770237,-290.97527374325995
DGAplus,Other,sodium,CED (MJ),0,0,0,0,0,0
Med,Other,sodium,CED (MJ),0,0,0,0,0,0
US,Other,sodium,CED (MJ),0,0,0,0,0,0
Veg,Other,sodium,CED (MJ),0,0,0,0,0,0
Vegan,Other,sodium,CED (MJ),0,0,0,0,0,0
DGAplus,Other,ssb,CED (MJ),0,0,0,0,0,0
Med,Other,ssb,CED (MJ),0,0,0,0,0,0
US,Other,ssb,CED (MJ),0,0,0,0,0,0
Veg,Other,ssb,CED (MJ),0,0,0,0,0,0
Vegan,Other,ssb,CED (MJ),0,0,0,0,0,0
DGAplus,Vegetables,veg_dg,CED (MJ),0.023813239357833402,0.0183485516788672,0.0295489548901409,8.691832365609192,6.697221362786528,10.785368534901428
Med,Vegetables,veg_dg,CED (MJ),0.0238992886109042,0.0186929659598436,0.0294656752292181,8.723240342980032,6.8229325753429135,10.754971458664606
US,Vegetables,veg_dg,CED (MJ),0.024126498808479,0.0189316265904115,0.0291528797938016,8.806172065094835,6.910043705500198,10.640801124737584
Veg,Vegetables,veg_dg,CED (MJ),0.0239048283646251,0.0181608884443797,0.0293781764337097,8.725262353088162,6.628724282198591,10.72303439830404
Vegan,Vegetables,veg_dg,CED (MJ),0.0237408760035648,0.0183390688852146,0.0292290616051615,8.665419741301152,6.6937601431033285,10.668607485883948
DGAplus,Vegetables,veg_exc_sta,CED (MJ),0,0,0,145.46151642567372,137.95502405774835,153.16047939404905
Med,Vegetables,veg_exc_sta,CED (MJ),0,0,0,145.45538616962736,138.0487064853264,153.17922546896543
US,Vegetables,veg_exc_sta,CED (MJ),0,0,0,145.48297924213693,138.06019780389175,152.77423490041625
Veg,Vegetables,veg_exc_sta,CED (MJ),0,0,0,145.60163716934437,138.23268853898847,152.95576279423238
Vegan,Vegetables,veg_exc_sta,CED (MJ),0,0,0,145.46078602241113,137.9974963701527,152.6870947071806
DGAplus,Vegetables,veg_oth,CED (MJ),0.00802778367852699,9.3807229336916e-4,0.014902047166476,2.9301410426623513,0.3423963870797434,5.43924721576374
Med,Vegetables,veg_oth,CED (MJ),0.00806146986582641,0.00132698717275511,0.0151325748971777,2.94243650102664,0.4843503180556152,5.5233898374698605
US,Vegetables,veg_oth,CED (MJ),0.00794036473329392,7.4356045435584e-4,0.0149441158664007,2.898233127652281,0.2713995658398816,5.454602291236256
Veg,Vegetables,veg_oth,CED (MJ),0.00809190514134904,0.00145059872756198,0.0147171039532972,2.9535453765923996,0.5294685355601227,5.371742942953478
Vegan,Vegetables,veg_oth,CED (MJ),0.00802598652438255,0.0011597373101727,0.0145100101440087,2.9294850813996307,0.4233041182130355,5.296153702563175
DGAplus,Vegetables,veg_ro,CED (MJ),0.366683679499732,0.358672346048992,0.375166749707901,133.83954301740218,130.91540630788208,136.93586364338387
Med,Vegetables,veg_ro,CED (MJ),0.366547148837317,0.358195681073775,0.375070860747482,133.7897093256207,130.74142359192786,136.90086417283095
US,Vegetables,veg_ro,CED (MJ),0.366516641231205,0.358571930226169,0.374462552012171,133.77857404938982,130.87875453255168,136.6788314844424
Veg,Vegetables,veg_ro,CED (MJ),0.366911861478531,0.359108207455424,0.374961603980753,133.92282943966381,131.07449572122977,136.86098545297486
Vegan,Vegetables,veg_ro,CED (MJ),0.366755838903316,0.358576526325579,0.374581735667763,133.86588119971034,130.88043210883635,136.72233351873348
DGAplus,Vegetables,veg_sta,CED (MJ),0.099592147909569,0.0950249481719384,0.104548259096976,36.351133986992686,34.684106082757516,38.16011457039624
Med,Vegetables,veg_sta,CED (MJ),0.0997518686210073,0.0945024852483775,0.104342519771568,36.40943204666766,34.49340711565779,38.08501971662232
US,Vegetables,veg_sta,CED (MJ),0.0996987981408407,0.0952209183896523,0.104410005339722,36.390061321406854,34.75563521222309,38.10965194899853
Veg,Vegetables,veg_sta,CED (MJ),0.0995618510530149,0.0951374687150583,0.105068409294239,36.34007563435044,34.72517608099628,38.349969392397234
Vegan,Vegetables,veg_sta,CED (MJ),0.0997627383909903,0.0949495379323129,0.104291465288494,36.41339951271146,34.65658134529421,38.066384830300315
DGAplus,Other,added_sugar,FL (mrh-eq),-0.0236749961276711,-0.0241534064807771,-0.0231740945040896,-8.64137358659995,-8.815993365483642,-8.458544493992704
Med,Other,added_sugar,FL (mrh-eq),-0.023804838347678402,-0.0242702708801501,-0.0232909703398662,-8.688765996902617,-8.858648871254786,-8.501204174051162
US,Other,added_sugar,FL (mrh-eq),-0.0238025543831746,-0.0243425439821212,-0.0233151712028525,-8.687932349858729,-8.885028553474239,-8.510037489041164
Veg,Other,added_sugar,FL (mrh-eq),-0.0236841092191419,-0.0242071881261473,-0.0231859482592939,-8.644699864986794,-8.835623666043764,-8.462871114642274
Vegan,Other,added_sugar,FL (mrh-eq),-0.0236809014259557,-0.0241603631383131,-0.0231902471901228,-8.64352902047383,-8.818532545484281,-8.464440224394822
DGAplus,Dairy,dairy_cow,FL (mrh-eq),0.0679962800380883,0.0669500785073548,0.0690632489662083,24.81864221390223,24.4367786551845,25.20808587266603
Med,Dairy,dairy_cow,FL (mrh-eq),0.0261841985784296,0.0250780347324092,0.0272795701749884,9.557232481126805,9.153482677329357,9.957043113870766
US,Dairy,dairy_cow,FL (mrh-eq),0.0679766092007431,0.0669551712142382,0.0690728801350836,24.81146235827123,24.438637493196946,25.211601249305513
Veg,Dairy,dairy_cow,FL (mrh-eq),0.0680484699495343,0.0669568621052942,0.0691215865120601,24.83769153158002,24.439254668432383,25.229379076901935
Vegan,Dairy,dairy_cow,FL (mrh-eq),-0.0575234895792157,-0.0586069268398782,-0.0565099520751554,-20.99607369641373,-21.391528296555542,-20.62613250743172
DGAplus,Dairy,dairy_soy,FL (mrh-eq),-4.8837754885317e-4,-0.00062486736069087005,-3.4928588575784e-4,-0.17825780533140703,-0.22807658665216757,-0.1274893483016116
Med,Dairy,dairy_soy,FL (mrh-eq),-4.8409693184886e-4,-6.4300181199118e-4,-3.4479162201647e-4,-0.1766953801248339,-0.2346956613767807,-0.12584894203601155
US,Dairy,dairy_soy,FL (mrh-eq),-4.8983693427565e-4,-6.4429715322104e-4,-3.3726370507838e-4,-0.17879048101061226,-0.23516846092567958,-0.12310125235360869
Veg,Dairy,dairy_soy,FL (mrh-eq),-4.9091194554374e-4,-6.2955070738196e-4,-3.3677242809138e-4,-0.1791828601234651,-0.2297860081944154,-0.1229219362533537
Vegan,Dairy,dairy_soy,FL (mrh-eq),0.156418818750293,0.156269119054317,0.156578175597992,57.09286884385695,57.038228454825706,57.15103409326708
DGAplus,Dairy,dairy_tot,FL (mrh-eq),0,0,0,0,0,0
Med,Dairy,dairy_tot,FL (mrh-eq),0,0,0,0,0,0
US,Dairy,dairy_tot,FL (mrh-eq),0,0,0,0,0,0
Veg,Dairy,dairy_tot,FL (mrh-eq),0,0,0,0,0,0
Vegan,Dairy,dairy_tot,FL (mrh-eq),0,0,0,0,0,0
DGAplus,Fruit,fruit_exc_juice,FL (mrh-eq),0.0523282566193649,0.051205020523096,0.0534222584536628,19.09981366606819,18.68983249093004,19.499124335586924
Med,Fruit,fruit_exc_juice,FL (mrh-eq),0.0490595628722494,0.0480028593560306,0.0501498287638761,17.906740448371032,17.52104366495117,18.304687498814776
US,Fruit,fruit_exc_juice,FL (mrh-eq),0.0337464933835095,0.0326211211493995,0.0348853277504005,12.317470084980966,11.906709219530818,12.733144628896182
Veg,Fruit,fruit_exc_juice,FL (mrh-eq),0.0337220379931524,0.0326942096727923,0.0348121828808591,12.308543867500624,11.93338653056919,12.706446751513571
Vegan,Fruit,fruit_exc_juice,FL (mrh-eq),0.0337188120833743,0.032638051725315,0.0347877839229173,12.30736641043162,11.912888879739974,12.697541131864815
DGAplus,Fruit,fruit_juice,FL (mrh-eq),-0.0281319639876507,-0.0295842081627115,-0.0268121743932922,-10.268166855492506,-10.798235979389698,-9.786443653551652
Med,Fruit,fruit_juice,FL (mrh-eq),0.0501135607441183,0.0487248575590031,0.0516165323693806,18.291449671603182,17.78457300903613,18.84003431482392
US,Fruit,fruit_juice,FL (mrh-eq),0.0339417841563265,0.0325772679423514,0.0352556568210603,12.388751217059173,11.89070279895826,12.86831473968701
Veg,Fruit,fruit_juice,FL (mrh-eq),0.0338939560495205,0.0326085907862787,0.0352794634433794,12.371293958074983,11.902135636991726,12.87700415683348
Vegan,Fruit,fruit_juice,FL (mrh-eq),0.0338854529029963,0.0324773260811586,0.0352762113500914,12.368190309593649,11.85422401962289,12.875817142783362
DGAplus,Grains,gr_refined,FL (mrh-eq),-0.00959942323498659,-0.00979382067573736,-0.00942302725257633,-3.5037894807701053,-3.5747445466441365,-3.4394049471903605
Med,Grains,gr_refined,FL (mrh-eq),-0.00787491584422141,-0.00808475812715908,-0.00769352967884602,-2.8743442831408146,-2.950936716413064,-2.8081383327787974
US,Grains,gr_refined,FL (mrh-eq),-0.0078836448553603,-0.0080719653654827209,-0.00769219670527495,-2.8775303722065098,-2.946267358401193,-2.8076517974253568
Veg,Grains,gr_refined,FL (mrh-eq),-0.00788942084110127,-0.00807652997787687,-0.00770278267078778,-2.8796386070019633,-2.947933441925058,-2.81151567483754
Vegan,Grains,gr_refined,FL (mrh-eq),-0.00788481629968581,-0.00806488633132837,-0.00770468856055357,-2.877957949385321,-2.943683510934855,-2.8122113246020533
DGAplus,Grains,gr_whole,FL (mrh-eq),0.00847564003901565,0.00838128645051348,0.00858016338847174,3.093608614240712,3.0591695544374202,3.131759636792185
Med,Grains,gr_whole,FL (mrh-eq),0.00685355111538621,0.00675383468304747,0.00695412915484688,2.5015461571159667,2.4651496593123268,2.5382571415191113
US,Grains,gr_whole,FL (mrh-eq),0.00685727615994316,0.00675184553193623,0.00696809199694095,2.5029057983792535,2.4644236191567237,2.5433535788834467
Veg,Grains,gr_whole,FL (mrh-eq),0.00847787582567831,0.00837608004203584,0.00858113553988296,3.094424676372583,3.0572692153430814,3.1321144720572804
Vegan,Grains,gr_whole,FL (mrh-eq),0.00847350354195391,0.00837449753136333,0.00857472552017705,3.0928287928131772,3.0566915989476153,3.1297748148646236
DGAplus,Protein,leg_tot,FL (mrh-eq),0.00942920496890939,0.00925885778671148,0.00960559102426588,3.4416598136519276,3.37948309214969,3.506040723857046
Med,Protein,leg_tot,FL (mrh-eq),0.00286875684771024,0.00267121458905076,0.00305462812704751,1.0470962494142377,0.9749933250035273,1.1149392663723412
US,Protein,leg_tot,FL (mrh-eq),0.00287385078869454,0.00268812519129582,0.00305212441589851,1.0489555378735071,0.9811656948229742,1.114025411802956
Veg,Protein,leg_tot,FL (mrh-eq),0.0182039887479302,0.0180343110330058,0.0183849571387293,6.644455892994523,6.582523527047117,6.710509355636194
Vegan,Protein,leg_tot,FL (mrh-eq),0.020334781356002,0.0201626288707676,0.0205265861567646,7.42219519494073,7.359359537830174,7.492203947219079
DGAplus,Other,oil,FL (mrh-eq),-2.5193366080102e-4,-3.8170165644024e-4,-1.1601823820873e-4,-0.0919557861923723,-0.1393211046006876,-0.04234665694618645
Med,Other,oil,FL (mrh-eq),-2.5043768942383e-4,-3.8625622064252e-4,-1.2098585859201e-4,-0.09140975663969794,-0.1409835205345198,-0.04415983838608365
US,Other,oil,FL (mrh-eq),-2.4914891323133e-4,-3.825201983902e-4,-1.1735413606688e-4,-0.09093935332943545,-0.139619872412423,-0.0428342596644112
Veg,Other,oil,FL (mrh-eq),-2.5047349958807e-4,-3.8477317393334e-4,-1.2389223592084e-4,-0.09142282734964555,-0.1404422084856691,-0.0452206661111066
Vegan,Other,oil,FL (mrh-eq),-2.5123242202624e-4,-3.8258274316252e-4,-1.1490869340357e-4,-0.0916998340395776,-0.1396427012543198,-0.04194167309230305
DGAplus,Protein,pf_egg,FL (mrh-eq),-0.00663037111174085,-0.00700979625111892,-0.00627599687672846,-2.42008545578541,-2.558575631658406,-2.2907388600058876
Med,Protein,pf_egg,FL (mrh-eq),-0.00225657548094303,-0.00262646920933099,-0.00187939272371353,-0.8236500505442059,-0.9586612614058113,-0.6859783441554385
US,Protein,pf_egg,FL (mrh-eq),-0.00225716660566568,-0.00264897207028084,-0.00189205390642484,-0.8238658110679732,-0.9668748056525066,-0.6905996758450667
Veg,Protein,pf_egg,FL (mrh-eq),-0.00320075462343801,-0.00355822459571795,-0.00285440107075173,-1.1682754375548736,-1.2987519774370517,-1.0418563908243814
Vegan,Protein,pf_egg,FL (mrh-eq),-0.0113995640350107,-0.0117780792789807,-0.0110003687285425,-4.1608408727789055,-4.298998936827956,-4.0151345859180125
DGAplus,Protein,pf_ns,FL (mrh-eq),0.00904658700244568,0.0073855443721437,0.0106728294793414,3.3020042558926734,2.6957236958324504,3.895582759959611
Med,Protein,pf_ns,FL (mrh-eq),-0.0051514262627862404,-0.00679388635047288,-0.00359093431176105,-1.8802705859169777,-2.4797685179226012,-1.3106910237927833
US,Protein,pf_ns,FL (mrh-eq),-0.00518709374952116,-0.00681601145054073,-0.00350503188404075,-1.8932892185752233,-2.4878441794473662,-1.2793366376748738
Veg,Protein,pf_ns,FL (mrh-eq),0.00902862195272739,0.00730659655744851,0.0105464694658302,3.295447012745498,2.6669077434687063,3.8494613550280232
Vegan,Protein,pf_ns,FL (mrh-eq),0.0144078942186218,0.0128062368892254,0.0160295858353188,5.258881389796957,4.674276464567271,5.850798829891362
DGAplus,Protein,pf_pm,FL (mrh-eq),0,0,0,0,0,0
Med,Protein,pf_pm,FL (mrh-eq),0,0,0,0,0,0
US,Protein,pf_pm,FL (mrh-eq),0,0,0,0,0,0
Veg,Protein,pf_pm,FL (mrh-eq),0,0,0,0,0,0
Vegan,Protein,pf_pm,FL (mrh-eq),0,0,0,0,0,0
DGAplus,Protein,pf_poultry,FL (mrh-eq),0,0,0,0,0,0
Med,Protein,pf_poultry,FL (mrh-eq),0,0,0,0,0,0
US,Protein,pf_poultry,FL (mrh-eq),0,0,0,0,0,0
Veg,Protein,pf_poultry,FL (mrh-eq),0,0,0,0,0,0
Vegan,Protein,pf_poultry,FL (mrh-eq),0,0,0,0,0,0
DGAplus,Protein,pf_poultry_tot,FL (mrh-eq),-0.0121628109880931,-0.0128298170317271,-0.0114785056349487,-4.439426010653982,-4.682883216580391,-4.189654556756276
Med,Protein,pf_poultry_tot,FL (mrh-eq),-0.00546917365795347,-0.00610933128659108,-0.00475439980333515,-1.9962483851530166,-2.229905919605744,-1.7353559282173296
US,Protein,pf_poultry_tot,FL (mrh-eq),-0.00545401207697675,-0.0061333885707824,-0.00486469183248085,-1.9907144080965138,-2.238686828335576,-1.7756125188555103
Veg,Protein,pf_poultry_tot,FL (mrh-eq),-0.0267399858355572,-0.0274226913318222,-0.0261260837026075,-9.760094829978378,-10.009282336115103,-9.536020551451738
Vegan,Protein,pf_poultry_tot,FL (mrh-eq),-0.0267195957016572,-0.0273985927146284,-0.0260789255321144,-9.752652431104877,-10.000486340839366,-9.518807819221756
DGAplus,Protein,pf_redm,FL (mrh-eq),0,0,0,0,0,0
Med,Protein,pf_redm,FL (mrh-eq),0,0,0,0,0,0
US,Protein,pf_redm,FL (mrh-eq),0,0,0,0,0,0
Veg,Protein,pf_redm,FL (mrh-eq),0,0,0,0,0,0
Vegan,Protein,pf_redm,FL (mrh-eq),0,0,0,0,0,0
DGAplus,Protein,pf_redm_tot,FL (mrh-eq),-0.12295918995925,-0.126968654607279,-0.11933476242752,-44.88010433512625,-46.34355893165683,-43.5571882860448
Med,Protein,pf_redm_tot,FL (mrh-eq),-0.0317505202263626,-0.0354703763816612,-0.0277196513388473,-11.588939882622348,-12.946687379306338,-10.117672738679264
US,Protein,pf_redm_tot,FL (mrh-eq),-0.0318413236499948,-0.0359116366531768,-0.0280548729825704,-11.622083132248102,-13.107747378409533,-10.240028638638197
Veg,Protein,pf_redm_tot,FL (mrh-eq),-0.158899090112504,-0.162678069260627,-0.154998684457336,-57.99816789106396,-59.377495280128855,-56.57451982692764
Vegan,Protein,pf_redm_tot,FL (mrh-eq),-0.158879229298232,-0.162750437730217,-0.154813419413835,-57.99091869385468,-59.4039097715292,-56.50689808604977
DGAplus,Protein,pf_seafood,FL (mrh-eq),0.0275943915300204,0.0250347471321358,0.0302188426720729,10.071952908457446,9.137682703229567,11.029877575306609
Med,Protein,pf_seafood,FL (mrh-eq),0.11115983189385,0.108557413960872,0.113707522317675,40.57333864125525,39.62345609571828,41.503245645951374
US,Protein,pf_seafood,FL (mrh-eq),0.0378936399204926,0.0353312039712851,0.0403505780924526,13.831178570979798,12.89588944951906,14.727961003745198
Veg,Protein,pf_seafood,FL (mrh-eq),-0.0455947633703675,-0.0482575286572708,-0.0430869536921685,-16.642088630184137,-17.61399795990384,-15.726738097641503
Vegan,Protein,pf_seafood,FL (mrh-eq),-0.0455690982261405,-0.0481506703539803,-0.0430221958305313,-16.632720852541283,-17.57499467920281,-15.703101478143925
DGAplus,Other,sat_fat,FL (mrh-eq),-0.0210925736644914,-0.0214078879503915,-0.0207943081322154,-7.698789387539361,-7.813879101892897,-7.589922468258621
Med,Other,sat_fat,FL (mrh-eq),-0.0220674586793528,-0.0223776648917107,-0.0217433907445647,-8.054622417963772,-8.167847685474406,-7.936337621766115
US,Other,sat_fat,FL (mrh-eq),-0.0220831296318389,-0.0223963213141779,-0.0217558405040093,-8.060342315621199,-8.174657279674934,-7.940881783963395
Veg,Other,sat_fat,FL (mrh-eq),-0.0210980732570108,-0.0214084026637076,-0.0207860953423941,-7.7007967388089416,-7.814066972253274,-7.586924799973847
Vegan,Other,sat_fat,FL (mrh-eq),-0.021079050690853,-0.0214035028898922,-0.0207724571577743,-7.693853502161344,-7.812278554810653,-7.58194686258762
DGAplus,Other,sodium,FL (mrh-eq),0,0,0,0,0,0
Med,Other,sodium,FL (mrh-eq),0,0,0,0,0,0
US,Other,sodium,FL (mrh-eq),0,0,0,0,0,0
Veg,Other,sodium,FL (mrh-eq),0,0,0,0,0,0
Vegan,Other,sodium,FL (mrh-eq),0,0,0,0,0,0
DGAplus,Other,ssb,FL (mrh-eq),0,0,0,0,0,0
Med,Other,ssb,FL (mrh-eq),0,0,0,0,0,0
US,Other,ssb,FL (mrh-eq),0,0,0,0,0,0
Veg,Other,ssb,FL (mrh-eq),0,0,0,0,0,0
Vegan,Other,ssb,FL (mrh-eq),0,0,0,0,0,0
DGAplus,Vegetables,veg_dg,FL (mrh-eq),0.00126638002358285,0.00100460252290371,0.00152120908151902,0.46222870860774024,0.3666799208598541,0.5552413147544423
Med,Vegetables,veg_dg,FL (mrh-eq),0.00126861813728423,0.0010290950791505,0.00151544064443374,0.46304562010874395,0.3756197038899325,0.5531358352183151
US,Vegetables,veg_dg,FL (mrh-eq),0.0012725253373984,0.00104655765544719,0.00150827912302922,0.46447174815041603,0.38199354423822435,0.5505218799056653
Veg,Vegetables,veg_dg,FL (mrh-eq),0.00126891213107277,0.00101297161518717,0.00152035443574093,0.46315292784156104,0.36973463954331703,0.5549293690454394
Vegan,Vegetables,veg_dg,FL (mrh-eq),0.00126026128600648,0.00102579943942854,0.00150176611659265,0.4599953693923652,0.3744167953914171,0.5481446325563172
DGAplus,Vegetables,veg_exc_sta,FL (mrh-eq),0,0,0,6.2255329102186625,5.823672759284053,6.612211046067417
Med,Vegetables,veg_exc_sta,FL (mrh-eq),0,0,0,6.220478118925043,5.841078313745919,6.618431705936876
US,Vegetables,veg_exc_sta,FL (mrh-eq),0,0,0,6.222122497489394,5.8431827394197215,6.602222741196673
Veg,Vegetables,veg_exc_sta,FL (mrh-eq),0,0,0,6.227963145371889,5.853843636817695,6.6079605103233225
Vegan,Vegetables,veg_exc_sta,FL (mrh-eq),0,0,0,6.2185441485942015,5.838005143369045,6.588416857294871
DGAplus,Vegetables,veg_oth,FL (mrh-eq),4.9792374141423e-4,1.49264891073282e-5,9.4633071969895e-4,0.18174216561619394,0.005448168524174793,0.34541071269011675
Med,Vegetables,veg_oth,FL (mrh-eq),4.9967416317806e-4,5.10239247050933e-5,9.7068837608417e-4,0.1823810695599919,0.018623732517359055,0.35430125727072204
US,Vegetables,veg_oth,FL (mrh-eq),4.9666302065274e-4,1.98640962677437e-5,9.5906058059049e-4,0.1812820025382501,0.007250395137726451,0.35005711191552885
Veg,Vegetables,veg_oth,FL (mrh-eq),5.001990343159e-4,6.56955184828043e-5,9.4054251810766e-4,0.18257264752530347,0.02397886424622357,0.3432980191092959
Vegan,Vegetables,veg_oth,FL (mrh-eq),4.9404471094719e-4,3.40668430575083e-5,9.2312524259027e-4,0.18032631949572436,0.01243439771599053,0.3369407135454486
DGAplus,Vegetables,veg_ro,FL (mrh-eq),0.0152919507835472,0.0149357388216439,0.0156481069003366,5.581562035994728,5.451544669900024,5.711559018622858
Med,Vegetables,veg_ro,FL (mrh-eq),0.0152741135048118,0.0149228352803798,0.0156465605847886,5.575051429256307,5.446834877338627,5.710994613447839
US,Vegetables,veg_ro,FL (mrh-eq),0.0152777225939746,0.0149422980823117,0.0156209417791109,5.576368746800728,5.453938800043771,5.701643749375479
Veg,Vegetables,veg_ro,FL (mrh-eq),0.0152938015616576,0.0149592606384333,0.0156431044442975,5.582237570005024,5.460130133028154,5.709733122168587
Vegan,Vegetables,veg_ro,FL (mrh-eq),0.0152828012594688,0.0149346683568812,0.0156255657840907,5.578222459706112,5.451153950261638,5.703331511193105
DGAplus,Vegetables,veg_sta,FL (mrh-eq),0.00164223148683409,0.00157639643847868,0.00171539644258405,0.5994144926944429,0.5753847000447182,0.6261197015431783
Med,Vegetables,veg_sta,FL (mrh-eq),0.00164454347620388,0.00156807868651172,0.00171466187282902,0.6002583688144162,0.5723487205767778,0.6258515835825923
US,Vegetables,veg_sta,FL (mrh-eq),0.00164452224171983,0.00157792620095818,0.00171344880451182,0.600250618227738,0.5759430633497357,0.6254088136468143
Veg,Vegetables,veg_sta,FL (mrh-eq),0.00164154377887172,0.00157477951104932,0.00172391847897153,0.5991634792881778,0.5747945215330018,0.6292302448246084
Vegan,Vegetables,veg_sta,FL (mrh-eq),0.00164517544294902,0.00157193153881057,0.00171280964815395,0.6004890366763923,0.5737550116658581,0.6251755215761917
DGAplus,Other,added_sugar,Food_price (USD),-0.832503371840368,-0.849851576546378,-0.816051880534826,-303.8637307217343,-310.19582543942795,-297.8589363952115
Med,Other,added_sugar,Food_price (USD),-0.837004867199344,-0.854300767929101,-0.818771920638883,-305.50677652776056,-311.81978029412187,-298.85175103319233
US,Other,added_sugar,Food_price (USD),-0.836944694930488,-0.855186493432427,-0.819670263095131,-305.4848136496281,-312.14307010283585,-299.17964602972285
Veg,Other,added_sugar,Food_price (USD),-0.83244434552306,-0.85032512610671,-0.814226722859222,-303.8421861159169,-310.3686710289491,-297.19275384361606
Vegan,Other,added_sugar,Food_price (USD),-0.832181678584246,-0.849071300193972,-0.814970986543441,-303.74631268324976,-309.9110245707998,-297.464410088356
DGAplus,Dairy,dairy_cow,Food_price (USD),0,0,0,0,0,0
Med,Dairy,dairy_cow,Food_price (USD),0,0,0,0,0,0
US,Dairy,dairy_cow,Food_price (USD),0,0,0,0,0,0
Veg,Dairy,dairy_cow,Food_price (USD),0,0,0,0,0,0
Vegan,Dairy,dairy_cow,Food_price (USD),0,0,0,0,0,0
DGAplus,Dairy,dairy_soy,Food_price (USD),0,0,0,0,0,0
Med,Dairy,dairy_soy,Food_price (USD),0,0,0,0,0,0
US,Dairy,dairy_soy,Food_price (USD),0,0,0,0,0,0
Veg,Dairy,dairy_soy,Food_price (USD),0,0,0,0,0,0
Vegan,Dairy,dairy_soy,Food_price (USD),0,0,0,0,0,0
DGAplus,Dairy,dairy_tot,Food_price (USD),0.650920700814907,0.637452869779391,0.66484044312269,237.58605579744108,232.6702974694777,242.66676173978183
Med,Dairy,dairy_tot,Food_price (USD),0.246630708439619,0.233295916489537,0.259767309859776,90.02020858046095,85.153009518681,94.81506809881823
US,Dairy,dairy_tot,Food_price (USD),0.651505238827433,0.638116378288664,0.663587875700098,237.79941217201306,232.91247807536234,242.20957463053577
Veg,Dairy,dairy_tot,Food_price (USD),0.651020569241965,0.63650658155562,0.663823056054126,237.62250777331724,232.3249022678013,242.29541545975596
Vegan,Dairy,dairy_tot,Food_price (USD),-0.56196653315237,-0.575803093511005,-0.547717664200628,-205.11778460061504,-210.16812913151682,-199.9169474332292
DGAplus,Fruit,fruit_exc_juice,Food_price (USD),2.35788792824358,2.30495578168367,2.40988585477566,860.6290938089068,841.3088603145395,879.6083369931159
Med,Fruit,fruit_exc_juice,Food_price (USD),2.21102288409696,2.16054145697688,2.26212893939565,807.0233526953904,788.5976317965612,825.6770628794122
US,Fruit,fruit_exc_juice,Food_price (USD),1.51961894385776,1.4674486954782,1.57615116008344,554.6609145080824,535.618773849543,575.2951734304555
Veg,Fruit,fruit_exc_juice,Food_price (USD),1.51794022189727,1.4705992232132299,1.56894691581701,554.0481809925035,536.7687164728289,572.6656242732087
Vegan,Fruit,fruit_exc_juice,Food_price (USD),1.51839708555161,1.46593376453894,1.56833086115623,554.2149362263376,535.0658240567132,572.4407643220239
DGAplus,Fruit,fruit_juice,Food_price (USD),-0.122584618862774,-0.128843580139631,-0.116662977025951,-44.743385884912506,-47.02790675096531,-42.581986614472115
Med,Fruit,fruit_juice,Food_price (USD),0.220045525502006,0.213744383424004,0.226849928393385,80.3166168082322,78.01669994976146,82.80022386358553
US,Fruit,fruit_juice,Food_price (USD),0.149293965416747,0.143111722915059,0.155095355937191,54.492297377112656,52.235778863996536,56.60980491707472
Veg,Fruit,fruit_juice,Food_price (USD),0.149095470631875,0.143139729414373,0.155413177391265,54.41984678063438,52.246001236246144,56.72580974781173
Vegan,Fruit,fruit_juice,Food_price (USD),0.148988423784511,0.142494632652678,0.155324546573383,54.380774681346516,52.01054091822747,56.69345949928479
DGAplus,Grains,gr_refined,Food_price (USD),-1.27004159253141,-1.29691294684616,-1.24570768589511,-463.56518127396464,-473.3732255988484,-454.68330535171515
Med,Grains,gr_refined,Food_price (USD),-1.03589438961624,-1.06366508754297,-1.01061450461786,-378.10145220992763,-388.2377569531841,-368.8742941855189
US,Grains,gr_refined,Food_price (USD),-1.03658868047992,-1.06420217403629,-1.01127607905989,-378.35486837517084,-388.4337935232458,-369.11576885685986
Veg,Grains,gr_refined,Food_price (USD),-1.0362021844443,-1.06154522118098,-1.00822850323922,-378.21379732216946,-387.4640057310577,-368.0034036823153
Vegan,Grains,gr_refined,Food_price (USD),-1.03637300355146,-1.06232481169785,-1.01039850559776,-378.2761462962829,-387.74855626971527,-368.7954545431824
DGAplus,Grains,gr_whole,Food_price (USD),0.918977022638066,0.908443144551885,0.930177811370794,335.4266132628941,331.581747761438,339.5149011503398
Med,Grains,gr_whole,Food_price (USD),0.743967776244547,0.733829827048124,0.754553339071824,271.5482383292597,267.84788687256525,275.41196876121575
US,Grains,gr_whole,Food_price (USD),0.744195821806367,0.73360005824815,0.755025975489156,271.63147495932395,267.76402126057474,275.58448105354194
Veg,Grains,gr_whole,Food_price (USD),0.919089961667635,0.908828389325242,0.929350709966068,335.4678360086868,331.72236210371335,339.2130091376148
Vegan,Grains,gr_whole,Food_price (USD),0.918706437506643,0.908440364891932,0.929778587755742,335.32784968992473,331.5807331855552,339.3691845308458
DGAplus,Protein,leg_tot,Food_price (USD),0.274216570458011,0.269133775487429,0.279604416837172,100.08904821717402,98.23382805291159,102.05561214556779
Med,Protein,leg_tot,Food_price (USD),0.0841547059168467,0.078629231732633,0.0898562793637134,30.716467659649048,28.699669582411047,32.79754196775539
US,Protein,leg_tot,Food_price (USD),0.0841836749871101,0.0788274165881284,0.0892657150413602,30.727041370295186,28.77200705466687,32.58198599009648
Veg,Protein,leg_tot,Food_price (USD),0.528673319975642,0.523956623011448,0.53420353987874,192.96576179110934,191.2441673991785,194.9842920557401
Vegan,Protein,leg_tot,Food_price (USD),0.590513587652075,0.585207142719366,0.59605643527306,215.53745949300736,213.6006070925686,217.56059887466688
DGAplus,Other,oil,Food_price (USD),-0.00507764729883177,-0.00831412160315406,-0.00191479649133354,-1.8533412640735962,-3.034654385151232,-0.698900719336742
Med,Other,oil,Food_price (USD),-0.00498487481283962,-0.00813513689617816,-0.00172323363155047,-1.8194793066864612,-2.969324967105029,-0.6289802755159215
US,Other,oil,Food_price (USD),-0.00500790801365523,-0.00828695476035917,-0.00178082383016789,-1.8278864249841589,-3.0247384875310974,-0.6500006980112798
Veg,Other,oil,Food_price (USD),-0.00507460764328686,-0.00818214412545358,-0.00178772753520924,-1.8522317897997038,-2.986482605790557,-0.6525205503513726
Vegan,Other,oil,Food_price (USD),-0.00491832471292843,-0.0082856317302214,-0.0017504801011278,-1.7951885202188769,-3.024255581530811,-0.6389252369116469
DGAplus,Protein,pf_egg,Food_price (USD),-0.707515306316297,-0.75651134303446,-0.655127828894648,-258.2430868054484,-276.1266402075779,-239.12165754654654
Med,Protein,pf_egg,Food_price (USD),-0.227397256835158,-0.279054575721304,-0.175317340375039,-82.99999874483267,-101.85492013827596,-63.99082923688923
US,Protein,pf_egg,Food_price (USD),-0.228307672766798,-0.277233329626306,-0.181399811979262,-83.33230055988128,-101.19016531360168,-66.21093137243064
Veg,Protein,pf_egg,Food_price (USD),-0.331602206798405,-0.382616764581574,-0.277561097785683,-121.03480548141783,-139.65511907227452,-101.3098006917743
Vegan,Protein,pf_egg,Food_price (USD),-1.22444361098132,-1.27660535361952,-1.17260518370639,-446.92191800818176,-465.96095407112483,-428.00089205283234
DGAplus,Protein,pf_ns,Food_price (USD),0.0672732822160279,0.0573096252187994,0.0771077888792877,24.554748008850183,20.91801320486178,28.14434294094001
Med,Protein,pf_ns,Food_price (USD),-0.026960098638719,-0.0368577523630728,-0.0171484995432818,-9.840436003132435,-13.453079612521572,-6.259202333297857
US,Protein,pf_ns,Food_price (USD),-0.026864121701944,-0.0368988698142365,-0.0169131124148484,-9.80540442120956,-13.468087482196323,-6.173286031419666
Veg,Protein,pf_ns,Food_price (USD),0.0669747073936867,0.0566558319545419,0.0762011088065455,24.445768198695646,20.679378663407793,27.813404714389108
Vegan,Protein,pf_ns,Food_price (USD),0.102483355941003,0.0934118901313316,0.112380676376228,37.406424918466094,34.095339897936036,41.01894687732322
DGAplus,Protein,pf_pm,Food_price (USD),-0.860394855676157,-0.88907964381754,-0.830655633640866,-314.0441223217973,-324.51406999340213,-303.1893062789161
Med,Protein,pf_pm,Food_price (USD),-0.17912695052256,-0.208785559071344,-0.149799008159634,-65.3813369407344,-76.20672906104056,-54.67663797826641
US,Protein,pf_pm,Food_price (USD),-0.17719978477642,-0.207608292398102,-0.146570644416276,-64.6779214433933,-75.77702672530722,-53.49828521194075
Veg,Protein,pf_pm,Food_price (USD),-0.861135361018659,-0.89039493881234,-0.831388901835553,-314.3144067718105,-324.9941526665041,-303.45694916997684
Vegan,Protein,pf_pm,Food_price (USD),-0.862689611374534,-0.890404151953251,-0.832506916739799,-314.8817081517049,-324.9975154629366,-303.86502461002664
DGAplus,Protein,pf_poultry,Food_price (USD),-0.634261262973283,-0.689815175488063,-0.585213705145439,-231.5053609852483,-251.782539053143,-213.60300237808525
Med,Protein,pf_poultry,Food_price (USD),-0.361389994874503,-0.409571353948334,-0.310206126689113,-131.9073481291936,-149.49354419114192,-113.22523624152625
US,Protein,pf_poultry,Food_price (USD),-0.360021609772673,-0.409930730339448,-0.312117411281835,-131.40788756702565,-149.62471657389852,-113.92285511786977
Veg,Protein,pf_poultry,Food_price (USD),-1.65510346737936,-1.70409364178778,-1.60513906295605,-604.1127655934664,-621.9941792525397,-585.8757579789583
Vegan,Protein,pf_poultry,Food_price (USD),-1.65550540324341,-1.70640676453935,-1.60717896633199,-604.2594721838447,-622.8384690568627,-586.6203227111763
DGAplus,Protein,pf_poultry_tot,Food_price (USD),0,0,0,0,0,0
Med,Protein,pf_poultry_tot,Food_price (USD),0,0,0,0,0,0
US,Protein,pf_poultry_tot,Food_price (USD),0,0,0,0,0,0
Veg,Protein,pf_poultry_tot,Food_price (USD),0,0,0,0,0,0
Vegan,Protein,pf_poultry_tot,Food_price (USD),0,0,0,0,0,0
DGAplus,Protein,pf_redm,Food_price (USD),-2.00618053086122,-2.12282482821841,-1.89823783120729,-732.2558937643453,-774.8310622997196,-692.8568083906608
Med,Protein,pf_redm,Food_price (USD),-0.601693836843061,-0.713387252151126,-0.49327510082606,-219.61825044771726,-260.38634703516095,-180.0454118015119
US,Protein,pf_redm,Food_price (USD),-0.604839964618181,-0.71504409142496,-0.492679555533336,-220.76658708563608,-260.9910933701104,-179.82803776966765
Veg,Protein,pf_redm,Food_price (USD),-2.99419335384043,-3.10350720949585,-2.88655322053654,-1092.880574151757,-1132.7801314659853,-1053.5919254958371
Vegan,Protein,pf_redm,Food_price (USD),-2.99591760675766,-3.11186606511767,-2.89132634247244,-1093.509926466546,-1135.8311137679495,-1055.3341150024405
DGAplus,Protein,pf_redm_tot,Food_price (USD),0,0,0,0,0,0
Med,Protein,pf_redm_tot,Food_price (USD),0,0,0,0,0,0
US,Protein,pf_redm_tot,Food_price (USD),0,0,0,0,0,0
Veg,Protein,pf_redm_tot,Food_price (USD),0,0,0,0,0,0
Vegan,Protein,pf_redm_tot,Food_price (USD),0,0,0,0,0,0
DGAplus,Protein,pf_seafood,Food_price (USD),0.963650220443242,0.858991200983369,1.05371801993828,351.7323304617833,313.5317883589297,384.60707727747223
Med,Protein,pf_seafood,Food_price (USD),3.74647145934233,3.64516686285904,3.8423425045844,1367.4620826599505,1330.4859049435495,1402.455014173306
US,Protein,pf_seafood,Food_price (USD),1.30825142447167,1.20760193750519,1.40726471906846,477.5117699321596,440.77470718939435,513.6516224599878
Veg,Protein,pf_seafood,Food_price (USD),-1.4780844010473,-1.58151930068403,-1.37804382867256,-539.5008063822645,-577.2545447496709,-502.9859974654844
Vegan,Protein,pf_seafood,Food_price (USD),-1.47482046023281,-1.57569164530816,-1.36321556530368,-538.3094679849756,-575.1274505374784,-497.57368133584316
DGAplus,Other,sat_fat,Food_price (USD),-0.0831092775944752,-0.0845511596380213,-0.0817352542764879,-30.334886321983447,-30.861173267877774,-29.83336781091808
Med,Other,sat_fat,Food_price (USD),-0.0869436664593404,-0.0883844996534268,-0.0854465058597122,-31.734438257659246,-32.260342373500784,-31.18797463879495
US,Other,sat_fat,Food_price (USD),-0.0869979238624477,-0.088457899225346,-0.085511554448354593,-31.75424220979341,-32.28713321725129,-31.211717373649428
Veg,Other,sat_fat,Food_price (USD),-0.0831114672174617,-0.0844862426598225,-0.0817467659921851,-30.335685534373518,-30.837478570835213,-29.83756958714756
Vegan,Other,sat_fat,Food_price (USD),-0.0830571735422531,-0.0845236854207444,-0.0816820380098761,-30.315868342922382,-30.851145178571706,-29.813943873604774
DGAplus,Other,sodium,Food_price (USD),0,0,0,0,0,0
Med,Other,sodium,Food_price (USD),0,0,0,0,0,0
US,Other,sodium,Food_price (USD),0,0,0,0,0,0
Veg,Other,sodium,Food_price (USD),0,0,0,0,0,0
Vegan,Other,sodium,Food_price (USD),0,0,0,0,0,0
DGAplus,Other,ssb,Food_price (USD),0,0,0,0,0,0
Med,Other,ssb,Food_price (USD),0,0,0,0,0,0
US,Other,ssb,Food_price (USD),0,0,0,0,0,0
Veg,Other,ssb,Food_price (USD),0,0,0,0,0,0
Vegan,Other,ssb,Food_price (USD),0,0,0,0,0,0
DGAplus,Vegetables,veg_dg,Food_price (USD),0.074307176010402,0.0570426880133548,0.0918869278779591,27.122119243796732,20.8205811248745,33.53872867545507
Med,Vegetables,veg_dg,Food_price (USD),0.0747035007515093,0.0577968685898994,0.0909382318712895,27.266777774300895,21.09585703531328,33.19245463302067
US,Vegetables,veg_dg,Food_price (USD),0.0749107571267145,0.0590722153257892,0.0904631697205444,27.34242635125079,21.561358593913056,33.019056947998706
Veg,Vegetables,veg_dg,Food_price (USD),0.0742758391167326,0.0564406114335586,0.0915949292496558,27.1106812776074,20.60082317324889,33.43214917612437
Vegan,Vegetables,veg_dg,Food_price (USD),0.0736953953072127,0.0561459229207873,0.090940978137301,26.898819287132635,20.493261866087366,33.19345702011486
DGAplus,Vegetables,veg_exc_sta,Food_price (USD),0,0,0,233.26531120212243,205.5935536613162,261.805244920266
Med,Vegetables,veg_exc_sta,Food_price (USD),0,0,0,233.59011993105275,207.46718574387359,261.25999887183406
US,Vegetables,veg_exc_sta,Food_price (USD),0,0,0,234.0163797483913,205.67391236402796,260.22486284360957
Veg,Vegetables,veg_exc_sta,Food_price (USD),0,0,0,233.71241142923367,206.6998329351401,260.76531904622124
Vegan,Vegetables,veg_exc_sta,Food_price (USD),0,0,0,233.49302526015111,204.93538015398474,260.6771240567108
DGAplus,Vegetables,veg_oth,Food_price (USD),0.0723165028078695,0.0245779750040305,0.122351611645575,26.395523524872367,8.970960876471132,44.65833825063487
Med,Vegetables,veg_oth,Food_price (USD),0.0733293101169994,0.0286951911554859,0.122319728377098,26.765198192704784,10.473744771752354,44.64670085764077
US,Vegetables,veg_oth,Food_price (USD),0.0742456183061302,0.0223277834857723,0.120517188620691,27.099650681737526,8.14964097230689,43.98877384655221
Veg,Vegetables,veg_oth,Food_price (USD),0.0734960625236078,0.0275926358079872,0.120138768035488,26.826062821116846,10.071312069915328,43.850650332953116
Vegan,Vegetables,veg_oth,Food_price (USD),0.0736371998883862,0.0242249843172267,0.120535230547732,26.87757795926096,8.842119275787747,43.99535914992218
DGAplus,Vegetables,veg_ro,Food_price (USD),0.492459365571105,0.481649347013618,0.503036104093633,179.74766843345333,175.80201165997056,183.60817799417603
Med,Vegetables,veg_ro,Food_price (USD),0.491940120449444,0.481911188867967,0.502522858578555,179.55814396404708,175.89758393680796,183.4208433811726
US,Vegetables,veg_ro,Food_price (USD),0.491984391001104,0.482090172048789,0.501964471367284,179.57430271540298,175.962912797808,183.21703204905864
Veg,Vegetables,veg_ro,Food_price (USD),0.492536074878108,0.482267664909523,0.502691834348339,179.77566733050944,176.0276976919759,183.48251953714373
Vegan,Vegetables,veg_ro,Food_price (USD),0.492374323325363,0.48109588770441,0.502707692840202,179.71662801375751,175.59999901210963,183.48830788667374
DGAplus,Vegetables,veg_sta,Food_price (USD),0.210432580884951,0.201130710337116,0.220872320512152,76.80789202300711,73.41270927304734,80.61839698693548
Med,Vegetables,veg_sta,Food_price (USD),0.21070055763118,0.199883789264136,0.220433505626827,76.90570353538071,72.95758308140964,80.45822955379185
US,Vegetables,veg_sta,Food_price (USD),0.210565418394648,0.201145513456211,0.22106169228463,76.85637771404653,73.41811241151701,80.68751768388995
Veg,Vegetables,veg_sta,Food_price (USD),0.210486219754897,0.200976198173652,0.22180803103282,76.82747021053741,73.35631233338299,80.9599313269793
Vegan,Vegetables,veg_sta,Food_price (USD),0.210852024183448,0.200680383689662,0.220269851605497,76.96098882695853,73.24834004672664,80.3984958360064
DGAplus,Other,added_sugar,GHG (kgCO2-eq),-0.0526105564468256,-0.0536556471395406,-0.0515064325607569,-19.202853103091343,-19.58431120593232,-18.799847884676268
Med,Other,added_sugar,GHG (kgCO2-eq),-0.0528849414180176,-0.0539314119150589,-0.0517426826384515,-19.303003617576422,-19.6849653489965,-18.886079163034797
US,Other,added_sugar,GHG (kgCO2-eq),-0.0528977351564886,-0.0540838764827594,-0.0518041202575119,-19.30767333211834,-19.740614916207182,-18.908503893991846
Veg,Other,added_sugar,GHG (kgCO2-eq),-0.052622216334404,-0.053787282161362,-0.0515195537532789,-19.207108962057458,-19.63235798889713,-18.804637119946797
Vegan,Other,added_sugar,GHG (kgCO2-eq),-0.0526007638130343,-0.0536937553922453,-0.0515511337209042,-19.19927879175752,-19.598220718169536,-18.816163808130035
DGAplus,Dairy,dairy_cow,GHG (kgCO2-eq),0.555433318711694,0.546887333726471,0.564148943924956,202.7331613297683,199.6138768101619,205.91436453260891
Med,Dairy,dairy_cow,GHG (kgCO2-eq),0.213887823070271,0.204852030881494,0.222835457863797,78.06905542064891,74.77099127174532,81.3349421202859
US,Dairy,dairy_cow,GHG (kgCO2-eq),0.555272635826361,0.546928933929951,0.564227616936016,202.67451207662177,199.6290608844321,205.94308018164583
Veg,Dairy,dairy_cow,GHG (kgCO2-eq),0.55585963638233,0.546942746115416,0.564625479063052,202.88876727955048,199.63410233212684,206.088299858014
Vegan,Dairy,dairy_cow,GHG (kgCO2-eq),-0.469885451130035,-0.478735599299444,-0.461606284987364,-171.50818966246277,-174.73849374429705,-168.48629402038787
DGAplus,Dairy,dairy_soy,GHG (kgCO2-eq),-4.4681424538823e-4,-5.716881107464e-4,-3.1955995896234e-4,-0.16308719956670395,-0.208666160422436,-0.11663938502125411
Med,Dairy,dairy_soy,GHG (kgCO2-eq),-4.4289792969955e-4,-5.8827923208748e-4,-3.1544817891248e-4,-0.16165774434033575,-0.21472191971193022,-0.11513858530305521
US,Dairy,dairy_soy,GHG (kgCO2-eq),-4.4814943001703e-4,-5.8946433348187e-4,-3.0856092429986e-4,-0.16357454195621596,-0.21515448172088256,-0.1126247373694489
Veg,Dairy,dairy_soy,GHG (kgCO2-eq),-4.4913295260045e-4,-5.7597288186782e-4,-3.0811145737261e-4,-0.16393352769916425,-0.21023010188175428,-0.11246068194100266
Vegan,Dairy,dairy_soy,GHG (kgCO2-eq),0.143106816905385,0.142969857381244,0.143252611710694,52.23398817046552,52.18399794415406,52.28720327440331
DGAplus,Dairy,dairy_tot,GHG (kgCO2-eq),0,0,0,0,0,0
Med,Dairy,dairy_tot,GHG (kgCO2-eq),0,0,0,0,0,0
US,Dairy,dairy_tot,GHG (kgCO2-eq),0,0,0,0,0,0
Veg,Dairy,dairy_tot,GHG (kgCO2-eq),0,0,0,0,0,0
Vegan,Dairy,dairy_tot,GHG (kgCO2-eq),0,0,0,0,0,0
DGAplus,Fruit,fruit_exc_juice,GHG (kgCO2-eq),0.111385992996708,0.108948381376351,0.113741071517696,40.65588744379842,39.766159202368115,41.515491103959036
Med,Fruit,fruit_exc_juice,GHG (kgCO2-eq),0.10439290058319,0.102046520105479,0.106853457806391,38.10340871286435,37.24697983849983,39.001512099332714
US,Fruit,fruit_exc_juice,GHG (kgCO2-eq),0.0717896531125753,0.0693396076600623,0.0743391876118478,26.203223386089988,25.308956795922736,27.133803478324445
Veg,Fruit,fruit_exc_juice,GHG (kgCO2-eq),0.0717435447677986,0.0695572566487673,0.0741420617309244,26.186393840246488,25.388398676800065,27.061852531787405
Vegan,Fruit,fruit_exc_juice,GHG (kgCO2-eq),0.0717340885338327,0.0693734478589182,0.0740300961435633,26.182942314848937,25.321308468505144,27.020985092400604
DGAplus,Fruit,fruit_juice,GHG (kgCO2-eq),-0.0569954276226533,-0.0599108094488747,-0.0543043271788478,-20.803331082268453,-21.867445448839263,-19.821079420279446
Med,Fruit,fruit_juice,GHG (kgCO2-eq),0.100149683723788,0.0973032241444542,0.10318441287478,36.554634559182624,35.515676812725786,37.6623106992947
US,Fruit,fruit_juice,GHG (kgCO2-eq),0.06764912171695,0.0648665116374396,0.0702805216112198,24.69192942668675,23.676276747665455,25.652390388095224
Veg,Fruit,fruit_juice,GHG (kgCO2-eq),0.0675700381407329,0.0648672443870283,0.0704540240796771,24.663063921367506,23.67654420126533,25.715718789082143
Vegan,Fruit,fruit_juice,GHG (kgCO2-eq),0.0675442517193637,0.0646117352462908,0.0705217888971947,24.653651877567746,23.58328336489614,25.740452947476065
DGAplus,Grains,gr_refined,GHG (kgCO2-eq),-0.0739852281768525,-0.0754495679125495,-0.072667025346275,-27.004608284551164,-27.539092288080568,-26.523464251390376
Med,Grains,gr_refined,GHG (kgCO2-eq),-0.0608040537418857,-0.0623583251917519,-0.0594178951514895,-22.19347961578828,-22.760788694989444,-21.687531730293667
US,Grains,gr_refined,GHG (kgCO2-eq),-0.0608695111507692,-0.0623211102505963,-0.059422232531199,-22.217371570030757,-22.74720524146765,-21.689114873887636
Veg,Grains,gr_refined,GHG (kgCO2-eq),-0.0608695474088444,-0.0622768901157797,-0.0594296166821031,-22.217384804228207,-22.73106489225959,-21.69181008896763
Vegan,Grains,gr_refined,GHG (kgCO2-eq),-0.0608521118200174,-0.0622412401802422,-0.0594979352077471,-22.21102081430635,-22.718052665788402,-21.71674635082769
DGAplus,Grains,gr_whole,GHG (kgCO2-eq),0.0753121432475319,0.0744610193835956,0.0762478880774281,27.488932285349144,27.178272075012394,27.830479148261258
Med,Grains,gr_whole,GHG (kgCO2-eq),0.0608790029960453,0.060002869176468,0.0617471629630355,22.220836093556535,21.90104724941082,22.537714481507958
US,Grains,gr_whole,GHG (kgCO2-eq),0.0608866902956382,0.0599796517914548,0.0618600381604554,22.223641957907944,21.892572903881003,22.57891392856622
Veg,Grains,gr_whole,GHG (kgCO2-eq),0.0753341349170371,0.0744384555684562,0.0762096235749186,27.49695924471854,27.170036282486514,27.81651260484529
Vegan,Grains,gr_whole,GHG (kgCO2-eq),0.0752752513480168,0.0744153603515383,0.0761999599150564,27.475466742026132,27.161606528311477,27.812985368995587
DGAplus,Protein,leg_tot,GHG (kgCO2-eq),0.0380073563804723,0.0373282258618569,0.0387478635806142,13.872685078872388,13.624802439577767,14.142970206924184
Med,Protein,leg_tot,GHG (kgCO2-eq),0.0117317251714164,0.0109755373171983,0.0124999757662083,4.282079687566986,4.00607112077738,4.56249115466603
US,Protein,leg_tot,GHG (kgCO2-eq),0.0117367306695702,0.0109989492390757,0.0124679754574787,4.283906694393123,4.01461647226263,4.550811041979726
Veg,Protein,leg_tot,GHG (kgCO2-eq),0.0731854503788266,0.0725024689809735,0.0739253369514132,26.712689388271706,26.463401178055328,26.98274798726582
Vegan,Protein,leg_tot,GHG (kgCO2-eq),0.081719046992093,0.0810444182461555,0.0824632039598854,29.827452152113942,29.58121265984676,30.09906944535817
DGAplus,Other,oil,GHG (kgCO2-eq),-7.809180500205e-4,-0.00119079765324973,-3.583764248778e-4,-0.2850350882574825,-0.43464114343615146,-0.130807395080397
Med,Other,oil,GHG (kgCO2-eq),-7.7220866573594e-4,-0.00120306642552765,-3.6079960615009e-4,-0.2818561629936181,-0.4391192453175923,-0.13169185624478286
US,Other,oil,GHG (kgCO2-eq),-7.7203464814263e-4,-0.00118365094533979,-3.6197623918302e-4,-0.28179264657205993,-0.43203259504902336,-0.1321213273018023
Veg,Other,oil,GHG (kgCO2-eq),-7.7636390235684e-4,-0.00118853763578586,-3.7973395523594e-4,-0.28337282436024663,-0.4338162370618389,-0.13860289366111808
Vegan,Other,oil,GHG (kgCO2-eq),-7.748509452644e-4,-0.00118914457274495,-3.5962979309366e-4,-0.28282059502150597,-0.4340377690519068,-0.13126487447918592
DGAplus,Protein,pf_egg,GHG (kgCO2-eq),-0.0747946845632233,-0.0790230271156037,-0.0708102338171057,-27.300059865576504,-28.843404897195352,-25.845735343243582
Med,Protein,pf_egg,GHG (kgCO2-eq),-0.0254790515526195,-0.0294059010315585,-0.0212073128379612,-9.299853816706118,-10.733153876518852,-7.740669185855838
US,Protein,pf_egg,GHG (kgCO2-eq),-0.0254908358527137,-0.0297858746575788,-0.0213424602578882,-9.3041550862405,-10.871844250016263,-7.789997994129194
Veg,Protein,pf_egg,GHG (kgCO2-eq),-0.0361534095460176,-0.0401837719628573,-0.0321952325171812,-13.195994484296422,-14.667076766442914,-11.751259868771138
Vegan,Protein,pf_egg,GHG (kgCO2-eq),-0.128636562758187,-0.132774928862522,-0.124149495831587,-46.95234540673825,-48.462849034820536,-45.31456597852926
DGAplus,Protein,pf_ns,GHG (kgCO2-eq),0.00665909899117862,0.00548751497976296,0.00780817209070928,2.430571131780196,2.0029429676134805,2.849982813108887
Med,Protein,pf_ns,GHG (kgCO2-eq),-0.00333052130816624,-0.00446293002141974,-0.00224033571688687,-1.2156402774806776,-1.628969457818205,-0.8177225366637076
US,Protein,pf_ns,GHG (kgCO2-eq),-0.00332307815322241,-0.00448157813527078,-0.00218122234937075,-1.2129235259261797,-1.6357760193738347,-0.7961461575203237
Veg,Protein,pf_ns,GHG (kgCO2-eq),0.00663883628785694,0.00541091187974651,0.00773355598860138,2.423175245067783,1.9749828361074762,2.822747935839504
Vegan,Protein,pf_ns,GHG (kgCO2-eq),0.0104136181379849,0.00932361722776782,0.0115412895646988,3.8009706203644886,3.4031202881352542,4.2125706911150615
DGAplus,Protein,pf_pm,GHG (kgCO2-eq),0,0,0,0,0,0
Med,Protein,pf_pm,GHG (kgCO2-eq),0,0,0,0,0,0
US,Protein,pf_pm,GHG (kgCO2-eq),0,0,0,0,0,0
Veg,Protein,pf_pm,GHG (kgCO2-eq),0,0,0,0,0,0
Vegan,Protein,pf_pm,GHG (kgCO2-eq),0,0,0,0,0,0
DGAplus,Protein,pf_poultry,GHG (kgCO2-eq),0,0,0,0,0,0
Med,Protein,pf_poultry,GHG (kgCO2-eq),0,0,0,0,0,0
US,Protein,pf_poultry,GHG (kgCO2-eq),0,0,0,0,0,0
Veg,Protein,pf_poultry,GHG (kgCO2-eq),0,0,0,0,0,0
Vegan,Protein,pf_poultry,GHG (kgCO2-eq),0,0,0,0,0,0
DGAplus,Protein,pf_poultry_tot,GHG (kgCO2-eq),-0.117649169440953,-0.124084093289144,-0.110999588954177,-42.94194684594784,-45.29069405053756,-40.5148499682746
Med,Protein,pf_poultry_tot,GHG (kgCO2-eq),-0.0529336541893427,-0.0591099508910497,-0.0460412330337878,-19.320783779110084,-21.575132075233142,-16.805050057332547
US,Protein,pf_poultry_tot,GHG (kgCO2-eq),-0.0527886593715832,-0.0593309182020695,-0.0471066198688187,-19.26786067062787,-21.65578514375537,-17.193916252118825
Veg,Protein,pf_poultry_tot,GHG (kgCO2-eq),-0.258533399891044,-0.265092460276938,-0.252595513033609,-94.36469096023106,-96.75874800108237,-92.19736225726729
Vegan,Protein,pf_poultry_tot,GHG (kgCO2-eq),-0.25834325470652,-0.264902442611434,-0.252132727369183,-94.29528796787979,-96.6893915531734,-92.0284454897518
DGAplus,Protein,pf_redm,GHG (kgCO2-eq),0,0,0,0,0,0
Med,Protein,pf_redm,GHG (kgCO2-eq),0,0,0,0,0,0
US,Protein,pf_redm,GHG (kgCO2-eq),0,0,0,0,0,0
Veg,Protein,pf_redm,GHG (kgCO2-eq),0,0,0,0,0,0
Vegan,Protein,pf_redm,GHG (kgCO2-eq),0,0,0,0,0,0
DGAplus,Protein,pf_redm_tot,GHG (kgCO2-eq),-1.59695803376125,-1.64890280753944,-1.54986464608983,-582.8896823228562,-601.8495247518956,-565.7005958227879
Med,Protein,pf_redm_tot,GHG (kgCO2-eq),-0.413566043778215,-0.461739894285057,-0.361432382876077,-150.95160597904848,-168.5350614140458,-131.9228197497681
US,Protein,pf_redm_tot,GHG (kgCO2-eq),-0.414850965326988,-0.467338055812673,-0.365670309361759,-151.4206023443506,-170.57839037162566,-133.46966291704203
Veg,Protein,pf_redm_tot,GHG (kgCO2-eq),-2.06317900311466,-2.11195149700666,-2.01239241277153,-753.0603361368509,-770.862296407431,-734.5232306616084
Vegan,Protein,pf_redm_tot,GHG (kgCO2-eq),-2.06297961360214,-2.11316970312324,-2.01059964016798,-752.9875589647811,-771.3069416399827,-733.8688686613127
DGAplus,Protein,pf_seafood,GHG (kgCO2-eq),0.141134449960154,0.128274112258066,0.15452630587282,51.514074235456214,46.820050974194096,56.40210164357931
Med,Protein,pf_seafood,GHG (kgCO2-eq),0.556396816971535,0.543797499832984,0.568717090265547,203.08483819461026,198.48608743903915,207.58173794692465
US,Protein,pf_seafood,GHG (kgCO2-eq),0.1925006704321,0.179489760931916,0.204606852045568,70.26274470771651,65.51376274014933,74.68150099663232
Veg,Protein,pf_seafood,GHG (kgCO2-eq),-0.222496270632709,-0.235785221315338,-0.209796982945868,-81.21113878093878,-86.06160578009836,-76.57589877524181
Vegan,Protein,pf_seafood,GHG (kgCO2-eq),-0.222132863768624,-0.235378294397054,-0.209453374150228,-81.07849527554777,-85.9130774549247,-76.45048156483321
DGAplus,Other,sat_fat,GHG (kgCO2-eq),-0.219179677500512,-0.222494074803466,-0.216009427603194,-80.00058228768688,-81.21033730326509,-78.84344107516581
Med,Other,sat_fat,GHG (kgCO2-eq),-0.22930433371874,-0.232545348901451,-0.226019381837516,-83.69608180734011,-84.87905234902962,-82.49707437069334
US,Other,sat_fat,GHG (kgCO2-eq),-0.229476503007299,-0.232826656716611,-0.226074487228892,-83.75892359766414,-84.98172970156303,-82.51718783854558
Veg,Other,sat_fat,GHG (kgCO2-eq),-0.219224252289392,-0.222490099618874,-0.215970960941245,-80.01685208562807,-81.20888636088901,-78.82940074355442
Vegan,Other,sat_fat,GHG (kgCO2-eq),-0.219021141597161,-0.222380687743606,-0.21581422036598,-79.94271668296376,-81.1689510264162,-78.7721904335827
DGAplus,Other,sodium,GHG (kgCO2-eq),0,0,0,0,0,0
Med,Other,sodium,GHG (kgCO2-eq),0,0,0,0,0,0
US,Other,sodium,GHG (kgCO2-eq),0,0,0,0,0,0
Veg,Other,sodium,GHG (kgCO2-eq),0,0,0,0,0,0
Vegan,Other,sodium,GHG (kgCO2-eq),0,0,0,0,0,0
DGAplus,Other,ssb,GHG (kgCO2-eq),0,0,0,0,0,0
Med,Other,ssb,GHG (kgCO2-eq),0,0,0,0,0,0
US,Other,ssb,GHG (kgCO2-eq),0,0,0,0,0,0
Veg,Other,ssb,GHG (kgCO2-eq),0,0,0,0,0,0
Vegan,Other,ssb,GHG (kgCO2-eq),0,0,0,0,0,0
DGAplus,Vegetables,veg_dg,GHG (kgCO2-eq),0.00270484713030687,0.00208633192049716,0.00335985775854558,0.9872692025620076,0.7615111509814635,1.2263480818691368
Med,Vegetables,veg_dg,GHG (kgCO2-eq),0.00271764320627196,0.00211870164075712,0.00334678585551334,0.9919397702892654,0.7733260988763487,1.221576837262369
US,Vegetables,veg_dg,GHG (kgCO2-eq),0.00274200832890174,0.00215070241253349,0.00332361026448196,1.000833040049135,0.7850063805747238,1.2131177465359153
Veg,Vegetables,veg_dg,GHG (kgCO2-eq),0.00272273678509848,0.00206575263726961,0.00334339192837761,0.9937989265609453,0.7539997126034077,1.2203380538578277
Vegan,Vegetables,veg_dg,GHG (kgCO2-eq),0.00269737281465068,0.00208463603314913,0.00332402540072445,0.9845410773474983,0.7608921520994325,1.2132692712644244
DGAplus,Vegetables,veg_exc_sta,GHG (kgCO2-eq),0,0,0,17.463024579667188,16.429043463975958,18.48544350210327
Med,Vegetables,veg_exc_sta,GHG (kgCO2-eq),0,0,0,17.461207362032503,16.453508286977456,18.503646420283037
US,Vegetables,veg_exc_sta,GHG (kgCO2-eq),0,0,0,17.4646290712944,16.446684017438972,18.47290093149952
Veg,Vegetables,veg_exc_sta,GHG (kgCO2-eq),0,0,0,17.475292183030827,16.489910485650988,18.472165698249807
Vegan,Vegetables,veg_exc_sta,GHG (kgCO2-eq),0,0,0,17.455042958170036,16.444052158512626,18.43730432332149
DGAplus,Vegetables,veg_oth,GHG (kgCO2-eq),9.5635041635752e-4,-2.8903553713819e-4,0.0020924777106199,0.3490679019704948,-0.10549797105543934,0.7637543643762634
Med,Vegetables,veg_oth,GHG (kgCO2-eq),9.6172655935374e-4,-2.0301249073867e-4,0.00216199822857844,0.3510301941641151,-0.07409955911961455,0.7891293534311307
US,Vegetables,veg_oth,GHG (kgCO2-eq),9.5887331763307e-4,-2.854321848193e-4,0.00216809999245987,0.34998876093607056,-0.1041827474590445,0.7913564972478526
Veg,Vegetables,veg_oth,GHG (kgCO2-eq),9.4980078872907e-4,-1.545948591022e-4,0.00209717253079377,0.3466772878861106,-0.056427123572303,0.7654679737397261
Vegan,Vegetables,veg_oth,GHG (kgCO2-eq),9.3879626373233e-4,-2.3857362387969e-4,0.00206041103627658,0.3426606362623005,-0.08707937271608684,0.7520500282409517
DGAplus,Vegetables,veg_ro,GHG (kgCO2-eq),0.0441827054113279,0.0432137816001368,0.0451927152215284,16.126687475134684,15.773030284049932,16.495341055857867
Med,Vegetables,veg_ro,GHG (kgCO2-eq),0.0441595545139154,0.0431624157458102,0.0451861376153138,16.118237397579122,15.754281747220723,16.492940229589536
US,Vegetables,veg_ro,GHG (kgCO2-eq),0.0441474171789293,0.0431941380392419,0.0451189772266185,16.113807270309195,15.765860384323293,16.468426687715752
Veg,Vegetables,veg_ro,GHG (kgCO2-eq),0.0442049752563939,0.0432666791688216,0.0451681086867185,16.134815968583773,15.792337896619884,16.486359670652252
Vegan,Vegetables,veg_ro,GHG (kgCO2-eq),0.0441858664234527,0.0432061352852857,0.0451287260926469,16.127841244560237,15.77023937912928,16.471985023816117
DGAplus,Vegetables,veg_sta,GHG (kgCO2-eq),0.0112273265454841,0.0107437701671654,0.0117562457827176,4.097974189101697,3.921476111015371,4.291029710691924
Med,Vegetables,veg_sta,GHG (kgCO2-eq),0.0112407703838854,0.0106945664945349,0.0117459695733542,4.102881190118171,3.9035167705052385,4.287278894274283
US,Vegetables,veg_sta,GHG (kgCO2-eq),0.0112404829422411,0.0107593867170265,0.0117601910921602,4.102776273918002,3.9271761517146726,4.292469748638473
Veg,Vegetables,veg_sta,GHG (kgCO2-eq),0.0112216352699148,0.0107534056054956,0.0118134602394849,4.095896873518901,3.9249930460058944,4.311912987411989
Vegan,Vegetables,veg_sta,GHG (kgCO2-eq),0.0112457474193881,0.0107259931907994,0.011742136156911,4.104697808076656,3.914987514641781,4.285879697272515
DGAplus,Other,added_sugar,WATER (L-eq),-37.466254535916804,-38.2125887897153,-36.6725583153071,-13675.182905609634,-13947.594908246083,-13385.483785087092
Med,Other,added_sugar,WATER (L-eq),-37.6676978422871,-38.4057149402085,-36.8578892034563,-13748.709712434791,-14018.085953176102,-13453.12955926155
US,Other,added_sugar,WATER (L-eq),-37.669389345258,-38.5128366256103,-36.891415409935,-13749.327111019169,-14057.185368347758,-13465.366624626275
Veg,Other,added_sugar,WATER (L-eq),-37.4797783776922,-38.3005478955362,-36.6890659640712,-13680.119107857652,-13979.699981870712,-13391.509076885986
Vegan,Other,added_sugar,WATER (L-eq),-37.47343188651,-38.2393990798785,-36.7068077397561,-13677.80263857615,-13957.380664155653,-13397.984825010977
DGAplus,Dairy,dairy_cow,WATER (L-eq),155.496285854693,153.103795380311,157.936267944185,56756.14433696295,55882.88531381352,57646.737799627525
Med,Dairy,dairy_cow,WATER (L-eq),59.8789466827722,57.3493322758285,62.3838809938874,21855.815539211853,20932.506280677404,22770.1165627689
US,Dairy,dairy_cow,WATER (L-eq),155.451301891671,153.115441561614,157.958292840072,56739.72519045991,55887.13616998911,57654.776886626285
Veg,Dairy,dairy_cow,WATER (L-eq),155.615635580654,153.119308350781,158.069676296829,56799.706986938705,55888.54754803507,57695.43184834258
Vegan,Dairy,dairy_cow,WATER (L-eq),-131.546740115176,-134.024382567017,-129.228946886377,-48014.560142039234,-48918.89963696121,-47168.56561352761
DGAplus,Dairy,dairy_soy,WATER (L-eq),-0.0389525226475617,-0.0498388185046379,-0.027858705641578,-14.21767076636002,-18.191168754192834,-10.16842755917597
Med,Dairy,dairy_soy,WATER (L-eq),-0.0386111047605245,-0.0512852048641982,-0.0275002474966842,-14.093053237591441,-18.719099775432344,-10.037590336289732
US,Dairy,dairy_soy,WATER (L-eq),-0.0390689218224503,-0.0513885200323721,-0.0268998280963482,-14.26015646519436,-18.756809811815817,-9.818437255167094
Veg,Dairy,dairy_soy,WATER (L-eq),-0.0391546636852057,-0.0502123577233832,-0.0268606443173087,-14.29145224510008,-18.327510569034867,-9.804135175817676
Vegan,Dairy,dairy_soy,WATER (L-eq),12.4758142428603,12.4638743393748,12.4885243914608,4553.67219864401,4549.314133871802,4558.3114028831915
DGAplus,Dairy,dairy_tot,WATER (L-eq),0,0,0,0,0,0
Med,Dairy,dairy_tot,WATER (L-eq),0,0,0,0,0,0
US,Dairy,dairy_tot,WATER (L-eq),0,0,0,0,0,0
Veg,Dairy,dairy_tot,WATER (L-eq),0,0,0,0,0,0
Vegan,Dairy,dairy_tot,WATER (L-eq),0,0,0,0,0,0
DGAplus,Fruit,fruit_exc_juice,WATER (L-eq),386.911838396842,377.893306272016,395.412889204755,141222.82101484732,137931.05678928582,144325.70455973558
Med,Fruit,fruit_exc_juice,WATER (L-eq),362.581141318729,353.977873423738,371.426458523403,132342.1165813361,129201.92379966436,135570.6573610421
US,Fruit,fruit_exc_juice,WATER (L-eq),248.683449861527,239.939461698982,258.013168899053,90769.45919945736,87577.90352012843,94174.80664815435
Veg,Fruit,fruit_exc_juice,WATER (L-eq),248.533664595158,240.518494968733,257.243924828078,90714.78757723267,87789.25066358755,93894.03256224847
Vegan,Fruit,fruit_exc_juice,WATER (L-eq),248.48907279052,239.644619425736,256.809386615574,90698.5115685398,87470.28609039364,93735.42611468451
DGAplus,Fruit,fruit_juice,WATER (L-eq),-148.093834490265,-156.069745083904,-140.927093956642,-54054.24958894673,-56965.456955624955,-51438.38929417433
Med,Fruit,fruit_juice,WATER (L-eq),271.75583883807,264.141419419156,279.864078134947,99190.88117589556,96411.61808799194,102150.38851925566
US,Fruit,fruit_juice,WATER (L-eq),184.959920648087,177.66256792402,192.029935183377,67510.37103655176,64846.8372922673,70090.9263419326
Veg,Fruit,fruit_juice,WATER (L-eq),184.743048187717,177.860925543655,192.182692460146,67431.2125885167,64919.23782343407,70146.6827479533
Vegan,Fruit,fruit_juice,WATER (L-eq),184.641100208811,177.104692812308,192.050761044243,67394.00157621602,64643.21287649242,70098.52778114869
DGAplus,Grains,gr_refined,WATER (L-eq),-114.583325489608,-116.896789984135,-112.537450684156,-41822.91380370692,-42667.32834420927,-41076.16949971694
Med,Grains,gr_refined,WATER (L-eq),-93.9804258821549,-96.3963732012991,-91.8169159206157,-34302.85544698654,-35184.676218474175,-33513.17431102473
US,Grains,gr_refined,WATER (L-eq),-94.0829797264598,-96.3389090175858,-91.8195831170794,-34340.287600157826,-35163.70179141882,-33514.14783773398
Veg,Grains,gr_refined,WATER (L-eq),-94.0764881325384,-96.2751550922946,-91.8095883808411,-34337.91816837651,-35140.431608687526,-33510.499759007005
Vegan,Grains,gr_refined,WATER (L-eq),-94.0481980284997,-96.1962335628933,-91.9552502097536,-34327.59228040239,-35111.625250456054,-33563.666326560065
DGAplus,Grains,gr_whole,WATER (L-eq),134.548180727177,132.996170839648,136.260983057343,49110.0859654196,48543.602356471514,49735.258815930196
Med,Grains,gr_whole,WATER (L-eq),108.819619227618,107.216291454489,110.482461991468,39719.16101808057,39133.94638088848,40326.09862688582
US,Grains,gr_whole,WATER (L-eq),108.876027761212,107.163051156234,110.68178377467,39739.75013284238,39114.51367202541,40398.851077754545
Veg,Grains,gr_whole,WATER (L-eq),134.590221544439,132.942896309983,136.299202088599,49125.430863720234,48524.1571531438,49749.20876233864
Vegan,Grains,gr_whole,WATER (L-eq),134.508888719477,132.863504457161,136.201251655482,49095.744382609104,48495.17912686377,49713.45685425093
DGAplus,Protein,leg_tot,WATER (L-eq),54.2465828743876,53.0755993960358,55.5350632449977,19800.002749151474,19372.593779553066,20270.29808442416
Med,Protein,leg_tot,WATER (L-eq),13.886958576648,12.5964989055569,15.1996760816454,5068.73988047652,4597.722100528268,5547.881769800571
US,Protein,leg_tot,WATER (L-eq),13.9450480626523,12.6706256425514,15.1555583120243,5089.942542868089,4624.778359531261,5531.77878388887
Veg,Protein,leg_tot,WATER (L-eq),108.209079229597,106.975112921922,109.462907411651,39496.3139188029,39045.91621650153,39953.96120525261
Vegan,Protein,leg_tot,WATER (L-eq),121.343943664219,120.119869334912,122.668132150597,44290.53943743993,43843.75230724288,44773.86823496791
DGAplus,Other,oil,WATER (L-eq),-0.555236490394069,-0.846636827662838,-0.257315110386236,-202.66131899383518,-309.0224420969359,-93.92001529097614
Med,Other,oil,WATER (L-eq),-0.551950997921959,-0.847358928837634,-0.26395018772122,-201.46211424151502,-309.2860090257364,-96.34181851824529
US,Other,oil,WATER (L-eq),-0.547944507347261,-0.841059679947807,-0.265987512685701,-199.99974518175026,-306.98678318094954,-97.08544213028085
Veg,Other,oil,WATER (L-eq),-0.554333988400002,-0.841357559240587,-0.271971140870123,-202.33190576600074,-307.09550912281424,-99.26946641759488
Vegan,Other,oil,WATER (L-eq),-0.553803020735975,-0.845974963510287,-0.26034558508713,-202.13810256863087,-308.78086168125475,-95.02613855680245
DGAplus,Protein,pf_egg,WATER (L-eq),-20.571730249696,-21.7347049035614,-19.4758362510651,-7508.68154113904,-7933.1672897999115,-7108.680231638762
Med,Protein,pf_egg,WATER (L-eq),-7.00782654034095,-8.08787773226233,-5.83291608984162,-2557.856687224447,-2952.0753722757504,-2129.0143727921914
US,Protein,pf_egg,WATER (L-eq),-7.01106772578262,-8.19238669546119,-5.87008739797555,-2559.0397199106565,-2990.221143843334,-2142.5819002610756
Veg,Protein,pf_egg,WATER (L-eq),-9.94373053554072,-11.0522522029816,-8.85506293043923,-3629.4616454723628,-4034.0720540882844,-3232.097969610319
Vegan,Protein,pf_egg,WATER (L-eq),-35.38054455023,-36.5187718409793,-34.1464096519363,-12913.89876083395,-13329.351721957444,-12463.43952295675
DGAplus,Protein,pf_ns,WATER (L-eq),82.5536115194185,67.8043708937232,97.318790477134,30132.06820458775,24748.59537620897,35521.35852415391
Med,Protein,pf_ns,WATER (L-eq),-43.8718604978308,-58.7865318257844,-30.1286436308874,-16013.229081708243,-21457.084116411308,-10996.954925273902
US,Protein,pf_ns,WATER (L-eq),-44.04107635143,-58.8405437536827,-29.1255385616486,-16074.99286827195,-21476.798470094185,-10630.821575001739
Veg,Protein,pf_ns,WATER (L-eq),82.4594121589801,66.3186667005645,96.9007199284239,30097.685438027736,24206.313345706043,35368.762773874725
Vegan,Protein,pf_ns,WATER (L-eq),130.410220350829,116.366480782456,145.122586367432,47599.730428052586,42473.765485596436,52969.74402411268
DGAplus,Protein,pf_pm,WATER (L-eq),0,0,0,0,0,0
Med,Protein,pf_pm,WATER (L-eq),0,0,0,0,0,0
US,Protein,pf_pm,WATER (L-eq),0,0,0,0,0,0
Veg,Protein,pf_pm,WATER (L-eq),0,0,0,0,0,0
Vegan,Protein,pf_pm,WATER (L-eq),0,0,0,0,0,0
DGAplus,Protein,pf_poultry,WATER (L-eq),0,0,0,0,0,0
Med,Protein,pf_poultry,WATER (L-eq),0,0,0,0,0,0
US,Protein,pf_poultry,WATER (L-eq),0,0,0,0,0,0
Veg,Protein,pf_poultry,WATER (L-eq),0,0,0,0,0,0
Vegan,Protein,pf_poultry,WATER (L-eq),0,0,0,0,0,0
DGAplus,Protein,pf_poultry_tot,WATER (L-eq),-55.838056058605,-58.908371094266,-52.7150240495602,-20380.890461390823,-21501.55544940709,-19240.983778089474
Med,Protein,pf_poultry_tot,WATER (L-eq),-25.065816684359,-28.018623093954,-21.7818894864779,-9149.023089791035,-10226.79742929321,-7950.389662564434
US,Protein,pf_poultry_tot,WATER (L-eq),-24.9914592332885,-28.1245813925097,-22.2698565205314,-9121.882620150302,-10265.472208266041,-8128.497629993961
Veg,Protein,pf_poultry_tot,WATER (L-eq),-122.864830095006,-126.04240269081,-120.036102319768,-44845.66298467719,-46005.47698214565,-43813.177346715325
Vegan,Protein,pf_poultry_tot,WATER (L-eq),-122.767329793648,-125.884463057715,-119.815341403604,-44810.075374681524,-45947.829016065974,-43732.599612315455
DGAplus,Protein,pf_redm,WATER (L-eq),0,0,0,0,0,0
Med,Protein,pf_redm,WATER (L-eq),0,0,0,0,0,0
US,Protein,pf_redm,WATER (L-eq),0,0,0,0,0,0
Veg,Protein,pf_redm,WATER (L-eq),0,0,0,0,0,0
Vegan,Protein,pf_redm,WATER (L-eq),0,0,0,0,0,0
DGAplus,Protein,pf_redm_tot,WATER (L-eq),-472.883771950533,-488.25146683195,-458.931691352828,-172602.57676194454,-178211.78539366173,-167510.06734378223
Med,Protein,pf_redm_tot,WATER (L-eq),-122.407956527403,-136.668008543698,-106.953331868481,-44678.904132502095,-49883.82311844977,-39037.96613199556
US,Protein,pf_redm_tot,WATER (L-eq),-122.7688860962,-138.326383259797,-108.223561694917,-44810.643425113005,-50489.12988982591,-39501.600018644705
Veg,Protein,pf_redm_tot,WATER (L-eq),-610.952982263312,-625.408362994344,-595.926847669094,-222997.83852610888,-228274.05249293556,-217513.29939921928
Vegan,Protein,pf_redm_tot,WATER (L-eq),-610.89132295219,-625.748921081104,-595.368233140847,-222975.33287754934,-228398.35619460294,-217309.40509640914
DGAplus,Protein,pf_seafood,WATER (L-eq),5.27550011640563,4.7741100423966,5.78907312749938,1925.5575424880549,1742.550165474759,2113.0116915372737
Med,Protein,pf_seafood,WATER (L-eq),21.0680094530189,20.575541419181,21.5719473531955,7689.823450351898,7510.072618001065,7873.7607839163575
US,Protein,pf_seafood,WATER (L-eq),7.22951562084403,6.71932449397018,7.71150563185898,2638.773201608071,2452.5534402991157,2814.699555628528
Veg,Protein,pf_seafood,WATER (L-eq),-8.5624391732371,-9.09159092117655,-8.07888723219805,-3125.290298231542,-3318.4306862294407,-2948.793839752288
Vegan,Protein,pf_seafood,WATER (L-eq),-8.54997725660215,-9.04406967852538,-8.04106618596039,-3120.7416986597846,-3301.0854326617637,-2934.989157875542
DGAplus,Other,sat_fat,WATER (L-eq),-65.2118366053338,-66.1931457163,-64.2655197177151,-23802.320360946836,-24160.4981864495,-23456.91469696601
Med,Other,sat_fat,WATER (L-eq),-68.2264226292302,-69.1920675652872,-67.2491600938999,-24902.64425966902,-25255.104661329828,-24545.943434273464
US,Other,sat_fat,WATER (L-eq),-68.2808607902918,-69.2729184603897,-67.2656122288604,-24922.514188456506,-25284.615238042243,-24551.94846353405
Veg,Other,sat_fat,WATER (L-eq),-65.22353455315,-66.1916917889532,-64.2610739900486,-23806.59011189975,-24159.967502967917,-23455.29200636774
Vegan,Other,sat_fat,WATER (L-eq),-65.1587911305374,-66.162484690997,-64.2133396530263,-23782.95876264615,-24149.306912213906,-23437.868973354598
DGAplus,Other,sodium,WATER (L-eq),0,0,0,0,0,0
Med,Other,sodium,WATER (L-eq),0,0,0,0,0,0
US,Other,sodium,WATER (L-eq),0,0,0,0,0,0
Veg,Other,sodium,WATER (L-eq),0,0,0,0,0,0
Vegan,Other,sodium,WATER (L-eq),0,0,0,0,0,0
DGAplus,Other,ssb,WATER (L-eq),0,0,0,0,0,0
Med,Other,ssb,WATER (L-eq),0,0,0,0,0,0
US,Other,ssb,WATER (L-eq),0,0,0,0,0,0
Veg,Other,ssb,WATER (L-eq),0,0,0,0,0,0
Vegan,Other,ssb,WATER (L-eq),0,0,0,0,0,0
DGAplus,Vegetables,veg_dg,WATER (L-eq),18.5741988134896,14.4429484211053,22.729444482511,6779.582566923704,5271.676173703434,8296.247236116515
Med,Vegetables,veg_dg,WATER (L-eq),18.6206466832288,14.725657375752,22.7446927809847,6796.536039378511,5374.86494214948,8301.812865059415
US,Vegetables,veg_dg,WATER (L-eq),18.7234457655918,14.9375345626316,22.4941280387254,6834.057704441007,5452.200115360533,8210.356734134772
Veg,Vegetables,veg_dg,WATER (L-eq),18.6320351746268,14.4412191578064,22.6489514646117,6800.6928387387825,5271.044992599336,8266.86728458327
Vegan,Vegetables,veg_dg,WATER (L-eq),18.4349449897121,14.5427419039096,22.4372259534003,6728.754921244917,5308.100794927004,8189.58747299111
DGAplus,Vegetables,veg_exc_sta,WATER (L-eq),0,0,0,26581.53161553596,23407.283287456645,29688.679786095177
Med,Vegetables,veg_exc_sta,WATER (L-eq),0,0,0,26589.505324036945,23546.05428425631,29819.640060936606
US,Vegetables,veg_exc_sta,WATER (L-eq),0,0,0,26624.96371451523,23536.821977637013,29635.74575581429
Veg,Vegetables,veg_exc_sta,WATER (L-eq),0,0,0,26621.497673010836,23508.2653736026,29674.158432486543
Vegan,Vegetables,veg_exc_sta,WATER (L-eq),0,0,0,26529.63218374368,23489.564997694808,29573.933679512964
DGAplus,Vegetables,veg_oth,WATER (L-eq),4.08817963512362,0.736479649506186,7.22964826392709,1492.1855668201213,268.8150720697579,2638.8216163333877
Med,Vegetables,veg_oth,WATER (L-eq),4.12673310208394,0.87283784978918,7.59571487124065,1506.2575822606382,318.5858151730507,2772.4359280028375
US,Vegetables,veg_oth,WATER (L-eq),4.10901887405802,0.600521584423288,7.462398943898,1499.791889031177,219.1903783145001,2723.77561452277
Veg,Vegetables,veg_oth,WATER (L-eq),4.13568671421019,0.940678543770124,7.29132843062017,1509.5256506867195,343.3476684760953,2661.334877176362
Vegan,Vegetables,veg_oth,WATER (L-eq),4.10899362410507,0.865496994994532,7.25803515401369,1499.7826727983504,315.9064031730042,2649.182831214997
DGAplus,Vegetables,veg_ro,WATER (L-eq),50.1637355665538,48.9501151826944,51.3797559825898,18309.763481792135,17866.792041683453,18753.610933645276
Med,Vegetables,veg_ro,WATER (L-eq),50.1005800065693,48.9112425395446,51.3572363503407,18286.711702397795,17852.60352693378,18745.391267874355
US,Vegetables,veg_ro,WATER (L-eq),50.1126414275152,48.9463876272931,51.2372970059089,18291.114121043047,17865.43148396198,18701.613407156747
Veg,Vegetables,veg_ro,WATER (L-eq),50.1678881742064,49.0243088014443,51.358784303361404,18311.279183585335,17893.87271252717,18745.95627072691
Vegan,Vegetables,veg_ro,WATER (L-eq),50.1399851772614,48.94673369752,51.3292147268681,18301.094589700413,17865.5577995948,18735.163375306856
DGAplus,Vegetables,veg_sta,WATER (L-eq),17.1467750519104,16.3768606758175,18.0029349134195,6258.572893947296,5977.554146673388,6571.071243398118
Med,Vegetables,veg_sta,WATER (L-eq),17.1682517813854,16.2865999443069,17.9722936539366,6266.411900205671,5944.608979672019,6559.887183686858
US,Vegetables,veg_sta,WATER (L-eq),17.1614903932956,16.4003416249354,17.9764101011626,6263.943993552894,5986.124693101421,6561.389686924349
Veg,Vegetables,veg_sta,WATER (L-eq),17.1378768162674,16.3689431768313,18.0765821673116,6255.325037937601,5974.664259543425,6597.952491068734
Vegan,Vegetables,veg_sta,WATER (L-eq),17.1775167563579,16.3496902879544,17.9496950448433,6269.793616070633,5967.636955103356,6551.638691367804
DGAplus,Other,added_sugar,CVD (deaths),0,0,0,-0,-0,-0
Med,Other,added_sugar,CVD (deaths),0,0,0,-0,-0,-0
US,Other,added_sugar,CVD (deaths),0,0,0,-0,-0,-0
Veg,Other,added_sugar,CVD (deaths),0,0,0,-0,-0,-0
Vegan,Other,added_sugar,CVD (deaths),0,0,0,-0,-0,-0
DGAplus,Dairy,dairy_cow,CVD (deaths),0,0,0,-0,-0,-0
Med,Dairy,dairy_cow,CVD (deaths),0,0,0,-0,-0,-0
US,Dairy,dairy_cow,CVD (deaths),0,0,0,-0,-0,-0
Veg,Dairy,dairy_cow,CVD (deaths),0,0,0,-0,-0,-0
Vegan,Dairy,dairy_cow,CVD (deaths),0,0,0,-0,-0,-0
DGAplus,Dairy,dairy_soy,CVD (deaths),0,0,0,-0,-0,-0
Med,Dairy,dairy_soy,CVD (deaths),0,0,0,-0,-0,-0
US,Dairy,dairy_soy,CVD (deaths),0,0,0,-0,-0,-0
Veg,Dairy,dairy_soy,CVD (deaths),0,0,0,-0,-0,-0
Vegan,Dairy,dairy_soy,CVD (deaths),0,0,0,-0,-0,-0
DGAplus,Dairy,dairy_tot,CVD (deaths),0,0,0,-0,-0,-0
Med,Dairy,dairy_tot,CVD (deaths),0,0,0,-0,-0,-0
US,Dairy,dairy_tot,CVD (deaths),0,0,0,-0,-0,-0
Veg,Dairy,dairy_tot,CVD (deaths),0,0,0,-0,-0,-0
Vegan,Dairy,dairy_tot,CVD (deaths),0,0,0,-0,-0,-0
DGAplus,Fruit,fruit_exc_juice,CVD (deaths),0,0,0,-62021.0731424844,-56740.8808067123,-67594.6628231487
Med,Fruit,fruit_exc_juice,CVD (deaths),0,0,0,-58201.2965165578,-53214.1983188162,-63514.6466827944
US,Fruit,fruit_exc_juice,CVD (deaths),0,0,0,-39272.6335620635,-35386.4034247452,-43225.8512070273
Veg,Fruit,fruit_exc_juice,CVD (deaths),0,0,0,-39272.6335620635,-35386.4034247452,-43225.8512070273
Vegan,Fruit,fruit_exc_juice,CVD (deaths),0,0,0,-39272.6335620635,-35386.4034247452,-43225.8512070273
DGAplus,Fruit,fruit_juice,CVD (deaths),0,0,0,-0,-0,-0
Med,Fruit,fruit_juice,CVD (deaths),0,0,0,-0,-0,-0
US,Fruit,fruit_juice,CVD (deaths),0,0,0,-0,-0,-0
Veg,Fruit,fruit_juice,CVD (deaths),0,0,0,-0,-0,-0
Vegan,Fruit,fruit_juice,CVD (deaths),0,0,0,-0,-0,-0
DGAplus,Grains,gr_refined,CVD (deaths),0,0,0,-0,-0,-0
Med,Grains,gr_refined,CVD (deaths),0,0,0,-0,-0,-0
US,Grains,gr_refined,CVD (deaths),0,0,0,-0,-0,-0
Veg,Grains,gr_refined,CVD (deaths),0,0,0,-0,-0,-0
Vegan,Grains,gr_refined,CVD (deaths),0,0,0,-0,-0,-0
DGAplus,Grains,gr_whole,CVD (deaths),0,0,0,-50200.7093991987,-45613.418565443,-54726.9817193074
Med,Grains,gr_whole,CVD (deaths),0,0,0,-50200.7093991987,-45613.418565443,-54726.9817193074
US,Grains,gr_whole,CVD (deaths),0,0,0,-50200.7093991987,-45613.418565443,-54726.9817193074
Veg,Grains,gr_whole,CVD (deaths),0,0,0,-50200.7093991987,-45613.418565443,-54726.9817193074
Vegan,Grains,gr_whole,CVD (deaths),0,0,0,-50200.7093991987,-45613.418565443,-54726.9817193074
DGAplus,Protein,leg_tot,CVD (deaths),0,0,0,-26818.8346043341,-24751.4293464388,-28948.5975221869
Med,Protein,leg_tot,CVD (deaths),0,0,0,-10036.9060679975,-8980.56140729935,-11114.2757141141
US,Protein,leg_tot,CVD (deaths),0,0,0,-10036.9060679975,-8980.56140729935,-11114.2757141141
Veg,Protein,leg_tot,CVD (deaths),0,0,0,-43387.1250297171,-40336.1876650847,-46509.9624386015
Vegan,Protein,leg_tot,CVD (deaths),0,0,0,-43387.1250297171,-40336.1876650847,-46509.9624386015
DGAplus,Other,oil,CVD (deaths),0,0,0,-0,-0,-0
Med,Other,oil,CVD (deaths),0,0,0,-0,-0,-0
US,Other,oil,CVD (deaths),0,0,0,-0,-0,-0
Veg,Other,oil,CVD (deaths),0,0,0,-0,-0,-0
Vegan,Other,oil,CVD (deaths),0,0,0,-0,-0,-0
DGAplus,Protein,pf_egg,CVD (deaths),0,0,0,-0,-0,-0
Med,Protein,pf_egg,CVD (deaths),0,0,0,-0,-0,-0
US,Protein,pf_egg,CVD (deaths),0,0,0,-0,-0,-0
Veg,Protein,pf_egg,CVD (deaths),0,0,0,-0,-0,-0
Vegan,Protein,pf_egg,CVD (deaths),0,0,0,-0,-0,-0
DGAplus,Protein,pf_ns,CVD (deaths),0,0,0,-39260.8809642534,-32078.0366478435,-47039.3649838127
Med,Protein,pf_ns,CVD (deaths),0,0,0,-5288.41697781907,-3777.65358066815,-7558.28576267523
US,Protein,pf_ns,CVD (deaths),0,0,0,-5288.41697781907,-3777.65358066815,-7558.28576267523
Veg,Protein,pf_ns,CVD (deaths),0,0,0,-39260.8809642534,-32078.0366478435,-47039.3649838127
Vegan,Protein,pf_ns,CVD (deaths),0,0,0,-39260.8327390499,-32078.0366458499,-47039.363565676
DGAplus,Protein,pf_pm,CVD (deaths),0,0,0,-66192.7047492292,-56177.8627857718,-75569.6881282692
Med,Protein,pf_pm,CVD (deaths),0,0,0,-21128.5316860794,-16213.9634311878,-26737.0934883165
US,Protein,pf_pm,CVD (deaths),0,0,0,-21128.5316860794,-16213.9634311878,-26737.0934883165
Veg,Protein,pf_pm,CVD (deaths),0,0,0,-66192.7047492292,-56177.8627857718,-75569.6881282692
Vegan,Protein,pf_pm,CVD (deaths),0,0,0,-66192.7047492292,-56177.8627857718,-75569.6881282692
DGAplus,Protein,pf_poultry,CVD (deaths),0,0,0,-0,-0,-0
Med,Protein,pf_poultry,CVD (deaths),0,0,0,-0,-0,-0
US,Protein,pf_poultry,CVD (deaths),0,0,0,-0,-0,-0
Veg,Protein,pf_poultry,CVD (deaths),0,0,0,-0,-0,-0
Vegan,Protein,pf_poultry,CVD (deaths),0,0,0,-0,-0,-0
DGAplus,Protein,pf_poultry_tot,CVD (deaths),0,0,0,-0,-0,-0
Med,Protein,pf_poultry_tot,CVD (deaths),0,0,0,-0,-0,-0
US,Protein,pf_poultry_tot,CVD (deaths),0,0,0,-0,-0,-0
Veg,Protein,pf_poultry_tot,CVD (deaths),0,0,0,-0,-0,-0
Vegan,Protein,pf_poultry_tot,CVD (deaths),0,0,0,-0,-0,-0
DGAplus,Protein,pf_redm,CVD (deaths),0,0,0,-24924.8955380843,-22281.3754421095,-27878.2184736106
Med,Protein,pf_redm,CVD (deaths),0,0,0,-8310.34339641192,-6220.56913527081,-10567.177514665
US,Protein,pf_redm,CVD (deaths),0,0,0,-8310.34339641192,-6220.56913527081,-10567.177514665
Veg,Protein,pf_redm,CVD (deaths),0,0,0,-36868.1580265857,-33838.3031465583,-40202.7834799307
Vegan,Protein,pf_redm,CVD (deaths),0,0,0,-36868.1580265857,-33838.3031465583,-40202.7834799307
DGAplus,Protein,pf_redm_tot,CVD (deaths),0,0,0,-0,-0,-0
Med,Protein,pf_redm_tot,CVD (deaths),0,0,0,-0,-0,-0
US,Protein,pf_redm_tot,CVD (deaths),0,0,0,-0,-0,-0
Veg,Protein,pf_redm_tot,CVD (deaths),0,0,0,-0,-0,-0
Vegan,Protein,pf_redm_tot,CVD (deaths),0,0,0,-0,-0,-0
DGAplus,Protein,pf_seafood,CVD (deaths),0,0,0,-4771.74312712928,-3472.52143285726,-6282.34588847309
Med,Protein,pf_seafood,CVD (deaths),0,0,0,-13213.0778256201,-10357.4042411999,-16322.2951679659
US,Protein,pf_seafood,CVD (deaths),0,0,0,-6366.40960459088,-4805.06274443614,-8154.90828716281
Veg,Protein,pf_seafood,CVD (deaths),0,0,0,-0.0256490498770576,-8.91817767408482e-8,-1.78869218118197
Vegan,Protein,pf_seafood,CVD (deaths),0,0,0,-0.0256490498770576,-8.91817767408482e-8,-1.78869218118197
DGAplus,Other,sat_fat,CVD (deaths),0,0,0,-0,-0,-0
Med,Other,sat_fat,CVD (deaths),0,0,0,-0,-0,-0
US,Other,sat_fat,CVD (deaths),0,0,0,-0,-0,-0
Veg,Other,sat_fat,CVD (deaths),0,0,0,-0,-0,-0
Vegan,Other,sat_fat,CVD (deaths),0,0,0,-0,-0,-0
DGAplus,Other,sodium,CVD (deaths),0,0,0,-52133.7203580982,-48073.518916754,-56351.7328968439
Med,Other,sodium,CVD (deaths),0,0,0,-42953.160719375,-39552.1894530873,-46514.7601795775
US,Other,sodium,CVD (deaths),0,0,0,-42953.160719375,-39552.1894530873,-46514.7601795775
Veg,Other,sodium,CVD (deaths),0,0,0,-42953.160719375,-39552.1894530873,-46514.7601795775
Vegan,Other,sodium,CVD (deaths),0,0,0,-42953.160719375,-39552.1894530873,-46514.7601795775
DGAplus,Other,ssb,CVD (deaths),0,0,0,-56586.7515303241,-51595.2805772739,-62011.2386334365
Med,Other,ssb,CVD (deaths),0,0,0,-24650.5868891098,-20365.1606218624,-29001.432622314
US,Other,ssb,CVD (deaths),0,0,0,-24650.5868891098,-20365.1606218624,-29001.432622314
Veg,Other,ssb,CVD (deaths),0,0,0,-24650.5868891098,-20365.1606218624,-29001.432622314
Vegan,Other,ssb,CVD (deaths),0,0,0,-24650.5868891098,-20365.1606218624,-29001.432622314
DGAplus,Vegetables,veg_dg,CVD (deaths),0,0,0,-0,-0,-0
Med,Vegetables,veg_dg,CVD (deaths),0,0,0,-0,-0,-0
US,Vegetables,veg_dg,CVD (deaths),0,0,0,-0,-0,-0
Veg,Vegetables,veg_dg,CVD (deaths),0,0,0,-0,-0,-0
Vegan,Vegetables,veg_dg,CVD (deaths),0,0,0,-0,-0,-0
DGAplus,Vegetables,veg_exc_sta,CVD (deaths),0,0,0,-19501.9644880389,-16832.3526053789,-22160.6013255564
Med,Vegetables,veg_exc_sta,CVD (deaths),0,0,0,-19501.9644880389,-16832.3526053789,-22160.6013255564
US,Vegetables,veg_exc_sta,CVD (deaths),0,0,0,-19501.9644880389,-16832.3526053789,-22160.6013255564
Veg,Vegetables,veg_exc_sta,CVD (deaths),0,0,0,-19501.9644880389,-16832.3526053789,-22160.6013255564
Vegan,Vegetables,veg_exc_sta,CVD (deaths),0,0,0,-19501.9644880389,-16832.3526053789,-22160.6013255564
DGAplus,Vegetables,veg_oth,CVD (deaths),0,0,0,-0,-0,-0
Med,Vegetables,veg_oth,CVD (deaths),0,0,0,-0,-0,-0
US,Vegetables,veg_oth,CVD (deaths),0,0,0,-0,-0,-0
Veg,Vegetables,veg_oth,CVD (deaths),0,0,0,-0,-0,-0
Vegan,Vegetables,veg_oth,CVD (deaths),0,0,0,-0,-0,-0
DGAplus,Vegetables,veg_ro,CVD (deaths),0,0,0,-0,-0,-0
Med,Vegetables,veg_ro,CVD (deaths),0,0,0,-0,-0,-0
US,Vegetables,veg_ro,CVD (deaths),0,0,0,-0,-0,-0
Veg,Vegetables,veg_ro,CVD (deaths),0,0,0,-0,-0,-0
Vegan,Vegetables,veg_ro,CVD (deaths),0,0,0,-0,-0,-0
DGAplus,Vegetables,veg_sta,CVD (deaths),0,0,0,-0,-0,-0
Med,Vegetables,veg_sta,CVD (deaths),0,0,0,-0,-0,-0
US,Vegetables,veg_sta,CVD (deaths),0,0,0,-0,-0,-0
Veg,Vegetables,veg_sta,CVD (deaths),0,0,0,-0,-0,-0
Vegan,Vegetables,veg_sta,CVD (deaths),0,0,0,-0,-0,-0
DGAplus,Other,added_sugar,Cancer (cases),0,0,0,-0,-0,-0
Med,Other,added_sugar,Cancer (cases),0,0,0,-0,-0,-0
US,Other,added_sugar,Cancer (cases),0,0,0,-0,-0,-0
Veg,Other,added_sugar,Cancer (cases),0,0,0,-0,-0,-0
Vegan,Other,added_sugar,Cancer (cases),0,0,0,-0,-0,-0
DGAplus,Dairy,dairy_cow,Cancer (cases),0,0,0,-0,-0,-0
Med,Dairy,dairy_cow,Cancer (cases),0,0,0,-0,-0,-0
US,Dairy,dairy_cow,Cancer (cases),0,0,0,-0,-0,-0
Veg,Dairy,dairy_cow,Cancer (cases),0,0,0,-0,-0,-0
Vegan,Dairy,dairy_cow,Cancer (cases),0,0,0,-0,-0,-0
DGAplus,Dairy,dairy_soy,Cancer (cases),0,0,0,-0,-0,-0
Med,Dairy,dairy_soy,Cancer (cases),0,0,0,-0,-0,-0
US,Dairy,dairy_soy,Cancer (cases),0,0,0,-0,-0,-0
Veg,Dairy,dairy_soy,Cancer (cases),0,0,0,-0,-0,-0
Vegan,Dairy,dairy_soy,Cancer (cases),0,0,0,-0,-0,-0
DGAplus,Dairy,dairy_tot,Cancer (cases),0,0,0,-10841.2780872073,-10020.243454696,-11595.0944487861
Med,Dairy,dairy_tot,Cancer (cases),0,0,0,-4566.08671948432,-4154.50014822373,-4979.47755596434
US,Dairy,dairy_tot,Cancer (cases),0,0,0,-10841.2780872073,-10020.243454696,-11595.0944487861
Veg,Dairy,dairy_tot,Cancer (cases),0,0,0,-10841.2780872073,-10020.243454696,-11595.0944487861
Vegan,Dairy,dairy_tot,Cancer (cases),0,0,0,-0,-0,-0
DGAplus,Fruit,fruit_exc_juice,Cancer (cases),0,0,0,-7921.77314873634,-6221.45754692518,-9595.93803098378
Med,Fruit,fruit_exc_juice,Cancer (cases),0,0,0,-7414.02743458945,-5808.82885592723,-9017.67067855412
US,Fruit,fruit_exc_juice,Cancer (cases),0,0,0,-4988.65049359496,-3912.6238681829,-6120.91493180965
Veg,Fruit,fruit_exc_juice,Cancer (cases),0,0,0,-4988.65049359496,-3912.6238681829,-6120.91493180965
Vegan,Fruit,fruit_exc_juice,Cancer (cases),0,0,0,-4988.65049359496,-3912.6238681829,-6120.91493180965
DGAplus,Fruit,fruit_juice,Cancer (cases),0,0,0,-0,-0,-0
Med,Fruit,fruit_juice,Cancer (cases),0,0,0,-0,-0,-0
US,Fruit,fruit_juice,Cancer (cases),0,0,0,-0,-0,-0
Veg,Fruit,fruit_juice,Cancer (cases),0,0,0,-0,-0,-0
Vegan,Fruit,fruit_juice,Cancer (cases),0,0,0,-0,-0,-0
DGAplus,Grains,gr_refined,Cancer (cases),0,0,0,-0,-0,-0
Med,Grains,gr_refined,Cancer (cases),0,0,0,-0,-0,-0
US,Grains,gr_refined,Cancer (cases),0,0,0,-0,-0,-0
Veg,Grains,gr_refined,Cancer (cases),0,0,0,-0,-0,-0
Vegan,Grains,gr_refined,Cancer (cases),0,0,0,-0,-0,-0
DGAplus,Grains,gr_whole,Cancer (cases),0,0,0,-29271.1089639256,-26996.6044475032,-31438.8710836988
Med,Grains,gr_whole,Cancer (cases),0,0,0,-29271.1089639256,-26996.6044475032,-31438.8710836988
US,Grains,gr_whole,Cancer (cases),0,0,0,-29271.1089639256,-26996.6044475032,-31438.8710836988
Veg,Grains,gr_whole,Cancer (cases),0,0,0,-29271.1089639256,-26996.6044475032,-31438.8710836988
Vegan,Grains,gr_whole,Cancer (cases),0,0,0,-29271.1089639256,-26996.6044475032,-31438.8710836988
DGAplus,Protein,leg_tot,Cancer (cases),0,0,0,-8067.81038037087,-7390.6523726725,-8812.34900403679
Med,Protein,leg_tot,Cancer (cases),0,0,0,-2850.36392011218,-2524.4066109772,-3208.49509013781
US,Protein,leg_tot,Cancer (cases),0,0,0,-2850.36392011218,-2524.4066109772,-3208.49509013781
Veg,Protein,leg_tot,Cancer (cases),0,0,0,-13259.9109045953,-12159.532130683,-14426.9677070337
Vegan,Protein,leg_tot,Cancer (cases),0,0,0,-13259.9109045953,-12159.532130683,-14426.9677070337
DGAplus,Other,oil,Cancer (cases),0,0,0,-0,-0,-0
Med,Other,oil,Cancer (cases),0,0,0,-0,-0,-0
US,Other,oil,Cancer (cases),0,0,0,-0,-0,-0
Veg,Other,oil,Cancer (cases),0,0,0,-0,-0,-0
Vegan,Other,oil,Cancer (cases),0,0,0,-0,-0,-0
DGAplus,Protein,pf_egg,Cancer (cases),0,0,0,-0,-0,-0
Med,Protein,pf_egg,Cancer (cases),0,0,0,-0,-0,-0
US,Protein,pf_egg,Cancer (cases),0,0,0,-0,-0,-0
Veg,Protein,pf_egg,Cancer (cases),0,0,0,-0,-0,-0
Vegan,Protein,pf_egg,Cancer (cases),0,0,0,-0,-0,-0
DGAplus,Protein,pf_ns,Cancer (cases),0,0,0,-643.990657615391,-528.226384978637,-774.9290029834
Med,Protein,pf_ns,Cancer (cases),0,0,0,-86.252831508688,-59.2927498619801,-122.511378844534
US,Protein,pf_ns,Cancer (cases),0,0,0,-86.252831508688,-59.2927498619801,-122.511378844534
Veg,Protein,pf_ns,Cancer (cases),0,0,0,-643.990657615391,-528.226384978637,-774.9290029834
Vegan,Protein,pf_ns,Cancer (cases),0,0,0,-643.319996659824,-527.528797575471,-774.314312291226
DGAplus,Protein,pf_pm,Cancer (cases),0,0,0,-13912.0125023886,-12113.6701527799,-15754.2980827822
Med,Protein,pf_pm,Cancer (cases),0,0,0,-3904.90821867928,-3031.35369563172,-4823.40066002094
US,Protein,pf_pm,Cancer (cases),0,0,0,-3904.90821867928,-3031.35369563172,-4823.40066002094
Veg,Protein,pf_pm,Cancer (cases),0,0,0,-13912.0125023886,-12113.6701527799,-15754.2980827822
Vegan,Protein,pf_pm,Cancer (cases),0,0,0,-13912.0125023886,-12113.6701527799,-15754.2980827822
DGAplus,Protein,pf_poultry,Cancer (cases),0,0,0,-0,-0,-0
Med,Protein,pf_poultry,Cancer (cases),0,0,0,-0,-0,-0
US,Protein,pf_poultry,Cancer (cases),0,0,0,-0,-0,-0
Veg,Protein,pf_poultry,Cancer (cases),0,0,0,-0,-0,-0
Vegan,Protein,pf_poultry,Cancer (cases),0,0,0,-0,-0,-0
DGAplus,Protein,pf_poultry_tot,Cancer (cases),0,0,0,-0,-0,-0
Med,Protein,pf_poultry_tot,Cancer (cases),0,0,0,-0,-0,-0
US,Protein,pf_poultry_tot,Cancer (cases),0,0,0,-0,-0,-0
Veg,Protein,pf_poultry_tot,Cancer (cases),0,0,0,-0,-0,-0
Vegan,Protein,pf_poultry_tot,Cancer (cases),0,0,0,-0,-0,-0
DGAplus,Protein,pf_redm,Cancer (cases),0,0,0,-6431.63603310319,-4947.13001348078,-8128.81151947196
Med,Protein,pf_redm,Cancer (cases),0,0,0,-2212.12317516534,-1485.68576733385,-3200.91539904657
US,Protein,pf_redm,Cancer (cases),0,0,0,-2212.12317516534,-1485.68576733385,-3200.91539904657
Veg,Protein,pf_redm,Cancer (cases),0,0,0,-9433.46114470344,-7434.67714300999,-11718.8322714912
Vegan,Protein,pf_redm,Cancer (cases),0,0,0,-9433.46114470344,-7434.67714300999,-11718.8322714912
DGAplus,Protein,pf_redm_tot,Cancer (cases),0,0,0,-0,-0,-0
Med,Protein,pf_redm_tot,Cancer (cases),0,0,0,-0,-0,-0
US,Protein,pf_redm_tot,Cancer (cases),0,0,0,-0,-0,-0
Veg,Protein,pf_redm_tot,Cancer (cases),0,0,0,-0,-0,-0
Vegan,Protein,pf_redm_tot,Cancer (cases),0,0,0,-0,-0,-0
DGAplus,Protein,pf_seafood,Cancer (cases),0,0,0,-0,-0,-0
Med,Protein,pf_seafood,Cancer (cases),0,0,0,-0,-0,-0
US,Protein,pf_seafood,Cancer (cases),0,0,0,-0,-0,-0
Veg,Protein,pf_seafood,Cancer (cases),0,0,0,-0,-0,-0
Vegan,Protein,pf_seafood,Cancer (cases),0,0,0,-0,-0,-0
DGAplus,Other,sat_fat,Cancer (cases),0,0,0,-0,-0,-0
Med,Other,sat_fat,Cancer (cases),0,0,0,-0,-0,-0
US,Other,sat_fat,Cancer (cases),0,0,0,-0,-0,-0
Veg,Other,sat_fat,Cancer (cases),0,0,0,-0,-0,-0
Vegan,Other,sat_fat,Cancer (cases),0,0,0,-0,-0,-0
DGAplus,Other,sodium,Cancer (cases),0,0,0,-0,-0,-0
Med,Other,sodium,Cancer (cases),0,0,0,-0,-0,-0
US,Other,sodium,Cancer (cases),0,0,0,-0,-0,-0
Veg,Other,sodium,Cancer (cases),0,0,0,-0,-0,-0
Vegan,Other,sodium,Cancer (cases),0,0,0,-0,-0,-0
DGAplus,Other,ssb,Cancer (cases),0,0,0,-3733.14827822153,-3345.68268294123,-4147.67734230915
Med,Other,ssb,Cancer (cases),0,0,0,-1532.87010716908,-1232.19316590425,-1865.44201663726
US,Other,ssb,Cancer (cases),0,0,0,-1532.87010716908,-1232.19316590425,-1865.44201663726
Veg,Other,ssb,Cancer (cases),0,0,0,-1532.87010716908,-1232.19316590425,-1865.44201663726
Vegan,Other,ssb,Cancer (cases),0,0,0,-1532.87010716908,-1232.19316590425,-1865.44201663726
DGAplus,Vegetables,veg_dg,Cancer (cases),0,0,0,-0,-0,-0
Med,Vegetables,veg_dg,Cancer (cases),0,0,0,-0,-0,-0
US,Vegetables,veg_dg,Cancer (cases),0,0,0,-0,-0,-0
Veg,Vegetables,veg_dg,Cancer (cases),0,0,0,-0,-0,-0
Vegan,Vegetables,veg_dg,Cancer (cases),0,0,0,-0,-0,-0
DGAplus,Vegetables,veg_exc_sta,Cancer (cases),0,0,0,-3773.00110900938,-3110.14877209547,-4522.40219628599
Med,Vegetables,veg_exc_sta,Cancer (cases),0,0,0,-3773.00110900938,-3110.14877209547,-4522.40219628599
US,Vegetables,veg_exc_sta,Cancer (cases),0,0,0,-3773.00110900938,-3110.14877209547,-4522.40219628599
Veg,Vegetables,veg_exc_sta,Cancer (cases),0,0,0,-3773.00110900938,-3110.14877209547,-4522.40219628599
Vegan,Vegetables,veg_exc_sta,Cancer (cases),0,0,0,-3773.00110900938,-3110.14877209547,-4522.40219628599
DGAplus,Vegetables,veg_oth,Cancer (cases),0,0,0,-0,-0,-0
Med,Vegetables,veg_oth,Cancer (cases),0,0,0,-0,-0,-0
US,Vegetables,veg_oth,Cancer (cases),0,0,0,-0,-0,-0
Veg,Vegetables,veg_oth,Cancer (cases),0,0,0,-0,-0,-0
Vegan,Vegetables,veg_oth,Cancer (cases),0,0,0,-0,-0,-0
DGAplus,Vegetables,veg_ro,Cancer (cases),0,0,0,-0,-0,-0
Med,Vegetables,veg_ro,Cancer (cases),0,0,0,-0,-0,-0
US,Vegetables,veg_ro,Cancer (cases),0,0,0,-0,-0,-0
Veg,Vegetables,veg_ro,Cancer (cases),0,0,0,-0,-0,-0
Vegan,Vegetables,veg_ro,Cancer (cases),0,0,0,-0,-0,-0
DGAplus,Vegetables,veg_sta,Cancer (cases),0,0,0,-0,-0,-0
Med,Vegetables,veg_sta,Cancer (cases),0,0,0,-0,-0,-0
US,Vegetables,veg_sta,Cancer (cases),0,0,0,-0,-0,-0
Veg,Vegetables,veg_sta,Cancer (cases),0,0,0,-0,-0,-0
Vegan,Vegetables,veg_sta,Cancer (cases),0,0,0,-0,-0,-0
