diet_pattern,food_cat,food_group,outcome,impact_median_day,LB_day,UB_day,combined_consumed_impact_median_day,LB_consumed_day,UB_consumed_day,combined_unconsumed_impact_median_day,LB_unconsumed_day,UB_unconsumed_day,impact_median_year,LB_year,UB_year,combined_consumed_impact_median_year,LB_consumed_year,UB_consumed_year,combined_unconsumed_impact_median_year,LB_unconsumed_year,UB_unconsumed_year
Med,Other,added_sugar,BLUEWATER (L),-10.1809571422476,-10.3797008510916,-9.95392674352771,-6.74843749947428,-6.8802992519708,-6.59793941559621,-3.43251964277328,-3.49940159912078,-3.3559873279315,-3716.049356920374,-3788.590810648434,-3633.183261387614,-2463.179687308112,-2511.309226969342,-2408.2478866926167,-1252.8696696122472,-1277.2815836790846,-1224.9353746949976
US,Other,added_sugar,BLUEWATER (L),-10.1704950182363,-10.382166972788,-9.96920510026483,-6.74157773109155,-6.88191767599374,-6.60804223966996,-3.42891454882568,-3.50024929679425,-3.36116286059487,-3712.2306816562495,-3789.4909450676196,-3638.759861596663,-2460.6758718484157,-2511.899951737715,-2411.9354174795353,-1251.553810321373,-1277.5909933299013,-1226.8244441171275
Veg,Other,added_sugar,BLUEWATER (L),-10.1239323378008,-10.3374292784686,-9.91647349945684,-6.71070667318103,-6.85220088693569,-6.57330029199366,-3.41329617018566,-3.48522839153292,-3.34317320746318,-3695.2353032972924,-3773.1616866410386,-3619.5128273017467,-2449.407935711076,-2501.0533237315267,-2399.254606577686,-1245.853102117766,-1272.1083629095158,-1220.2582207240607
Vegan,Other,added_sugar,BLUEWATER (L),-10.1194830097532,-10.3153411923151,-9.911990255514,-6.70780820708396,-6.83746293219714,-6.57013678032503,-3.4117410949599,-3.47787826011798,-3.34185347518896,-3693.611298559918,-3765.099535195012,-3617.8764432626103,-2448.3499955856455,-2495.6739702519562,-2398.099924818636,-1245.2854996603635,-1269.4255649430627,-1219.7765184439704
Med,Dairy,dairy_cow,BLUEWATER (L),14.1124901347996,13.5390449631702,14.7111397298467,10.6859342324601,10.2540432508559,11.1394344982609,3.42653394495203,3.28626867123445,3.57169279262869,5151.058899201854,4941.751411557123,5369.566001394045,3900.3659948479367,3742.7257865624038,4065.8935918652287,1250.684889907491,1199.4880650005744,1303.6678693094718
US,Dairy,dairy_cow,BLUEWATER (L),36.9422026305619,36.3143147624765,37.4916267999724,27.9711127135428,27.4949940922328,28.3864459325206,8.97125173835238,8.81937108649127,9.10480488533813,13483.903960155094,13254.724888303923,13684.443781989927,10209.456140443122,10035.672843664972,10361.05276537002,3274.506884498619,3219.0704465693134,3323.2537831484174
Veg,Dairy,dairy_cow,BLUEWATER (L),36.9406832342913,36.3782088674557,37.5737104712732,27.9698319592418,27.5455192852455,28.4488412643136,8.97107801766633,8.83455340636735,9.12447325335117,13483.349380516323,13278.046236621329,13714.40432201472,10208.988665123257,10054.114539114607,10383.827061474463,3274.4434764482103,3224.611993324083,3330.432737473177
Vegan,Dairy,dairy_cow,BLUEWATER (L),-31.5526108527901,-32.1106745699758,-30.9730104816304,-23.886318825021,-24.3092411875786,-23.4492266927587,-7.66625137992175,-7.80275238779702,-7.52459903116575,-11516.702961268385,-11720.396218041167,-11305.148825795097,-8718.506371132666,-8872.873033466189,-8558.967742856925,-2798.181753671439,-2848.0046215459124,-2746.478646375499
Med,Dairy,dairy_soy,BLUEWATER (L),-0.0223003609358892,-0.0295040490207771,-0.0149880686211381,-0.0175321125837766,-0.0231955128706935,-0.0117833297512359,-0.0047682483521126,-0.00630853615008364,-0.00320473886990219,-8.139631741599558,-10.768977892583642,-5.470645046715406,-6.3992210930784585,-8.466362197803129,-4.300915359201103,-1.7404106485210988,-2.3026156947805285,-1.1697296875142995
US,Dairy,dairy_soy,BLUEWATER (L),-0.0226665287214163,-0.0292061193044548,-0.0152887755011087,-0.0178199866167965,-0.0229612862882793,-0.0120197396860131,-0.00484654210461984,-0.00624483301617547,-0.00326903581509563,-8.27328298331695,-10.660233546126003,-5.580403057904676,-6.504295115130722,-8.380869495221944,-4.387204985394781,-1.7689878681862417,-2.2793640509040465,-1.193198072509905
Veg,Dairy,dairy_soy,BLUEWATER (L),-0.0222712456473515,-0.0289761662183706,-0.0149597968122097,-0.0175092227068809,-0.0227805016182102,-0.0117611030017001,-0.00476202294047061,-0.00619566460016031,-0.00319869381050958,-8.129004661283298,-10.576300669705269,-5.460325836456541,-6.390866288011528,-8.314883090646722,-4.292802595620537,-1.7381383732717726,-2.2614175790585134,-1.1675232408359966
Vegan,Dairy,dairy_soy,BLUEWATER (L),7.15531091301368,7.14867663047967,7.16298480331631,5.62536708977616,5.62015134512372,5.63140015395517,1.52994382323751,1.52852528535594,1.53158464936114,2611.688483249993,2609.2669701250798,2614.489453210453,2053.258987768298,2051.355240970158,2055.461056193637,558.4294954816911,557.911729154918,559.0283970168161
Med,Dairy,dairy_tot,BLUEWATER (L),0,0,0,0,0,0,0,0,0,0,0,0,0,0,0,0,0,0
US,Dairy,dairy_tot,BLUEWATER (L),0,0,0,0,0,0,0,0,0,0,0,0,0,0,0,0,0,0
Veg,Dairy,dairy_tot,BLUEWATER (L),0,0,0,0,0,0,0,0,0,0,0,0,0,0,0,0,0,0
Vegan,Dairy,dairy_tot,BLUEWATER (L),0,0,0,0,0,0,0,0,0,0,0,0,0,0,0,0,0,0
Med,Fruit,fruit_exc_juice,BLUEWATER (L),88.826344785201,86.770190430506,91.0653813455113,49.7290256283811,48.5881049740767,50.9386691234679,39.0938420588059,38.1369727816211,40.1797701009009,32421.615846598364,31671.119507134692,33238.86419111162,18151.094354359102,17734.658315537996,18592.614230065785,14269.252351464153,13919.9950652917,14665.61608682883
US,Fruit,fruit_exc_juice,BLUEWATER (L),60.9505585461556,58.7295357961804,63.0921011412007,34.13381593092,32.9387974254247,35.3052352417048,26.8095644521964,25.7457569698871,27.8203804774685,22246.953869346795,21436.280565605844,23028.616916538256,12458.8428147858,12022.661060280016,12886.410863222252,9785.491025051686,9397.201294008792,10154.438874276002
Veg,Fruit,fruit_exc_juice,BLUEWATER (L),60.97200676038,58.7564451763154,63.3112773837093,34.1540090694491,32.9766927049877,35.3638339316317,26.8229426302255,25.7832047450243,27.9379338962548,22254.7824675387,21446.102489355122,23108.616245053894,12466.213310348923,12036.49283732051,12907.799385045571,9790.374060032307,9410.86973193387,10197.345872133003
Vegan,Fruit,fruit_exc_juice,BLUEWATER (L),60.9358234385973,58.5374654043079,63.2340131065996,34.1450953846643,32.8382796538995,35.3694198410422,26.8045531836166,25.6874104470771,27.8951427497113,22241.575555088017,21366.174872572385,23080.414783908855,12462.95981540247,11985.972073673316,12909.838241980404,9783.66191202006,9375.90481318314,10181.727103644625
Med,Fruit,fruit_juice,BLUEWATER (L),31.892341825359,31.0390136326172,32.7049773568016,27.7862817301587,27.0351744120828,28.5024558229998,4.1071492945349,3.999623252779,4.2104187759101,11640.704766256034,11329.239975905277,11937.316735232584,10141.992831507925,9867.838660410222,10403.396375394927,1499.1094925052387,1459.862487264335,1536.8028532071867
US,Fruit,fruit_juice,BLUEWATER (L),21.621684637947,20.6738080935452,22.5380666616027,18.8193234419845,17.9811749634854,19.6153482967647,2.80096609611556,2.68580216135729,2.91673185178882,7891.914892850655,7545.939954143998,8226.394331484986,6869.053056324343,6563.128861672171,7159.602128319116,1022.3526250821793,980.3177888954109,1064.6071259029193
Veg,Fruit,fruit_juice,BLUEWATER (L),21.5994435394504,20.7554705073139,22.4730374482064,18.8048338957391,18.0642792836348,19.5653058021205,2.79905714780277,2.68770307685994,2.90708305973053,7883.7968918993965,7575.746735169573,8202.658668595337,6863.7643719447715,6593.461938526702,7141.336617773982,1021.655858948011,981.0116230538781,1061.0853168016433
Vegan,Fruit,fruit_juice,BLUEWATER (L),21.6067920932989,20.70965531169,22.4912885413985,18.8082865720615,18.0310758517561,19.5816969663077,2.79938553463863,2.68669342266244,2.9127528973021,7886.479114054098,7559.02418876685,8209.320317610453,6865.024598802448,6581.342685890976,7147.31939270231,1021.7757201430999,980.6430992717907,1063.1548075152664
Med,Grains,gr_refined,BLUEWATER (L),-30.1116781143998,-30.8134818860301,-29.440055005143,-23.2877525268704,-23.8413350144438,-22.7705455886985,-6.82169766630586,-6.97781003430389,-6.67078866745798,-10990.762511755927,-11246.920888400986,-10745.620076877196,-8500.029672307695,-8702.087280271988,-8311.249139874952,-2489.9196482016387,-2546.90066252092,-2434.837863622163
US,Grains,gr_refined,BLUEWATER (L),-30.1117746614761,-30.8168035892565,-29.371558335808,-23.2908469191025,-23.8376867057353,-22.7139111651127,-6.82360889302146,-6.9807191580856,-6.65798510809861,-10990.797751438777,-11248.133310078623,-10720.61879256992,-8501.159125472412,-8700.755647593385,-8290.577575266136,-2490.617245952833,-2547.962492701244,-2430.1645644559926
Veg,Grains,gr_refined,BLUEWATER (L),-30.120462824494,-30.7566375416182,-29.4470155962276,-23.2955907269062,-23.7870507955538,-22.7790629430683,-6.82254809091595,-6.97056163887123,-6.67025446534355,-10993.96893094031,-11226.172702690643,-10748.160692623074,-8502.890615320764,-8682.273540377137,-8314.357974219929,-2490.2300531843216,-2544.254998187999,-2434.6428798503957
Vegan,Grains,gr_refined,BLUEWATER (L),-30.0996126810112,-30.8152580857499,-29.3657608250924,-23.2800836328309,-23.8305464040439,-22.708117650065,-6.81993808752285,-6.98092803088206,-6.65830218307804,-10986.358628569089,-11247.569201298713,-10718.502701158726,-8497.23052598328,-8698.149437476024,-8288.462942273725,-2489.27740194584,-2548.0387312719517,-2430.2802968234846
Med,Grains,gr_whole,BLUEWATER (L),26.9533786319692,26.5422435159254,27.3659850947183,21.5967166420981,21.268646835219,21.9274222175252,5.35549029994616,5.27507915404875,5.43655827202178,9837.98320066876,9687.91888331277,9988.58455957218,7882.801574365807,7763.056094854935,8003.5091093966985,1954.7539594803484,1925.4038912277936,1984.3437692879497
US,Grains,gr_whole,BLUEWATER (L),26.9566370301456,26.5837172911878,27.362580553939,21.6003061213403,21.3002833022254,21.9266135227083,5.35724846977998,5.28245907480195,5.43733627379315,9839.172516003144,9703.056811283546,9987.341902187736,7884.111734289209,7774.60340531227,8003.21393578853,1955.3956914696926,1928.0975623027116,1984.6277399344997
Veg,Grains,gr_whole,BLUEWATER (L),33.3531230590272,32.9077251740923,33.7598648049312,26.7232651676523,26.3683762385448,27.0484620075575,6.62876560185325,6.54131763365261,6.71138209537206,12173.889916544927,12011.319688543688,12322.350653799887,9753.99178619309,9624.457327068852,9872.688632758487,2419.4994446764363,2387.5809362832024,2449.654464810802
Vegan,Grains,gr_whole,BLUEWATER (L),33.3398847361081,32.9329468995775,33.7485388582884,26.713310499696,26.3863395833138,27.0414137778649,6.62718791308225,6.54629543254735,6.70775487153323,12169.057928679455,12020.525618345788,12318.216683275265,9750.35833238904,9631.013947909536,9870.11602892069,2418.9235882750213,2389.3978328797825,2448.330528109629
Med,Protein,leg_tot,BLUEWATER (L),3.71180690863093,3.41410705099112,4.02439946020652,2.98159460715253,2.73455230785284,3.24356636588143,0.72983116981392,0.676379856778919,0.783276395065647,1354.8095216502895,1246.149073611759,1468.9058029753796,1088.2820316106734,998.1115923662866,1183.901723546722,266.38837698208084,246.87864772430544,285.89588419896114
US,Protein,leg_tot,BLUEWATER (L),3.72930723727786,3.39625471264923,4.03576608707373,2.99608664720572,2.72045542203427,3.251544769351,0.733856223287239,0.675942597508739,0.786507155987844,1361.1971416064189,1239.632970116969,1473.0546217819115,1093.5716262300878,992.9662290425085,1186.813840813115,267.8575214998422,246.71904809068974,287.0751119355631
Veg,Protein,leg_tot,BLUEWATER (L),27.459780043475,27.1627281688072,27.7615139185822,22.4048778040073,22.1617019545978,22.6552084847694,5.05500592189548,5.00164305375498,5.10828058503663,10022.819715868374,9914.395781614627,10132.952580282503,8177.780398462664,8089.0212134281965,8269.15109694083,1845.0771614918503,1825.5997146205675,1864.52241353837
Vegan,Protein,leg_tot,BLUEWATER (L),30.7785974216133,30.4957536190991,31.0662030796856,25.1186980694725,24.881595009642002,25.3580325919235,5.6590755025529,5.60769156860591,5.71123184181807,11234.188058888854,11130.950070971172,11339.164124085244,9168.324795357463,9081.78217851933,9255.681896052078,2065.5625584318086,2046.8074225411572,2084.5996222635954
Med,Other,oil,BLUEWATER (L),-0.282082414077568,-0.388879233451388,-0.174336865117564,-0.234940611160245,-0.324082625331475,-0.14485524598209,-0.0471591027808596,-0.0648248282626314,-0.0294790882252449,-102.96008113831232,-141.9409202097566,-63.63295576791086,-85.75332307348943,-118.29015824598838,-52.87216478346284,-17.213072515013753,-23.661062315860462,-10.759867202214389
US,Other,oil,BLUEWATER (L),-0.284862335952153,-0.393259309530971,-0.1763066324009,-0.237161204306031,-0.32749915369706,-0.146681716364303,-0.0476042172708664,-0.0656235305913678,-0.0296003659032642,-103.97475262253585,-143.53964797880442,-64.3519208263285,-86.56383957170131,-119.5371910994269,-53.53882647297059,-17.375539303866237,-23.952588665849248,-10.804133554691433
Veg,Other,oil,BLUEWATER (L),-0.282553257462507,-0.393014550707159,-0.176846927212188,-0.235344215414114,-0.327536455254463,-0.147063550672392,-0.047225557644541,-0.0654948275089197,-0.0297833765397962,-103.13193897381505,-143.45031100811303,-64.54912843244863,-85.9006386261516,-119.550806167879,-53.678195995423074,-17.237328540257465,-23.905612040755692,-10.870932437025614
Vegan,Other,oil,BLUEWATER (L),-0.279032411799687,-0.386118062218058,-0.173402968964182,-0.23228386391778,-0.321758042952589,-0.144121295429791,-0.0467129276845682,-0.0643821748667874,-0.0292816735343913,-101.84683030688576,-140.93309270959116,-63.292083671926434,-84.7836103299897,-117.44168567769498,-52.604272831873715,-17.050218604867393,-23.499493826377403,-10.687810840052824
Med,Protein,pf_egg,BLUEWATER (L),-3.74997164843137,-4.32076708586732,-3.16953454892864,-2.76986540954651,-3.19147567391802,-2.34113346299895,-0.980106238884859,-1.1292914119493,-0.828401085929682,-1368.73965167745,-1577.0799863415718,-1156.8801103589535,-1011.0008744844761,-1164.8886209800773,-854.5137139946168,-357.73877719297354,-412.1913653614945,-302.3663963643339
US,Protein,pf_egg,BLUEWATER (L),-3.75356359541298,-4.3640930796804,-3.17081822145978,-2.77251855219132,-3.22347782829358,-2.34208163020515,-0.981045043221657,-1.14061525138682,-0.828736591254632,-1370.0507123257378,-1592.893974083346,-1157.3486508328197,-1011.9692715498318,-1176.5694073271566,-854.8597950248798,-358.0814407759048,-416.3245667561893,-302.48885580794064
Veg,Protein,pf_egg,BLUEWATER (L),-5.27621405870255,-5.92777841075377,-4.72316920102343,-3.89720354837255,-4.37847266985916,-3.48870450762547,-1.37901051033,-1.54930574089461,-1.23446469339796,-1925.8181314264307,-2163.639119925126,-1723.956758373552,-1422.4792951559807,-1598.1425244985933,-1273.3771452832966,-503.33883627045003,-565.4965954265326,-450.5796130902554
Vegan,Protein,pf_egg,BLUEWATER (L),-18.3845666091801,-18.9443352790003,-17.7777285888467,-13.5795093655103,-13.9929748583844,-13.1312767388923,-4.80505724366985,-4.95136042061588,-4.64645184995437,-6710.366812350737,-6914.682376835109,-6488.870934929045,-4956.520918411259,-5107.435823310306,-4792.916009695689,-1753.8458939394952,-1807.2465535247961,-1695.954925233345
Med,Protein,pf_ns,BLUEWATER (L),-8.62798027518692,-11.3564739618731,-6.19877407312262,-7.5770132426571,-9.97669865344517,-5.44495748533935,-1.0491273577591,-1.39073390724961,-0.75165857226639,-3149.2128004432257,-4145.1129960836815,-2262.5525366897564,-2765.6098335698416,-3641.4950085074875,-1987.4094821488627,-382.9314855820715,-507.6178761461077,-274.35537887723234
US,Protein,pf_ns,BLUEWATER (L),-8.76593232207959,-11.4526746501246,-6.12949368693586,-7.69708506725959,-10.0598253189483,-5.38427840811372,-1.07111565975889,-1.3948613511058,-0.7476014882163,-3199.5652975590506,-4180.226247295479,-2237.265195731589,-2809.4360495497504,-3671.8362414161297,-1965.2616189615078,-390.95721581199484,-509.12439315361695,-272.8745431989495
Veg,Protein,pf_ns,BLUEWATER (L),13.6009020863365,10.9540568714982,16.3629137929951,11.9438336285948,9.62672895241465,14.374935269736,1.65592699147108,1.32377276406671,1.98689107228077,4964.329261512823,3998.2307580968427,5972.463534443212,4359.499274437102,3513.7560676313474,5246.85137345364,604.4133518869442,483.17705888434915,725.215241382481
Vegan,Protein,pf_ns,BLUEWATER (L),21.9843179944215,19.2555057562792,24.5513988359942,19.3113188386998,16.9166485626019,21.5618743627593,2.67357407119074,2.34422485859374,2.98913780517259,8024.276067963847,7028.259601041907,8961.260575137883,7048.631376125428,6174.576725349693,7870.084142407145,975.85453598462,855.6420733867152,1091.0352988879954
Med,Protein,pf_pm,BLUEWATER (L),0,0,0,0,0,0,0,0,0,0,0,0,0,0,0,0,0,0
US,Protein,pf_pm,BLUEWATER (L),0,0,0,0,0,0,0,0,0,0,0,0,0,0,0,0,0,0
Veg,Protein,pf_pm,BLUEWATER (L),0,0,0,0,0,0,0,0,0,0,0,0,0,0,0,0,0,0
Vegan,Protein,pf_pm,BLUEWATER (L),0,0,0,0,0,0,0,0,0,0,0,0,0,0,0,0,0,0
Med,Protein,pf_poultry,BLUEWATER (L),0,0,0,0,0,0,0,0,0,0,0,0,0,0,0,0,0,0
US,Protein,pf_poultry,BLUEWATER (L),0,0,0,0,0,0,0,0,0,0,0,0,0,0,0,0,0,0
Veg,Protein,pf_poultry,BLUEWATER (L),0,0,0,0,0,0,0,0,0,0,0,0,0,0,0,0,0,0
Vegan,Protein,pf_poultry,BLUEWATER (L),0,0,0,0,0,0,0,0,0,0,0,0,0,0,0,0,0,0
Med,Protein,pf_poultry_tot,BLUEWATER (L),-11.7771868863515,-13.2643349823032,-10.3320326052117,-9.61125251935166,-10.8156015705893,-8.42912427163235,-2.16848683296154,-2.44394141741538,-1.89686040896779,-4298.673213518297,-4841.482268540668,-3771.1919009022704,-3508.1071695633564,-3947.6945732650943,-3076.6303591458077,-791.4976940309621,-892.0386173566137,-692.3540492732434
US,Protein,pf_poultry_tot,BLUEWATER (L),-11.790909764024,-13.2541124870994,-10.3172126119028,-9.61773894689652,-10.8097578023992,-8.41147881050239,-2.17073221981997,-2.44471110399324,-1.8891237488291,-4303.68206386876,-4837.751057791281,-3765.782603344522,-3510.47471561723,-3945.5615978757082,-3070.1897658333723,-792.317260234289,-892.3195529575327,-689.5301683226215
Veg,Protein,pf_poultry_tot,BLUEWATER (L),-57.3069185143431,-58.7029505969518,-55.9313653878952,-46.6462697676053,-47.7767858928667,-45.5355556356501,-10.6626124866898,-10.9249943368366,-10.4013967845758,-20917.025257735233,-21426.576967887406,-20414.948366581746,-17025.888465175933,-17438.526850896345,-16620.477807012285,-3891.853557641777,-3987.6229329453586,-3796.509826370167
Vegan,Protein,pf_poultry_tot,BLUEWATER (L),-57.3088764342341,-58.7577049408046,-55.8945824320468,-46.6430934709493,-47.8199483237706,-45.4913126565633,-10.6647410335603,-10.936742103119,-10.3969755592437,-20917.739898495445,-21446.56230339368,-20401.522587697084,-17024.729116896495,-17454.28113817627,-16604.329119645605,-3892.6304772495096,-3991.910867638435,-3794.8960791239506
Med,Protein,pf_redm,BLUEWATER (L),0,0,0,0,0,0,0,0,0,0,0,0,0,0,0,0,0,0
US,Protein,pf_redm,BLUEWATER (L),0,0,0,0,0,0,0,0,0,0,0,0,0,0,0,0,0,0
Veg,Protein,pf_redm,BLUEWATER (L),0,0,0,0,0,0,0,0,0,0,0,0,0,0,0,0,0,0
Vegan,Protein,pf_redm,BLUEWATER (L),0,0,0,0,0,0,0,0,0,0,0,0,0,0,0,0,0,0
Med,Protein,pf_redm_tot,BLUEWATER (L),-22.1497515151912,-25.0309907893935,-19.5191007352327,-16.9683373901346,-19.1838479491064,-14.9606417094239,-5.18069425621747,-5.84714284028706,-4.56328676750291,-8084.6593030447875,-9136.311638128627,-7124.471768359936,-6193.443147399129,-7002.104501423836,-5460.634223939724,-1890.9534035193767,-2134.207136704777,-1665.599670138562
US,Protein,pf_redm_tot,BLUEWATER (L),-22.1619084330494,-25.0234425632913,-19.4682229710451,-16.9789809273334,-19.174327616659,-14.9199471436712,-5.18315776960982,-5.85030323530167,-4.54981793995344,-8089.096578063031,-9133.556535601325,-7105.901384431462,-6197.32803847669,-6998.629580080535,-5445.780707439988,-1891.8525859075842,-2135.3606808851096,-1660.6835480830057
Veg,Protein,pf_redm_tot,BLUEWATER (L),-108.476225078807,-111.126867468944,-105.706250479636,-83.02489954936,-85.0534848315963,-80.9032101210946,-25.451314886372302,-26.0733826373479,-24.8030403585417,-39593.82215376456,-40561.30662616456,-38582.781425067136,-30304.0883355164,-31044.521963532647,-29529.67169419953,-9289.72993352589,-9516.784662631984,-9053.10973086772
Vegan,Protein,pf_redm_tot,BLUEWATER (L),-108.482908314751,-111.110591103999,-105.836294510839,-83.0309260046722,-85.0440241440947,-81.0014161469455,-25.456328578938,-26.0695325159846,-24.8330268017679,-39596.261534884114,-40555.36575295963,-38630.247496456235,-30306.28799170535,-31041.068812594567,-29565.516893635107,-9291.55993131237,-9515.37936833438,-9064.054782645284
Med,Protein,pf_seafood,BLUEWATER (L),3.30911116601994,3.23194484641445,3.38805622757039,2.06747115136996,2.01901671674631,2.11679531391882,1.24164386365788,1.21285977423799,1.27120573547843,1207.8255755972782,1179.6598689412742,1236.6405230631922,754.6269702500354,736.9411016124031,772.6302895803693,453.2000102351262,442.6938175968664,463.99009344962695
US,Protein,pf_seafood,BLUEWATER (L),1.14607483676052,1.06979696555591,1.22447783334945,0.717283882811698,0.669382146154035,0.766293838208018,0.428775462674064,0.399833085447055,0.457714552111555,418.3173154175898,390.4758924279072,446.93440917254924,261.80861722626975,244.3244833462228,279.69725094592656,156.50304387603336,145.93907618817508,167.06581152071757
Veg,Protein,pf_seafood,BLUEWATER (L),-1.32742965674868,-1.40064427628049,-1.25328071497886,-0.826343183608373,-0.872161716723683,-0.780102326297459,-0.500862433654028,-0.528474724744275,-0.4731783886814,-484.51182471326825,-511.2351608423789,-457.4474609672839,-301.6152620170561,-318.3390266041443,-284.73734909857257,-182.81478828372025,-192.89327453166038,-172.710111868711
Vegan,Protein,pf_seafood,BLUEWATER (L),-1.32725118108475,-1.40058343284806,-1.25218205453504,-0.826308738205803,-0.873227894317366,-0.779332494124452,-0.500832498283634,-0.528263023894634,-0.472551694572614,-484.44668109593374,-511.2129529895419,-457.0464499052896,-301.6026894451181,-318.7281814258386,-284.456360355425,-182.8038618735264,-192.8160037215414,-172.4813685190041
Med,Other,sat_fat,BLUEWATER (L),-15.1588366416996,-15.3774924004443,-14.9497615470477,-11.6564945761784,-11.8257486154417,-11.4967111973957,-3.5014832417507,-3.55139235059525,-3.4528378376723,-5532.975374220354,-5612.784726162169,-5456.6629646724105,-4254.620520305116,-4316.398244636221,-4196.299587049431,-1278.0413832390054,-1296.2582079672663,-1260.2858107503896
US,Other,sat_fat,BLUEWATER (L),-15.1606470788679,-15.3522955772093,-14.9515731305929,-11.6584960396092,-11.8067007549333,-11.4976660317011,-3.50199120585951,-3.54574020125752,-3.45415639343674,-5533.6361837867835,-5603.587885681395,-5457.324192666409,-4255.351054457358,-4309.445775550655,-4196.648101570901,-1278.2267901387213,-1294.1951734589948,-1260.7670836044101
Veg,Other,sat_fat,BLUEWATER (L),-14.4835141368784,-14.6970751802517,-14.2859354737909,-11.1382437871954,-11.3022206984413,-10.9863538691617,-3.34526584193304,-3.39482053686118,-3.29916805172672,-5286.482659960616,-5364.43244079187,-5214.3664479336785,-4065.458982326321,-4125.310554931074,-4010.0191622440207,-1221.0220323055596,-1239.1094959543307,-1204.1963388802528
Vegan,Other,sat_fat,BLUEWATER (L),-14.5006591515464,-14.7058193518855,-14.2885771179111,-11.1516008102313,-11.3090449756718,-10.9880437826348,-3.34905080033418,-3.39736526620232,-3.30046896755786,-5292.740590314435,-5367.6240634382075,-5215.330648037551,-4070.3342957344244,-4127.801416120207,-4010.6359806617024,-1222.4035421219758,-1240.0383221638467,-1204.671173158619
Med,Other,sodium,BLUEWATER (L),0,0,0,0,0,0,0,0,0,0,0,0,0,0,0,0,0,0
US,Other,sodium,BLUEWATER (L),0,0,0,0,0,0,0,0,0,0,0,0,0,0,0,0,0,0
Veg,Other,sodium,BLUEWATER (L),0,0,0,0,0,0,0,0,0,0,0,0,0,0,0,0,0,0
Vegan,Other,sodium,BLUEWATER (L),0,0,0,0,0,0,0,0,0,0,0,0,0,0,0,0,0,0
Med,Other,ssb,BLUEWATER (L),0,0,0,0,0,0,0,0,0,0,0,0,0,0,0,0,0,0
US,Other,ssb,BLUEWATER (L),0,0,0,0,0,0,0,0,0,0,0,0,0,0,0,0,0,0
Veg,Other,ssb,BLUEWATER (L),0,0,0,0,0,0,0,0,0,0,0,0,0,0,0,0,0,0
Vegan,Other,ssb,BLUEWATER (L),0,0,0,0,0,0,0,0,0,0,0,0,0,0,0,0,0,0
Med,Vegetables,veg_dg,BLUEWATER (L),2.68585301007979,2.12010552960616,3.18950622853854,1.95508094986231,1.53383973232334,2.3335211156258,0.730788358030429,0.590965560877215,0.857851916828075,980.3363486791234,773.8385183062484,1164.169773416567,713.6045466997432,559.8515022980191,851.735207203417,266.73775068110655,215.70242972018346,313.1159496422474
US,Vegetables,veg_dg,BLUEWATER (L),2.67364510114441,2.12873101139294,3.17036635164369,1.94556255995113,1.54271099357619,2.32688234092711,0.727622938249376,0.592133569044463,0.852543156556624,975.8804619177096,776.9868191584231,1157.183718349947,710.1303343821625,563.0895126553094,849.3120544383952,265.5823724610222,216.128752701229,311.17825214316775
Veg,Vegetables,veg_dg,BLUEWATER (L),2.68755046147846,2.1467208442781,3.22268974709427,1.95118135154088,1.54837395624365,2.35546647705738,0.73035117646626,0.594067973813181,0.868457631335347,980.955918439638,783.5531081615065,1176.2817576894086,712.1811933124212,565.1564940289322,859.7452641259438,266.57817941018493,216.83481044181107,316.9870354374017
Vegan,Vegetables,veg_dg,BLUEWATER (L),2.66537764475968,2.12072966527142,3.16336052546679,1.93772853683483,1.53164597363213,2.31897469384188,0.727907180904239,0.590091125455885,0.853817364280691,972.8628403372833,774.0663278240684,1154.6265917953783,707.270915944713,559.0507803757274,846.4257632522862,265.6861210300472,215.38326079139804,311.6433379624522
Med,Vegetables,veg_exc_sta,BLUEWATER (L),0,0,0,0,0,0,0,0,0,4197.125753811333,3743.87600852858,4632.369039575436,2667.5643534240394,2360.10737231022,2961.9436186759353,1529.552750302719,1383.8793777670546,1672.909633976795
US,Vegetables,veg_exc_sta,BLUEWATER (L),0,0,0,0,0,0,0,0,0,4201.0453411435055,3743.88009569733,4623.8582851031415,2669.7500195804673,2361.058773724694,2957.9116874957595,1530.864750793643,1383.2963177961324,1669.6325271536293
Veg,Vegetables,veg_exc_sta,BLUEWATER (L),0,0,0,0,0,0,0,0,0,4195.0930508549845,3744.7489346494026,4629.941848476646,2664.58060325138,2360.7764664912543,2960.6066551713766,1528.7142543722036,1380.7309870921201,1672.4702036790868
Vegan,Vegetables,veg_exc_sta,BLUEWATER (L),0,0,0,0,0,0,0,0,0,4182.66207283853,3726.206192124196,4614.274109992014,2656.8458976834045,2347.6297764018323,2950.8419293710335,1525.2393318121506,1376.6624757789866,1668.635579059705
Med,Vegetables,veg_oth,BLUEWATER (L),0.539890517041625,0.0631310660681676,1.03814780809022,0.325035024143184,0.029572921973895,0.630077356397695,0.215476024916433,0.03360451728711,0.405855200315964,197.06003872019315,23.042839114881172,378.9239499529303,118.63778381226217,10.794116520471675,229.97823508515867,78.64874909449804,12.26564880979515,148.13714811532685
US,Vegetables,veg_oth,BLUEWATER (L),0.560591443804124,0.0430569010213905,1.04342562030677,0.336979978919251,0.0178818058963235,0.634035329075674,0.222502066940248,0.026658956611443,0.407036099006687,204.61587698850525,15.715768872807534,380.8503514119711,122.99769230552663,6.526859152158077,231.42289511262098,81.21325443319051,9.730519163176696,148.56817613744076
Veg,Vegetables,veg_oth,BLUEWATER (L),0.535997382664918,0.0253103648339207,1.00940714151038,0.320869216686559,0.00687378673037499,0.613089411818377,0.214070714449882,0.0171634162534313,0.396216336487634,195.6390446726951,9.238283164381055,368.4336066512887,117.11726409059403,2.5089321565868716,223.77763531370758,78.13581077420693,6.2646469325024245,144.61896281798641
Vegan,Vegetables,veg_oth,BLUEWATER (L),0.523376570290565,0.0149619657531744,1.01455500666266,0.313551338615472,-4.4954742759002e-4,0.616022811246128,0.208647349449126,0.0154115131807656,0.396969431873131,191.0324481560562,5.4611174999086565,370.3125774318709,114.44623859464728,-0.1640848110703573,224.84832610483673,76.15628254893099,5.625202310979444,144.89384263369283
Med,Vegetables,veg_ro,BLUEWATER (L),8.27323114085484,8.07395794823959,8.46376798960531,5.02827951482749,4.90263494107323,5.15131555174619,3.24429109733456,3.1668802718824,3.31960694854581,3019.7293664120166,2946.9946511074504,3089.2753162059385,1835.322022912034,1789.461753491729,1880.2301763873595,1184.1662505271145,1155.911299237076,1211.6565362192207
US,Vegetables,veg_ro,BLUEWATER (L),8.27547671845833,8.08541782922219,8.45431291874308,5.03184107641857,4.90806137511569,5.1429499669719,3.24402499698474,3.17106039981295,3.31475643526855,3020.5490022372906,2951.1775076660992,3085.824215341224,1836.621992892778,1791.4424019172268,1877.1767379447433,1184.0691238994302,1157.4370459317267,1209.8860988730207
Veg,Vegetables,veg_ro,BLUEWATER (L),8.2698577746374,8.08755491321511,8.4526752990026,5.02817026259826,4.912632987139,5.14269522118281,3.24383634024058,3.17159323210358,3.31743617924301,3018.498087742651,2951.957543323515,3085.226484135949,1835.2821458483647,1793.111040305735,1877.0837557317254,1184.0002641878118,1157.6315297178066,1210.8642054236986
Vegan,Vegetables,veg_ro,BLUEWATER (L),8.27059392971285,8.0730924569869,8.463931344561,5.02774998121656,4.90066597489637,5.14950093154496,3.24218336502239,3.16617537719619,3.32081753003715,3018.7667843451904,2946.678746800219,3089.334940764765,1835.1287431440442,1788.743080837175,1879.5678400139104,1183.3969282331723,1155.6540126766092,1212.0983984635598
Med,Vegetables,veg_sta,BLUEWATER (L),12.4168767139259,11.8296250301577,12.9642788266894,5.47917574657656,5.2235870865179,5.72959671729378,6.93430476343164,6.60705195055782,7.24949013220099,4532.160000582953,4317.81313600756,4731.961771741631,1999.8991475004445,1906.6092865790333,2091.3028018122295,2531.0212386525486,2411.5739619536043,2646.0638982533615
US,Vegetables,veg_sta,BLUEWATER (L),12.4242809633199,11.8554590032247,12.9494528717559,5.48547284170627,5.22889562656117,5.72300008476955,6.93989819500231,6.62592099758126,7.24000526240999,4534.862551611764,4327.242536177016,4726.550298190904,2002.1975872227883,1908.5469036948268,2088.895030940886,2533.062841175843,2418.46116411716,2642.601920779646
Veg,Vegetables,veg_sta,BLUEWATER (L),12.4121298582713,11.8511711165647,12.9574197285918,5.4805844501812,5.23191717656053,5.72593138634479,6.92954930359496,6.6152769915697,7.24648971855576,4530.427398269025,4325.677457546116,4729.458200936007,2000.4133243161382,1909.6497694445934,2089.964956015848,2529.28549581216,2414.5761019229403,2644.9687472728524
Vegan,Vegetables,veg_sta,BLUEWATER (L),12.4215881970562,11.8229728495886,12.9692293481878,5.48445778308255,5.21745131109678,5.72523076815839,6.94000203750651,6.59933371908013,7.25557366275272,4533.879691925513,4315.3850900998395,4733.7687120885475,2001.8270908251307,1904.3697285503247,2089.709230377812,2533.1007436898763,2408.7568074642477,2648.284386904743
Med,Other,added_sugar,CED (mJ),-0.513376830650809,-0.523523878792911,-0.501965072908321,-0.340284908512661,-0.347001356284983,-0.3327112973968,-0.173094940847492,-0.176522522507928,-0.169253783092401,-187.38254318754528,-191.0862157594125,-183.2172516115372,-124.20399160712127,-126.6554950440188,-121.43962354983199,-63.17965340933458,-64.43072071539372,-61.777630828726366
US,Other,added_sugar,CED (mJ),-0.512920689306909,-0.523666445459797,-0.502809730264631,-0.339979536083486,-0.347099476424437,-0.333271764351967,-0.172943077436243,-0.17656696903536,-0.169537965912665,-187.2160515970218,-191.13825259282592,-183.52555154659032,-124.0925306704724,-126.6913088949195,-121.64419398846795,-63.12422326422869,-64.4469436979064,-61.88135755812273
Veg,Other,added_sugar,CED (mJ),-0.510550191268767,-0.521072777301988,-0.500033870994133,-0.338402748999771,-0.345391286979372,-0.331430028817809,-0.172146921816305,-0.175688046135094,-0.168603842176324,-186.35081981309995,-190.1915637152256,-182.51236291285855,-123.51700338491642,-126.06781974747078,-120.97196051850028,-62.83362646295133,-64.12613683930931,-61.54040239435825
Vegan,Other,added_sugar,CED (mJ),-0.510352750114736,-0.52049738075553,-0.500028005295894,-0.338272550962403,-0.344993406937567,-0.331431501087957,-0.17208178742605,-0.175503973817963,-0.168596504207937,-186.27875379187864,-189.98154397576843,-182.5102219330013,-123.4694811012771,-125.92259353221196,-120.9724978971043,-62.80985241050824,-64.0589504435565,-61.53772403589701
Med,Dairy,dairy_cow,CED (mJ),1.13797665787086,1.09173625567041,1.18624944735736,0.861672433987883,0.826846414545818,0.898240942584885,0.276302453324119,0.264992003794956,0.288007501743048,415.36148012286395,398.48373331969964,432.9810482854364,314.5104384055773,301.79894130922355,327.85794404348303,100.85039546330344,96.72208138515894,105.12273813621252
US,Dairy,dairy_cow,CED (mJ),2.97887643373803,2.92824598292343,3.02317987516382,2.25548241725227,2.21709005188987,2.28897328271403,0.723407065132617,0.711159996404897,0.734176274705363,1087.289898314381,1068.809783767052,1103.4606544347944,823.2510822970785,809.2378689398025,835.475248190621,264.0435787734052,259.5733986877874,267.9743402674575
Veg,Dairy,dairy_cow,CED (mJ),2.97875391549543,2.93339815658997,3.02979878515351,2.25537914217571,2.22116420816801,2.29400460110379,0.723393056967947,0.712384239998074,0.735762255881149,1087.245179155832,1070.690327155339,1105.8765565810313,823.2133868941341,810.7249359813236,837.3116794028833,264.03846579330065,260.020247599297,268.5532233966194
Vegan,Dairy,dairy_cow,CED (mJ),-2.54428058424771,-2.58928068541313,-2.49754385054777,-1.92610042633849,-1.96020325100551,-1.89085500621047,-0.618176880223916,-0.629183793904931,-0.606754582324879,-928.6624132504141,-945.0874501757924,-911.6035054499359,-703.0266556135489,-715.4741866170111,-690.1620772668216,-225.63456128172936,-229.6520847752998,-221.46542254858085
Med,Dairy,dairy_soy,CED (mJ),-0.00290558660590594,-0.00384417857187226,-0.00195284424136347,-0.002284316009194,-0.00302221886488577,-0.00153528838374377,-6.2127059671193e-4,-8.2195970698649e-4,-4.1755585761969e-4,-1.0605391111556681,-1.4031251787333747,-0.7127881480976666,-0.8337753433558099,-1.103109885683306,-0.560380260066476,-0.22676376779985447,-0.30001529305006885,-0.15240788803118685
US,Dairy,dairy_soy,CED (mJ),-0.00295329579842531,-0.00380536033947969,-0.00199202431944643,-0.0023218240538815,-0.00299170072114064,-0.0015660910035743,-0.00063147174454381005,-8.1365961833905e-4,-4.2593331587213e-4,-1.0779529664252383,-1.3889565239100867,-0.727088876597947,-0.8474657796667475,-1.0919707632163336,-0.5716232163046195,-0.23048718675849067,-0.29698576069375326,-0.15546566029332745
Veg,Dairy,dairy_soy,CED (mJ),-0.00290179308020269,-0.00377539900348007,-0.00194916061536373,-0.00228133361263504,-0.00296814569808895,-0.00153239238820676,-6.2045946756765e-4,-8.0725330539111e-4,-4.1676822715696e-4,-1.0591544742739818,-1.3780206362702256,-0.7114436246077614,-0.8326867686117896,-1.0833731798024668,-0.5593232216954674,-0.22646770566219226,-0.29464745646775514,-0.1521204029122904
Vegan,Dairy,dairy_soy,CED (mJ),0.932288746792707,0.931424344529173,0.93328860293596,0.732947386652062,0.732267810305942,0.733733454219376,0.199341360140645,0.19915653422323,0.199555148716584,340.28539257933807,339.96988575314816,340.6503400716254,267.52579612800264,267.2777507616688,267.81271079007223,72.75959645133543,72.69213499147895,72.83762928155316
Med,Dairy,dairy_tot,CED (mJ),0,0,0,0,0,0,0,0,0,0,0,0,0,0,0,0,0,0
US,Dairy,dairy_tot,CED (mJ),0,0,0,0,0,0,0,0,0,0,0,0,0,0,0,0,0,0
Veg,Dairy,dairy_tot,CED (mJ),0,0,0,0,0,0,0,0,0,0,0,0,0,0,0,0,0,0
Vegan,Dairy,dairy_tot,CED (mJ),0,0,0,0,0,0,0,0,0,0,0,0,0,0,0,0,0,0
Med,Fruit,fruit_exc_juice,CED (mJ),1.43835137214074,1.40681154261979,1.47210466281521,0.809568784524996,0.79215349059724,0.828008246558765,0.628751227472042,0.61442846821447,0.644435715414348,524.9982508313701,513.4862130562234,537.3182019275516,295.4926063516236,289.1360240679926,302.22300999394923,229.49419802729534,224.26639089828154,235.219036126237
US,Fruit,fruit_exc_juice,CED (mJ),0.989477097472178,0.956041882618971,1.02195483612207,0.557296655960632,0.539080515200368,0.575117217948024,0.432277187991502,0.416871997614446,0.446746388937203,361.159140577345,348.95528715592445,373.01351518455556,203.4132794256307,196.76438804813432,209.91778455102875,157.78117361689823,152.15827912927278,163.06243196207907
Veg,Fruit,fruit_exc_juice,CED (mJ),0.990640951323677,0.958513394566379,1.02429206643217,0.558228307253233,0.53992012166881,0.575917750250679,0.432673070789625,0.417578911049075,0.448522341972596,361.5839472331421,349.85738901672835,373.86660424774203,203.75333214743006,197.07084440911564,210.20997884149784,157.92567083821314,152.41630253291237,163.71065481999753
Vegan,Fruit,fruit_exc_juice,CED (mJ),0.989758152274221,0.95457307865615,1.02463608361927,0.557665368398103,0.538326594274659,0.576807404856603,0.432341391782104,0.415769106593056,0.448099711661043,361.2617255800907,348.41917370949477,373.9921705210336,203.5478594653076,196.48920691025054,210.5347027726601,157.80460800046797,151.75572390646545,163.5563947562807
Med,Fruit,fruit_juice,CED (mJ),0.789877224185313,0.768409803422325,0.81039204671361,0.688370582065313,0.669691287046229,0.706351839141851,0.101505171264685,0.0988385082492654,0.104053627730515,288.30518682763926,280.46957824914864,295.7930970504676,251.25526245383924,244.4373197718736,257.8184212867756,37.04938751161003,36.076055510981874,37.979574121637974
US,Fruit,fruit_juice,CED (mJ),0.534202702348436,0.510896683524677,0.556014515210138,0.465251855670684,0.444624839740287,0.484050795536836,0.06910204110605,0.0662896516665574,0.0718882899522776,194.98398635717916,186.4772894865071,202.94529805170038,169.81692731979965,162.28806650520474,176.67854037094514,25.222245003708252,24.19572285829345,26.239225832581322
Veg,Fruit,fruit_juice,CED (mJ),0.533866061202697,0.512559388050271,0.555322067308712,0.464769358520171,0.446434594997111,0.48338586112589,0.069057854800653,0.0663188869312396,0.0716609079564204,194.86111233898438,187.0841766383489,202.69255456767988,169.6408158598624,162.9486271739455,176.43583931094986,25.206117002238347,24.206393729902455,26.156231404093447
Vegan,Fruit,fruit_juice,CED (mJ),0.534107099715735,0.512186865649969,0.555761724816251,0.464950339228594,0.445906406574006,0.484059277635581,0.0690546223753402,0.0662617713573668,0.0718495837296146,194.94909139624326,186.94820596223866,202.8530295579316,169.7068738184368,162.75583839951219,176.68163633698705,25.204937166999173,24.185546545438882,26.22509806130933
Med,Grains,gr_refined,CED (mJ),-0.351390040941821,-0.359465279200257,-0.34372463655718,-0.271917043118947,-0.27827876131135,-0.2659802894147,-0.0794403355324838,-0.0812584863060321,-0.0777204349297301,-128.25736494376468,-131.2048269080938,-125.4594923433707,-99.24972073841565,-101.57174787864274,-97.08280563636549,-28.995722469356586,-29.659347501701713,-28.367958749351487
US,Grains,gr_refined,CED (mJ),-0.351425080682096,-0.359773948534707,-0.342629551181555,-0.271936121178812,-0.278486984687408,-0.265176093299445,-0.0794661215044555,-0.081313919716591,-0.0775253279191043,-128.27015444896503,-131.31749121516805,-125.05978618126758,-99.25668423026637,-101.64774941090393,-96.78927405429744,-29.00513434912626,-29.679580696555714,-28.29674469047307
Veg,Grains,gr_refined,CED (mJ),-0.351383557771427,-0.359162158935783,-0.343591626457444,-0.271959528238854,-0.277950567108005,-0.265802563831702,-0.0794586347426201,-0.0812037678518025,-0.0776636161351384,-128.25499858657085,-131.0941880115608,-125.41094365696706,-99.2652278071817,-101.45195699442182,-97.01793579857122,-29.002401681056337,-29.639375265907912,-28.34721988932552
Vegan,Grains,gr_refined,CED (mJ),-0.351223161205518,-0.359471667356578,-0.342539760728634,-0.271791881839023,-0.278199598532026,-0.265072457193488,-0.0794314033474971,-0.0812949175102377,-0.077488530475213,-128.19645384001407,-131.20715858515098,-125.02701266595142,-99.20403687124339,-101.5428534641895,-96.75144687562312,-28.99246222183644,-29.672644891236757,-28.28331362345274
Med,Grains,gr_whole,CED (mJ),0.440033138853737,0.433592212732729,0.446551648143972,0.352639435285176,0.347480496881121,0.357911518416601,0.087392108936904,0.0861291736110199,0.0887040480203649,160.61209568161402,158.26115764744608,162.9913515725498,128.71339387908924,126.83038136160916,130.63770422205937,31.89811976196996,31.437148368022264,32.37697752743319
US,Grains,gr_whole,CED (mJ),0.440161907582166,0.433988400331652,0.446628687525557,0.352736888804634,0.347771328070928,0.35794886632946,0.087430482863552,0.0862187903184703,0.0886806732463586,160.65909626749058,158.40576612105298,163.0194709468283,128.7489644136914,126.93653474588871,130.6513362102529,31.91212624519648,31.469858466241657,32.36844573492089
Veg,Grains,gr_whole,CED (mJ),0.544128641967416,0.537269758433429,0.550607346767427,0.43601017444834,0.430538216647256,0.441222803388845,0.108092614390439,0.106723644179536,0.109398147255326,198.60695431810683,196.10346182820157,200.97168157011083,159.1437136736441,157.14644907624844,161.04632323692843,39.45380425251024,38.95413012553064,39.93032374819399
Vegan,Grains,gr_whole,CED (mJ),0.543952911986946,0.537409615972973,0.550361764801455,0.435877713562745,0.430661893688264,0.441030323279096,0.10805890986379,0.106754606926155,0.109331392873813,198.54281287523528,196.15450983013514,200.88204415253108,159.09536545040194,157.19159119621636,160.97606799687006,39.44150210028335,38.96543152804657,39.90595839894174
Med,Protein,leg_tot,CED (mJ),0.0713489498052653,0.0668762605876404,0.076321147851396,0.0572918783982732,0.0536345062481328,0.0613398499104862,0.0140642439863965,0.013228797347376,0.0149690892666314,26.042366678921834,24.409835114488747,27.85721896575954,20.91153561536972,19.57659478056847,22.389045217327464,5.133449055034722,4.82851103179224,5.463717582320461
US,Protein,leg_tot,CED (mJ),0.0716837706197748,0.0666436189988659,0.0763315557720121,0.0575548072101495,0.0534524022221629,0.0613567160244547,0.0141242111689024,0.0132209692540056,0.0149649679835397,26.1645762762178,24.32492093458605,27.861017856784418,21.007504631704567,19.51012681108946,22.395201348925966,5.155337076649376,4.825653777712044,5.462213313991991
Veg,Protein,leg_tot,CED (mJ),0.463388334762612,0.458635106367828,0.467965716751857,0.376119003257461,0.372198314618054,0.379877625181037,0.0872530915907352,0.0863897063693372,0.0881173412934127,169.13674218835337,167.40181382425723,170.8074866144278,137.28343618897327,135.85238483558973,138.6553331910785,31.84737843061835,31.532242824808076,32.16282957209563
Vegan,Protein,leg_tot,CED (mJ),0.518045730349238,0.513548828018019,0.522608561208203,0.420584482375869,0.416890541889447,0.42434696505632,0.0974643320297809,0.0966202500354455,0.0982985138412651,189.08669157747184,187.44532222657696,190.7521248409941,153.51333606719217,152.16504778964816,154.8866422455568,35.57448119087003,35.26639126293761,35.87895755206176
Med,Other,oil,CED (mJ),-0.00909359517018428,-0.0125671709402435,-0.00560084181849183,-0.00757382753550174,-0.0104731625591646,-0.00465331314333294,-0.00152117948664607,-0.00209484774971866,-9.4561143539543e-4,-3.3191622371172618,-4.587017393188877,-2.044307263749518,-2.764447050458135,-3.8227043340950786,-1.6984592973165231,-0.5552305126258155,-0.7646194286473109,-0.34514817391933195
US,Other,oil,CED (mJ),-0.00918255093292125,-0.0126921805330699,-0.00564123608956906,-0.00764398812560088,-0.010573877158329,-0.0046917955647487,-0.00153573008282093,-0.00211826353975277,-9.4944052482035e-4,-3.351631090516256,-4.632645894570514,-2.0590511726927065,-2.790055665844321,-3.859465162790085,-1.7125053811332756,-0.5605414802296395,-0.773166192009761,-0.3465457915594278
Veg,Other,oil,CED (mJ),-0.00912297870939931,-0.0127051983286826,-0.00563801789134404,-0.00759493302484912,-0.0105883405369664,-0.0046893377672729,-0.00152758254874052,-0.0021168577917161,-9.4874255979254e-4,-3.3298872289307484,-4.6373973899691485,-2.0578765303405744,-2.772150554069929,-3.864744295992736,-1.7116082850546084,-0.5575676302902898,-0.7726530939763765,-0.3462910343242771
Vegan,Other,oil,CED (mJ),-0.00899898912852338,-0.012474271613217,-0.0055956373126865,-0.00749245195148982,-0.0103931032590205,-0.00465356283056677,-0.00150509325824347,-0.00208068666007417,-9.4233957677189e-4,-3.284631031911034,-4.553109138824205,-2.0424076191305724,-2.7347449622937843,-3.7934826895424827,-1.698550433156871,-0.5493590392588665,-0.759450630927072,-0.34395394552173986
Med,Protein,pf_egg,CED (mJ),-0.191697712348976,-0.220876647507453,-0.162025897581071,-0.141594900523244,-0.163147522985516,-0.119678219260209,-0.0501028118257319,-0.0577291245219365,-0.0423476783208628,-69.96966500737624,-80.61997634022035,-59.13945261709092,-51.68213869098406,-59.548845889713334,-43.682550029976284,-18.287526316392142,-21.07113045050682,-15.456902587114923
US,Protein,pf_egg,CED (mJ),-0.191881331875684,-0.223091462625505,-0.162091518633894,-0.141730528582128,-0.164783465963005,-0.119726689355823,-0.0501508032935561,-0.0583079966625,-0.0423648292780709,-70.03668613462466,-81.42838385830933,-59.163404301371315,-51.731642932476724,-60.14596507649682,-43.700241614875395,-18.305043202147974,-21.2824187818125,-15.463162686495878
Veg,Protein,pf_egg,CED (mJ),-0.26971888316539,-0.303026707182835,-0.24144735367588,-0.19922417415978,-0.223826544060837,-0.178341794518131,-0.0704947090056095,-0.079200163121998,-0.0631055591577496,-98.44739235536736,-110.60474812173477,-88.1282840916962,-72.7168235683197,-81.6966885822055,-65.09475499911782,-25.730568787047467,-28.90805953952927,-23.033529092578604
Vegan,Protein,pf_egg,CED (mJ),-0.939814935129289,-0.968430184392318,-0.908793511190533,-0.694181483019672,-0.71531774658379,-0.671267931350881,-0.245633452109616,-0.253112437808528,-0.237525579839653,-343.0324513221905,-353.4770173031961,-331.7096315845445,-253.37624130218026,-261.09097750308337,-245.01279494307158,-89.65621002000985,-92.38603980011271,-86.69683664147334
Med,Protein,pf_ns,CED (mJ),-0.0210057519106664,-0.0282570398574405,-0.0147684407335021,-0.0184153493660259,-0.0247304406070549,-0.0129626364031679,-0.00257429682294121,-0.00345457228970951,-0.00178772892636168,-7.667099447393236,-10.313819547965783,-5.390480867728266,-6.721602518599454,-9.026610821575039,-4.7313622871562835,-0.9396183403735417,-1.260918885743971,-0.6525210581220132
US,Protein,pf_ns,CED (mJ),-0.0214241722482427,-0.028501843469474,-0.0143989627215619,-0.0188046910426558,-0.0249934395523887,-0.0126093724832826,-0.00261641659372657,-0.00349840349888618,-0.00177944334290596,-7.8198228706085855,-10.40317286635801,-5.2556213933700935,-6.863712230569368,-9.122605436621875,-4.6024209563981495,-0.954992056710198,-1.2769172770934556,-0.6494968201606754
Veg,Protein,pf_ns,CED (mJ),0.0372229228030836,0.0300643827978384,0.0442212666805979,0.0327078819983038,0.0264762954573015,0.0388742698681768,0.0045133183256187,0.00365922876119455,0.00535362940584217,13.586366823125513,10.973499721211017,16.140762338418234,11.938376929380889,9.663847841915047,14.189108501884531,1.6473611888508255,1.3356184978360108,1.954074733132392
Vegan,Protein,pf_ns,CED (mJ),0.0590163836040514,0.0522081618400337,0.0655510146359604,0.0518566592125312,0.0458940328138982,0.0575839803132865,0.00717053021046491,0.00632933372283332,0.00798528498831261,21.54098001547876,19.0559790716123,23.926120342125547,18.927680612573887,16.751321977072845,21.018152814349573,2.617243526819692,2.310206808834162,2.9146290207341026
Med,Protein,pf_pm,CED (mJ),0,0,0,0,0,0,0,0,0,0,0,0,0,0,0,0,0,0
US,Protein,pf_pm,CED (mJ),0,0,0,0,0,0,0,0,0,0,0,0,0,0,0,0,0,0
Veg,Protein,pf_pm,CED (mJ),0,0,0,0,0,0,0,0,0,0,0,0,0,0,0,0,0,0
Vegan,Protein,pf_pm,CED (mJ),0,0,0,0,0,0,0,0,0,0,0,0,0,0,0,0,0,0
Med,Protein,pf_poultry,CED (mJ),0,0,0,0,0,0,0,0,0,0,0,0,0,0,0,0,0,0
US,Protein,pf_poultry,CED (mJ),0,0,0,0,0,0,0,0,0,0,0,0,0,0,0,0,0,0
Veg,Protein,pf_poultry,CED (mJ),0,0,0,0,0,0,0,0,0,0,0,0,0,0,0,0,0,0
Vegan,Protein,pf_poultry,CED (mJ),0,0,0,0,0,0,0,0,0,0,0,0,0,0,0,0,0,0
Med,Protein,pf_poultry_tot,CED (mJ),-0.367938424969772,-0.414404453490104,-0.322804087829624,-0.300280167517856,-0.337892905217843,-0.263350543062035,-0.0677512024713153,-0.0763571415791944,-0.0592629967065225,-134.2975251139668,-151.25762552388798,-117.82349205781276,-109.60226114401745,-123.3309104045127,-96.12294821764277,-24.729188902030085,-27.870356676405958,-21.630993797880713
US,Protein,pf_poultry_tot,CED (mJ),-0.368362260404239,-0.414086559730015,-0.322353978928637,-0.30047474089039,-0.3377189904809,-0.262809677301781,-0.0678215577026678,-0.0763770649699831,-0.0590219653120185,-134.45222504754722,-151.14159430145548,-117.6592023089525,-109.67328042499236,-123.2674315255285,-95.92553221515007,-24.75486856147375,-27.877628714043833,-21.543017338886752
Veg,Protein,pf_poultry_tot,CED (mJ),-1.79045675405638,-1.83405412385394,-1.74747434722616,-1.45737647517777,-1.49270006131995,-1.42267313924452,-0.333139935768838,-0.341335758074661,-0.324978489590849,-653.5167152305787,-669.4297552066881,-637.8281367375484,-531.9424134398861,-544.8355223817817,-519.2756958242499,-121.59607655562587,-124.58755169725126,-118.6171487006599
Vegan,Protein,pf_poultry_tot,CED (mJ),-1.79052168581742,-1.83579355975325,-1.74632896336176,-1.4572816526364,-1.49405485327261,-1.42128577112079,-0.333205161236539,-0.341701436604506,-0.324839224730549,-653.5404153233583,-670.0646493099363,-637.4100716270424,-531.907803212286,-545.3300214445026,-518.7693064590884,-121.61988385133672,-124.7210243606447,-118.56631702665038
Med,Protein,pf_redm,CED (mJ),0,0,0,0,0,0,0,0,0,0,0,0,0,0,0,0,0,0
US,Protein,pf_redm,CED (mJ),0,0,0,0,0,0,0,0,0,0,0,0,0,0,0,0,0,0
Veg,Protein,pf_redm,CED (mJ),0,0,0,0,0,0,0,0,0,0,0,0,0,0,0,0,0,0
Vegan,Protein,pf_redm,CED (mJ),0,0,0,0,0,0,0,0,0,0,0,0,0,0,0,0,0,0
Med,Protein,pf_redm_tot,CED (mJ),-0.976690703830852,-1.10465132916149,-0.86072074647704,-0.748334583101832,-0.846292318551447,-0.659752172488853,-0.228391976964784,-0.258111907391196,-0.20112651188181,-356.492106898261,-403.1977351439438,-314.1630724641196,-273.1421228321687,-308.8966962712782,-240.80954295843134,-83.36307159214616,-94.21084619778654,-73.41117683686065
US,Protein,pf_redm_tot,CED (mJ),-0.977362802019134,-1.10411124786232,-0.858713091563259,-0.748841436159346,-0.845609930300854,-0.657958669562541,-0.228536864978174,-0.258044574192841,-0.200662534541719,-356.7374227369839,-403.0006054697468,-313.43027842058956,-273.3271241981613,-308.6476245598117,-240.15491439032746,-83.41595571703351,-94.18626958038696,-73.24182510772744
Veg,Protein,pf_redm_tot,CED (mJ),-4.77475022872169,-4.89137986842499,-4.65205451877498,-3.65468113760502,-3.74393976724586,-3.56031502090357,-1.12003065691215,-1.14744010117913,-1.09148513811663,-1742.7838334834166,-1785.3536519751215,-1697.9998993528677,-1333.9586152258323,-1366.5380150447388,-1299.5149826298032,-408.81118977293477,-418.8156369303824,-398.3920754125699
Vegan,Protein,pf_redm_tot,CED (mJ),-4.77515627183102,-4.89122749082476,-4.65784236552215,-3.65505558819179,-3.74395732268594,-3.56505958115624,-1.12015893136141,-1.14727016813882,-1.0927224275753,-1742.9320392183222,-1785.2980341510374,-1700.1124634155847,-1334.0952896900033,-1366.5444227803682,-1301.2467471220277,-408.85800994691465,-418.7536113706693,-398.8436860649845
Med,Protein,pf_seafood,CED (mJ),10.0153263840721,9.79331997473461,10.2341103999903,6.25940235176783,6.12132484654318,6.39692016069772,3.7554241201089,3.67170834181594,3.83824561790496,3655.5941301863168,3574.5617907781325,3735.4502959964593,2284.6818583952577,2234.283568988261,2334.875858654668,1370.7298038397485,1340.1735447628182,1400.9596505353104
US,Protein,pf_seafood,CED (mJ),3.44028070496106,3.21897962330651,3.67284745378836,2.15428809097701,2.01592143882151,2.29977997673442,1.28598179067785,1.20279156773191,1.37223276224849,1255.702457310787,1174.9275625068763,1340.5893206327514,786.3151532066087,735.8113251698511,839.4196915080634,469.38335359741524,439.0189222221472,500.86495822069884
Veg,Protein,pf_seafood,CED (mJ),-4.06784940059028,-4.27881406117785,-3.84981623610395,-2.53300776838953,-2.66609049515171,-2.39639778753242,-1.53437100930296,-1.61394728577958,-1.45323224674486,-1484.7650312154522,-1561.7671323299153,-1405.1829261779417,-924.5478354621783,-973.1230307303741,-874.6851924493333,-560.0454183955804,-589.0907593095467,-530.4297700618739
Vegan,Protein,pf_seafood,CED (mJ),-4.06626639012424,-4.28044268058949,-3.84702630440965,-2.53191753674289,-2.66697529173955,-2.39453906955015,-1.53385023175897,-1.61483507098994,-1.45239057520988,-1484.1872323953476,-1562.361578415164,-1404.1646011095222,-924.1499009111549,-973.4459814849358,-874.0067603858048,-559.8553345920241,-589.414800911328,-530.1225599516063
Med,Other,sat_fat,CED (mJ),-0.85094152260676,-0.863372208740939,-0.839191505924724,-0.654659180732528,-0.664163058681282,-0.645639819966935,-0.196298661692228,-0.199141338036208,-0.193556503030617,-310.5936557514674,-315.1308561904427,-306.3048996625243,-238.95060096737274,-242.41951641866794,-235.65853428793127,-71.64901151766323,-72.68658838321592,-70.6481236061752
US,Other,sat_fat,CED (mJ),-0.851005967298362,-0.861850836374519,-0.839149884068903,-0.654708419111526,-0.663149258619746,-0.645521553307638,-0.196317731842674,-0.198797530948667,-0.193628330761265,-310.61717806390214,-314.57555527669945,-306.2897076851496,-238.968572975707,-242.04947939620732,-235.61536695728788,-71.65597212257602,-72.56109879626345,-70.67434072786173
Veg,Other,sat_fat,CED (mJ),-0.81329134086458,-0.825469063097696,-0.801914434304748,-0.625723833474214,-0.635173529154753,-0.61696082221393,-0.187573821225095,-0.190320717550917,-0.184952997885214,-296.8513394155717,-301.29620803065905,-292.698768521233,-228.38919921808812,-231.83833814148485,-225.19070010808446,-68.46444474715967,-69.46706190608471,-67.50784422810311
Vegan,Other,sat_fat,CED (mJ),-0.814202388754848,-0.825757778630491,-0.802116371025325,-0.626383521382485,-0.635285925198606,-0.617053092967771,-0.187783386186218,-0.190483730098922,-0.185020004232894,-297.18387189551953,-301.40158920012925,-292.7724754242436,-228.62998530460703,-231.87936269749122,-225.2243789332364,-68.54093595796958,-69.52656148610653,-67.5323015450063
Med,Other,sodium,CED (mJ),0,0,0,0,0,0,0,0,0,0,0,0,0,0,0,0,0,0
US,Other,sodium,CED (mJ),0,0,0,0,0,0,0,0,0,0,0,0,0,0,0,0,0,0
Veg,Other,sodium,CED (mJ),0,0,0,0,0,0,0,0,0,0,0,0,0,0,0,0,0,0
Vegan,Other,sodium,CED (mJ),0,0,0,0,0,0,0,0,0,0,0,0,0,0,0,0,0,0
Med,Other,ssb,CED (mJ),0,0,0,0,0,0,0,0,0,0,0,0,0,0,0,0,0,0
US,Other,ssb,CED (mJ),0,0,0,0,0,0,0,0,0,0,0,0,0,0,0,0,0,0
Veg,Other,ssb,CED (mJ),0,0,0,0,0,0,0,0,0,0,0,0,0,0,0,0,0,0
Vegan,Other,ssb,CED (mJ),0,0,0,0,0,0,0,0,0,0,0,0,0,0,0,0,0,0
Med,Vegetables,veg_dg,CED (mJ),0.0431979974318704,0.0332073834837326,0.0525647656003371,0.0316057919998476,0.024004515501121,0.0388330210903019,0.0116075420294697,0.009203215600535,0.0138050911412563,15.767269062632696,12.1206949715624,19.18613944412304,11.536114079944374,8.761648157909164,14.174052697960194,4.2367528407564405,3.359173694195275,5.03885826655855
US,Vegetables,veg_dg,CED (mJ),0.04299171139566,0.0336429865805449,0.0518249299395794,0.031410231301928,0.0242586078313787,0.0380724024893296,0.011548200841767,0.00923165303839262,0.0137638338447238,15.6919746594159,12.279690101898888,18.91609942794648,11.46473442520372,8.854391858453225,13.896426908605305,4.215093307244955,3.3695533590133064,5.023799353324187
Veg,Vegetables,veg_dg,CED (mJ),0.0431825736653299,0.033730415674786,0.0525385869732835,0.0315759573548685,0.0243886730099289,0.0385810531497922,0.0116126934219067,0.00923042283231915,0.013963722389359,15.761639387845413,12.311601721296888,19.176584245248478,11.525224434527,8.90186564862405,14.082084399674152,4.238633098995945,3.3691043337964897,5.096758672116035
Vegan,Vegetables,veg_dg,CED (mJ),0.0428780685271991,0.0332154008389802,0.0519669038226367,0.0313690570505991,0.0241463117990802,0.0382087574863579,0.0115343127696544,0.00914161906911732,0.0137434636715343,15.650495012427672,12.123621306227772,18.967919895262394,11.44970582346867,8.813403806664274,13.946196482520634,4.210024160923856,3.3366909602278216,5.016364240110019
Med,Vegetables,veg_exc_sta,CED (mJ),0,0,0,0,0,0,0,0,0,189.10800323503946,178.23174975371361,199.63524147729737,117.39309106743947,110.13185015127489,124.44410565547619,71.73003917794031,68.11187490730346,75.29785477583066
US,Vegetables,veg_exc_sta,CED (mJ),0,0,0,0,0,0,0,0,0,189.14848924757203,178.6109678739968,199.16583847981704,117.4287236275681,110.22488531153975,124.07511518662002,71.74224170569275,68.17645710980354,75.20443716697095
Veg,Vegetables,veg_exc_sta,CED (mJ),0,0,0,0,0,0,0,0,0,189.04486641359378,178.4537291286192,199.35487758215723,117.31291332879117,110.27455054837979,124.12215877183775,71.71814399027733,68.06026934471163,75.2340415652095
Vegan,Vegetables,veg_exc_sta,CED (mJ),0,0,0,0,0,0,0,0,0,188.7725225895555,177.9951035053841,199.3039350558877,117.18549031203939,109.97989550768696,124.13609286228653,71.60901079516111,67.87182395901306,75.22905968105069
Med,Vegetables,veg_oth,CED (mJ),0.00871763368473351,-1.9102357453522e-4,0.0179465993018496,0.00521674607848613,-2.7847403542627e-4,0.0108842449239908,0.00349345257645053,8.49725589936048e-5,0.00703519090205802,3.181936294927731,-0.0697236047053553,6.5505087451751045,1.9041123186474376,-0.10164302293058855,3.972749397256642,1.2751101904044433,0.03101498403266575,2.567844679251177
US,Vegetables,veg_oth,CED (mJ),0.00905971500185593,-4.7956483209801e-4,0.0180593633834901,0.00542769129401101,-4.4774598555728e-4,0.0110011215486394,0.00361519614199763,-2.72427385839e-5,0.00708291863053138,3.3067959756774146,-0.17504116371577363,6.591667634973886,1.9811073223140188,-0.1634272847284072,4.015409365253381,1.319546591829135,-0.0099435995831235,2.585265300143954
Veg,Vegetables,veg_oth,CED (mJ),0.0086202032892342,-0.00100563058106041,0.0176206384631393,0.00514444159057969,-7.4505501994896e-4,0.0107444405715658,0.00346703560242552,-2.5961643824082e-4,0.00691357924493378,3.146374200570483,-0.3670551620870497,6.431533039045844,1.8777211805615868,-0.27194508228137043,3.9217208086215174,1.2654679948853147,-0.0947599999578993,2.52345642440083
Vegan,Vegetables,veg_oth,CED (mJ),0.00840998744125839,-0.00124528243918012,0.0175933160589621,0.00505131563841367,-9.2223861263523e-4,0.0106696777734398,0.00337198410082885,-3.0105104504028e-4,0.00693570070630711,3.0696454160593123,-0.45452809030074376,6.421560361521166,1.8437302080209894,-0.33661709361185893,3.8944323873055273,1.23077419680253,-0.10988363143970219,2.5315307578020954
Med,Vegetables,veg_ro,CED (mJ),0.466188487335559,0.455289803799607,0.476434502158902,0.284802368955747,0.278005054839168,0.29122548920619,0.181419660676108,0.177319688298837,0.185455210493208,170.15879787747903,166.18077838685656,173.89859328799923,103.95286466884765,101.47184501629631,106.29730356025935,66.21817614677943,64.72168622907552,67.69115183002093
US,Vegetables,veg_ro,CED (mJ),0.466163612636928,0.456181695714558,0.475775538128484,0.284884607890549,0.278175125309082,0.290858298391127,0.181390689881147,0.177580403699653,0.185192801406857,170.14971861247872,166.50631893581368,173.65807141689666,103.98288188005037,101.53392073781494,106.16327891276134,66.20760180661865,64.81684735037335,67.59537251350281
Veg,Vegetables,veg_ro,CED (mJ),0.466128363904597,0.456189541286053,0.476018521364008,0.28468484305124,0.278478438306951,0.290735215242581,0.181408336702455,0.177495684961296,0.185243360188199,170.1368528251779,166.50918256940935,173.74676029786292,103.90996771370259,101.64462998203712,106.11835356354207,66.21404289639607,64.78592501087304,67.61382646869264
Vegan,Vegetables,veg_ro,CED (mJ),0.465896937427585,0.45568769942317,0.47647795835371,0.284635765152191,0.278090709026396,0.291220449294412,0.181282773801191,0.177109634603356,0.185427848446955,170.05238216106852,166.32601028945706,173.91445479910413,103.89205428054973,101.50310879463454,106.29546399246037,66.16821243743472,64.64501663022493,67.68116468313858
Med,Vegetables,veg_sta,CED (mJ),0.319237650858539,0.30391028977029,0.33401920804208,0.141653265128532,0.134834084677238,0.14838964540677901,0.177631346659815,0.169145186562299,0.18589425160386,116.52174256336673,110.92725576615585,121.9170109353592,51.70344177191418,49.21444090719187,54.16222057347434,64.83544153083248,61.73799309523913,67.8514018354089
US,Vegetables,veg_sta,CED (mJ),0.319492393960571,0.304414723432774,0.333334673890813,0.141729322807057,0.134905189447168,0.148046243139754,0.177784320496533,0.169503084136345,0.18556200079239,116.61472379560841,111.1113740529625,121.66715597014675,51.7312028245758,49.240394148216325,54.03687874601021,64.89127698123454,61.86862570976592,67.73013028922234
Veg,Vegetables,veg_sta,CED (mJ),0.319361270244742,0.304852696258794,0.333724103228796,0.141638931118037,0.13496058210687,0.14820407558037,0.177626067337487,0.169541152471563,0.185786679974522,116.56686363933082,111.27123413445982,121.80929767851053,51.6982098580835,49.260612469007555,54.09448758683505,64.83351457818276,61.8825206521205,67.81213819070054
Vegan,Vegetables,veg_sta,CED (mJ),0.319461965556849,0.303673876168523,0.333985251061404,0.141658038255775,0.134751667322232,0.148241077039977,0.177829075725471,0.168940666725639,0.18614069954378001,116.60361742824989,110.84096480151089,121.90461663741245,51.705183963357875,49.184358572614684,54.107993119591605,64.90761263979691,61.66334335485824,67.9413553334797
Med,Other,added_sugar,FL (mrh-eq),-0.0237825965359421,-0.0242555243473373,-0.0232541901384606,-0.0157652071352436,-0.0160791227445365,-0.0154150100320946,-0.00801709353146766,-0.0081764016028008,-0.00783918010636605,-8.680647735618866,-8.853266386778113,-8.48777940053812,-5.754300604363914,-5.868879801755822,-5.626478661714529,-2.9262391389856957,-2.984386585022292,-2.8613007388236085
US,Other,added_sugar,FL (mrh-eq),-0.023762696557522,-0.0242598231932907,-0.0232890116917825,-0.0157523833188935,-0.0160819317723722,-0.0154380843261944,-0.00801047791179711,-0.00817789142091843,-0.0078509273655881,-8.67338424349553,-8.854835465551105,-8.500489267500614,-5.7496199113961275,-5.869905096915853,-5.634900779060956,-2.923824437805945,-2.984930368635227,-2.8655884884396565
Veg,Other,added_sugar,FL (mrh-eq),-0.0236555329128126,-0.02415095606746,-0.023173938822161,-0.0156814348930256,-0.0160096087512762,-0.0153618764266065,-0.00797428643748667,-0.00814134731618376,-0.00781222347383007,-8.6342695131766,-8.8150989646229,-8.458487670088765,-5.723723735954343,-5.843507194215813,-5.607084895711372,-2.9106145496826348,-2.9715917704070725,-2.8514615679479753
Vegan,Other,added_sugar,FL (mrh-eq),-0.0236423922843954,-0.024107070932309,-0.0231530085923116,-0.0156724884911828,-0.0159802465817272,-0.0153479233475295,-0.00796980372333697,-0.00812667068056882,-0.00780508524478208,-8.629473183804322,-8.799080890292785,-8.450848136193734,-5.720458299281723,-5.832790002330428,-5.601992021848267,-2.908978359017994,-2.9662347984076196,-2.848856114345459
Med,Dairy,dairy_cow,FL (mrh-eq),0.0258608536208917,0.0248100269062961,0.0269578669332018,0.0195817590197416,0.0187903275042001,0.0204127891128639,0.0062790543646803,0.00602202107877139,0.00654505502619976,9.43921157162547,9.055659820798077,9.839621430618658,7.147342042205684,6.858469539033037,7.4506680261953235,2.2918548431083097,2.1980376937515573,2.3889450845629123
US,Dairy,dairy_cow,FL (mrh-eq),0.0676958414522817,0.0665452495941624,0.0687026501646483,0.0512565000640595,0.0503840222905221,0.0520175898134435,0.0164396379225526,0.0161613196903974,0.0166843713715626,24.708982130082823,24.289016101869276,25.07646731009663,18.708622523381717,18.390168136040568,18.986420281906877,6.000467841731699,5.8988816869950504,6.089795550620349
Veg,Dairy,dairy_cow,FL (mrh-eq),0.0676930571892515,0.0666623342532354,0.0688530668372482,0.0512541531076268,0.0504766086879749,0.0521319280008727,0.0164393195828982,0.0161891409854481,0.0167204132593718,24.7079658740768,24.331752002430918,25.131369395595595,18.70776588428378,18.423962171110837,19.028153720318535,6.000351647757843,5.909036459688556,6.102950839670706
Vegan,Dairy,dairy_cow,FL (mrh-eq),-0.057819523190232,-0.0588421636996969,-0.0567574171966047,-0.043771197625329,-0.0445461943273026,-0.0429702351060777,-0.0140482510785423,-0.0142983864231943,-0.0137886760055932,-21.10412596443468,-21.477389750389367,-20.716457276760718,-15.976487133245085,-16.259360929465448,-15.68413581371836,-5.127611643667939,-5.218911044465919,-5.032866742041517
Med,Dairy,dairy_soy,FL (mrh-eq),-4.8749318828448e-4,-6.4496816736688e-4,-3.2764408519444e-4,-3.8325771880548e-4,-5.0706150253515e-4,-2.5758744468538e-4,-1.04235469479e-4,-1.3790666483172e-4,-7.00566405090586e-5,-0.1779350137238352,-0.2354133810889112,-0.11959009109597062,-0.1398890673640002,-0.18507744842532978,-0.0940194173101637,-0.038045946359835,-0.050335932663577804,-0.02557067378580639
US,Dairy,dairy_soy,FL (mrh-eq),-4.9549773591162e-4,-6.3845532626479e-4,-3.3421763600276e-4,-3.8955073937966e-4,-5.0194123278838e-4,-2.6275544322935e-4,-1.0594699653196e-4,-1.365140934764e-4,-7.14621927734105e-5,-0.1808566736077413,-0.23303619408664836,-0.12198943714100739,-0.1421860198735759,-0.1832085499677587,-0.09590573677871275,-0.0386706537341654,-0.049827644118886,-0.026083700362294834
Veg,Dairy,dairy_soy,FL (mrh-eq),-4.8685671854851e-4,-6.3342847654638e-4,-3.2702605419876e-4,-3.8275733860538e-4,-4.9798922073538e-4,-2.5710156066639e-4,-1.0409937994312e-4,-1.3543925581099e-4,-6.99244935323731e-5,-0.17770270227020615,-0.23120139393942868,-0.11936450978254741,-0.13970642859096372,-0.18176606556841368,-0.09384206964323234,-0.0379962736792388,-0.04943532837101135,-0.02552244013931618
Vegan,Dairy,dairy_soy,FL (mrh-eq),0.156417438272854,0.156272410685463,0.156585192026299,0.122972365593071,0.122858347708015,0.123104250350462,0.0334450726797833,0.0334140629774481,0.0334809416758378,57.09236496959171,57.039429900193994,57.153595089599136,44.884913441470914,44.843296913425476,44.93305137791863,12.207451528120904,12.196132986768557,12.220543711680797
Med,Dairy,dairy_tot,FL (mrh-eq),0,0,0,0,0,0,0,0,0,0,0,0,0,0,0,0,0,0
US,Dairy,dairy_tot,FL (mrh-eq),0,0,0,0,0,0,0,0,0,0,0,0,0,0,0,0,0,0
Veg,Dairy,dairy_tot,FL (mrh-eq),0,0,0,0,0,0,0,0,0,0,0,0,0,0,0,0,0,0
Vegan,Dairy,dairy_tot,FL (mrh-eq),0,0,0,0,0,0,0,0,0,0,0,0,0,0,0,0,0,0
Med,Fruit,fruit_exc_juice,FL (mrh-eq),0.0881381152508998,0.086219523030424,0.0900608779644976,0.0497503303731031,0.0486939978421379,0.0508086618761015,0.0383752102583952,0.0375219218170835,0.0392604929736955,32.17041206657843,31.470125906104762,32.87222045704163,18.15887058618263,17.773309212380333,18.54516158477705,14.006951744314248,13.695501463235477,14.330079935398858
US,Fruit,fruit_exc_juice,FL (mrh-eq),0.0605778104899806,0.0585945374030368,0.0624591798677392,0.0342305683785636,0.0331583859452862,0.035270509061384,0.0263593647705384,0.0254500701095274,0.027238251470917,22.11090082884292,21.387006152108434,22.797600651724807,12.494157458175714,12.102810870029463,12.87373580740516,9.621168141246516,9.289275589977501,9.941961786884706
Veg,Fruit,fruit_exc_juice,FL (mrh-eq),0.0607025026722182,0.0587374251679272,0.062641166971431,0.0342949244451784,0.0331859518689163,0.0353644307030273,0.0263971504898403,0.02552612932185,0.027292351202234,22.156413475359646,21.439160186293428,22.864025944572315,12.517647422490116,12.112872432154449,12.908017206604963,9.63495992879171,9.31703720247525,9.96170818881541
Vegan,Fruit,fruit_exc_juice,FL (mrh-eq),0.0606225319300417,0.0585201392874503,0.0627146961148209,0.0342551589923766,0.0330837415857805,0.0354162139165941,0.0263707036354621,0.0254085024091329,0.0272943526089652,22.12722415446522,21.35985083991936,22.89086408190963,12.503133032217459,12.075565678809882,12.926918079556847,9.625306826943666,9.274103379333509,9.962438702272298
Med,Fruit,fruit_juice,FL (mrh-eq),0.0500785042381786,0.0487227916146319,0.051397026101453,0.0436104259652381,0.042417832972951,0.0447494225910332,0.00646314145248615,0.0062934079892493,0.0066248607766708,18.278654046935188,17.783818939340645,18.759914527030343,15.917805477311907,15.482509035127116,16.333539245727117,2.3590466301574446,2.2970939160759944,2.4180741834848423
US,Fruit,fruit_juice,FL (mrh-eq),0.0339111791405251,0.0324586534006181,0.0352894054753047,0.0295106180432883,0.0282372479833225,0.030704966849041,0.00440669500692083,0.0042263578221333,0.00458588859214439,12.37758038629166,11.847408491225606,12.880632998486217,10.771375585800229,10.306595513912713,11.207312899899966,1.6084436775261028,1.5426206050786544,1.6738493361327023
Veg,Fruit,fruit_juice,FL (mrh-eq),0.0338877519517495,0.0325690247614302,0.0352070852061214,0.0294835561031352,0.0283352834706783,0.0306331231198088,0.00440289133358728,0.00423265829533301,0.00456777704655699,12.369029462388568,11.887694037922023,12.85058610023431,10.761497977644348,10.34237846679758,11.181089938730212,1.6070553367593572,1.5449202777965487,1.6672386219933015
Vegan,Fruit,fruit_juice,FL (mrh-eq),0.0338958929469509,0.0325312178174253,0.0352505429981585,0.0294933643699701,0.0282925462170032,0.0306741949300201,0.00440431220547003,0.00422548244832895,0.00457593733743231,12.372000925637078,11.873894503360235,12.866448194327853,10.765077995039087,10.326779369206168,11.196081149457337,1.607573954996561,1.542301093640067,1.670217128162793
Med,Grains,gr_refined,FL (mrh-eq),-0.00794615043288047,-0.00813789468987137,-0.00776366189403355,-0.00613598249918203,-0.00628269752399126,-0.00599579931818114,-0.00181038706317489,-0.0018542866414304,-0.00176923323417365,-2.9003449080013715,-2.97033156180305,-2.833736591322246,-2.239633612201441,-2.2931845962568103,-2.188466751136116,-0.6607912780588349,-0.676814624122096,-0.6457701304733823
US,Grains,gr_refined,FL (mrh-eq),-0.00794626579489283,-0.00812697245556971,-0.0077507898941479,-0.00613699396709324,-0.00627591449080446,-0.00598514368153261,-0.00181018390679571,-0.00185143404161095,-0.00176531670131392,-2.9003870151358826,-2.9663449462829443,-2.8290383113639836,-2.2400027979890327,-2.2907087891436277,-2.1845774437594025,-0.6607171259804342,-0.6757734251879968,-0.6443405959795808
Veg,Grains,gr_refined,FL (mrh-eq),-0.00794666350688636,-0.00811554806585502,-0.00776254332895801,-0.00613649192847469,-0.00626680346139141,-0.00599208905797565,-0.00181019999286753,-0.00184934564596843,-0.00176725991890959,-2.9005321800135215,-2.962175044037082,-2.8333283150696738,-2.239819553893262,-2.2873832634078646,-2.1871125061611125,-0.6607229973966484,-0.675011160778477,-0.6450498704020003
Vegan,Grains,gr_refined,FL (mrh-eq),-0.00794182053172213,-0.00813195816355556,-0.00775593925073628,-0.00613271993845387,-0.00627922520408771,-0.00598890412990083,-0.00180926810426991,-0.00185392558211368,-0.00176679111943545,-2.8987644940785775,-2.9681647296977793,-2.8309178265187422,-2.2384427775356626,-2.2919171994920142,-2.185950007413803,-0.6603828580585172,-0.6766828374714932,-0.6448787585939393
Med,Grains,gr_whole,FL (mrh-eq),0.00787024776750376,0.00774837446602652,0.00798856193141487,0.00630830861124323,0.00621072613543723,0.00640319925682925,0.00156181167727593,0.00153822914958006,0.001585163221723,2.8726404351388726,2.82815668009968,2.915825104966428,2.302532643103779,2.266915039434589,2.337167728742676,0.5700612622057144,0.5614536395967219,0.578584575928895
US,Grains,gr_whole,FL (mrh-eq),0.00786921648590278,0.00775849506614441,0.00798956296608937,0.00630743027405832,0.00621810361234998,0.00640358167464364,0.00156168476679671,0.00153997830135355,0.00158536725502825,2.8722640173545146,2.8318506991427097,2.9161904826226204,2.3022120500312866,2.2696078185077426,2.3373073112449285,0.5700149398807991,0.5620920799940458,0.5786590480853113
Veg,Grains,gr_whole,FL (mrh-eq),0.00973010140009939,0.00959727954652847,0.00984521510708284,0.00779885949105763,0.00769284844038149,0.00789166584027452,0.00193133700755908,0.00190534608323606,0.00195455919845837,3.5514870110362775,3.503007034482892,3.5935035140852367,2.846583714236035,2.807889680739244,2.8804580317001993,0.7049380077590642,0.6954513203811619,0.7134141074373052
Vegan,Grains,gr_whole,FL (mrh-eq),0.00972723629713258,0.00960222212662557,0.0098438621670277,0.00779644306771105,0.00769650394178929,0.00789089291644421,0.00193068678747232,0.00190612484122714,0.00195382288119421,3.5504412484533914,3.504811076218333,3.593009690965111,2.8457017197145333,2.809223938753091,2.8801759145021366,0.7047006774273968,0.6957355670479061,0.7131453516358867
Med,Protein,leg_tot,FL (mrh-eq),0.00300527910898178,0.00282282885005107,0.00321187228174471,0.00241094907924328,0.00226310199400865,0.00257975250071035,5.9386621786443e-4,5.5918166895842e-4,6.3127862458812e-4,1.0969268747783496,1.0303325302686406,1.1723333828368192,0.8799964139237971,0.8260322278131573,0.9416096627592778,0.21676116952051697,0.2041013091698233,0.2304166979746638
US,Protein,leg_tot,FL (mrh-eq),0.00301976679795306,0.00281519047477088,0.00320788807496676,0.0024239405655005,0.00225585916908016,0.00257756122047805,5.9611153134698e-4,5.5877781115941e-4,6.3035481899397e-4,1.102214881252867,1.0275445232913711,1.1708791473628675,0.8847383064076825,0.8233885967142583,0.9408098454744882,0.2175807089416477,0.20395390107318467,0.23007950893279908
Veg,Protein,leg_tot,FL (mrh-eq),0.0192038848998872,0.0190107726048966,0.0193938036346231,0.0155753302140277,0.0154167259336487,0.0157292049904427,0.00362907110663907,0.00359384528562609,0.00366389934025167,7.009417988458829,6.9389320007872595,7.078738326637432,5.684995528120111,5.6271049657817755,5.7411598215115855,1.3246109539232607,1.311753529253523,1.3373232591918596
Vegan,Protein,leg_tot,FL (mrh-eq),0.0214649503750369,0.0212792186674746,0.0216535253556657,0.0174128043592932,0.0172633529154926,0.0175656120402534,0.00405248966464498,0.00401705543300755,0.00408719910152136,7.834706886888469,7.766914813628229,7.903536754817981,6.355673591142018,6.301123814154799,6.41144839469249,1.4791587275954177,1.4662252330477559,1.4918276720552963
Med,Other,oil,FL (mrh-eq),-3.5471695215282e-4,-4.9124480530595e-4,-2.1567566973568e-4,-2.9544311197326e-4,-4.0929583498486e-4,-1.7947244665113e-4,-5.93307753518587e-5,-8.19410960949344e-5,-3.6203223084544e-5,-0.1294716875357793,-0.17930435393667177,-0.0787216194535232,-0.1078367358702399,-0.1493929797694739,-0.06550744302766245,-0.021655733003428428,-0.029908500074651054,-0.01321417642585856
US,Other,oil,FL (mrh-eq),-3.5767325075606e-4,-4.9732185953887e-4,-2.2105479945014e-4,-2.9783711763696e-4,-4.1421328818136e-4,-1.838789942399e-4,-5.98634976263979e-5,-8.27085173170285e-5,-3.71758052102355e-5,-0.13055073652596189,-0.18152247873168756,-0.0806850017993011,-0.1087105479374904,-0.1511878501861964,-0.0671158328975635,-0.021850176633635233,-0.0301886088207154,-0.013569168901735958
Veg,Other,oil,FL (mrh-eq),-3.5611238521898e-4,-4.9718585557728e-4,-2.2283162595247e-4,-2.9657382554461e-4,-4.1425764751777e-4,-1.8527756742466e-4,-5.95147639210604e-5,-8.29282080595109e-5,-3.75087591540925e-5,-0.1299810206049277,-0.18147283728570718,-0.08133354347265155,-0.10824944632378265,-0.15120404134398605,-0.06762631211000089,-0.021722888831187045,-0.030268795941721476,-0.013690697091243762
Vegan,Other,oil,FL (mrh-eq),-3.5126111068668e-4,-4.8641964591942e-4,-2.1695735624888e-4,-2.925258711046e-4,-4.0534234092189e-4,-1.804665825001e-4,-5.87221586138538e-5,-8.10773049975309e-5,-3.65438038041829e-5,-0.12821030540063819,-0.1775431707605883,-0.0791894350308412,-0.10677194295317899,-0.14794995443648984,-0.0658703026125365,-0.021433587894056638,-0.02959321632409878,-0.013338488388526758
Med,Protein,pf_egg,FL (mrh-eq),-0.0027749319207442,-0.00320323701534189,-0.00233566181980543,-0.00204966561396031,-0.00236602733012286,-0.00172520474542353,-7.2526630678389e-4,-8.3720968521902e-4,-6.1045707438189e-4,-1.012850151071633,-1.1691815105997898,-0.8525165642289819,-0.7481279490955132,-0.863599975494844,-0.6296997320795884,-0.26472220197611984,-0.3055815351049423,-0.22281683214938985
US,Protein,pf_egg,FL (mrh-eq),-0.00277697504666523,-0.00324256947838188,-0.0023336089422984598,-0.00205117474105421,-0.00239507971746352,-0.00172368841545369,-7.2580030561102e-4,-8.4748976091835e-4,-6.0992052684477e-4,-1.013595892032809,-1.1835378596093862,-0.8517672639389379,-0.7486787804847866,-0.8742040968741849,-0.6291462716405969,-0.2649171115480223,-0.30933376273519775,-0.22262099229834104
Veg,Protein,pf_egg,FL (mrh-eq),-0.00390397520992843,-0.00437321797546682,-0.00348917389279801,-0.00288361803968069,-0.00323021780810519,-0.00257723070455657,-0.00102035717024774,-0.00114300016736164,-9.1194318824143e-4,-1.424950951623877,-1.5962245610453891,-1.2735484708712737,-1.0525205844834518,-1.1790294999583943,-0.9406892071631481,-0.37243036714042504,-0.4171950610869986,-0.3328592637081219
Vegan,Protein,pf_egg,FL (mrh-eq),-0.0135948966990618,-0.0140275562654949,-0.0131421004029554,-0.010041685016163,-0.010361263103553,-0.0097072332080592,-0.00355321168289881,-0.00366629316194189,-0.00343486719489623,-4.962137295157557,-5.120058036905639,-4.796866647078721,-3.665215030899495,-3.781861032796845,-3.5431401209416076,-1.2969222642580658,-1.3381970041087898,-1.253726526137124
Med,Protein,pf_ns,FL (mrh-eq),-0.00588095543126036,-0.00763405716146595,-0.00429280962814502,-0.00517180114841636,-0.00669824805934033,-0.0037768904373522,-7.0815687767464e-4,-9.2459482443155e-4,-5.1081128584763e-4,-2.1465487324100314,-2.7864308639350717,-1.5668755142729325,-1.8877074191719714,-2.4448605416592204,-1.3785650096335529,-0.25847726035124363,-0.33747711091751575,-0.18644611933438493
US,Protein,pf_ns,FL (mrh-eq),-0.00595007382802686,-0.00765629400106803,-0.00431893373932932,-0.00523457882422241,-0.00672660907376775,-0.00379882555350466,-7.1601696262909e-4,-9.2684478633595e-4,-5.198756446107e-4,-2.171776947229804,-2.7945473103898313,-1.5764108148552016,-1.9106212708411796,-2.4552123119252287,-1.3865713270292008,-0.26134619135961784,-0.3382983470126218,-0.18975461028290552
Veg,Protein,pf_ns,FL (mrh-eq),0.00860044506211605,0.00685282020408557,0.0103751311277572,0.00755293425187309,0.00602008419412594,0.00911006578187611,0.00104874269974071,8.3538559474276e-4,0.00125691312130641,3.139162447672358,2.5012793744912334,3.786922861631378,2.7568210019336776,2.197330730855968,3.3251740103847798,0.3827910854053591,0.30491574208110744,0.45877328927683964
Vegan,Protein,pf_ns,FL (mrh-eq),0.0140823582880903,0.012374158327551,0.0157270096576034,0.0123678620465596,0.0108546126425967,0.0138192789474234,0.00171045024285105,0.00150177516957017,0.0019108079723704,5.14006077515296,4.516567789556115,5.740358525025241,4.514269646994254,3.9619336145477955,5.044036815809541,0.6243143386406332,0.548147936893112,0.697444909915196
Med,Protein,pf_pm,FL (mrh-eq),0,0,0,0,0,0,0,0,0,0,0,0,0,0,0,0,0,0
US,Protein,pf_pm,FL (mrh-eq),0,0,0,0,0,0,0,0,0,0,0,0,0,0,0,0,0,0
Veg,Protein,pf_pm,FL (mrh-eq),0,0,0,0,0,0,0,0,0,0,0,0,0,0,0,0,0,0
Vegan,Protein,pf_pm,FL (mrh-eq),0,0,0,0,0,0,0,0,0,0,0,0,0,0,0,0,0,0
Med,Protein,pf_poultry,FL (mrh-eq),0,0,0,0,0,0,0,0,0,0,0,0,0,0,0,0,0,0
US,Protein,pf_poultry,FL (mrh-eq),0,0,0,0,0,0,0,0,0,0,0,0,0,0,0,0,0,0
Veg,Protein,pf_poultry,FL (mrh-eq),0,0,0,0,0,0,0,0,0,0,0,0,0,0,0,0,0,0
Vegan,Protein,pf_poultry,FL (mrh-eq),0,0,0,0,0,0,0,0,0,0,0,0,0,0,0,0,0,0
Med,Protein,pf_poultry_tot,FL (mrh-eq),-0.00551727286763225,-0.00620802854163556,-0.00483871644674403,-0.00450002526223445,-0.00506472643939892,-0.00394823456292771,-0.0010145990994157,-0.0011436953783587,-8.8840104631743e-4,-2.0138045966857714,-2.2659304176969797,-1.7661315030615707,-1.6425092207155743,-1.848625150380606,-1.4411056154686142,-0.37032867128673047,-0.41744881310092546,-0.32426638190586193
US,Protein,pf_poultry_tot,FL (mrh-eq),-0.00552057447271345,-0.006204970508467,-0.00482901254205007,-0.00450731569305672,-0.00505985605606113,-0.00394363139331835,-0.00101537402278334,-0.00114387659016554,-8.8504847591581e-4,-2.0150096825404096,-2.264814235590455,-1.7625895778482756,-1.6451702279657028,-1.8468474604623126,-1.4394254585611976,-0.3706115183159191,-0.4175149554104221,-0.32304269370927063
Veg,Protein,pf_poultry_tot,FL (mrh-eq),-0.0267777602544328,-0.0274268393661495,-0.0261401454542677,-0.0218005715681608,-0.0223262500740287,-0.0212819818348825,-0.00497926333087551,-0.00510132927412865,-0.00485773652449333,-9.77388249286797,-10.010796368644568,-9.541153090807711,-7.957208622378692,-8.149081277020475,-7.767923369732112,-1.8174311157695613,-1.8619851850569573,-1.7730738314400656
Vegan,Protein,pf_poultry_tot,FL (mrh-eq),-0.0267761515739992,-0.0274519195003644,-0.0261143930122727,-0.0217973168709504,-0.022347880642727,-0.0212592631465583,-0.00497994400263351,-0.00510704007998832,-0.00485508218763349,-9.773295324509709,-10.019950617633006,-9.531753449479535,-7.956020657896896,-8.156976434595355,-7.759631048493779,-1.817679560961231,-1.8640696291957368,-1.7721049984862236
Med,Protein,pf_redm,FL (mrh-eq),0,0,0,0,0,0,0,0,0,0,0,0,0,0,0,0,0,0
US,Protein,pf_redm,FL (mrh-eq),0,0,0,0,0,0,0,0,0,0,0,0,0,0,0,0,0,0
Veg,Protein,pf_redm,FL (mrh-eq),0,0,0,0,0,0,0,0,0,0,0,0,0,0,0,0,0,0
Vegan,Protein,pf_redm,FL (mrh-eq),0,0,0,0,0,0,0,0,0,0,0,0,0,0,0,0,0,0
Med,Protein,pf_redm_tot,FL (mrh-eq),-0.0326690055528545,-0.0369502776976214,-0.0288027383380021,-0.0250295218616878,-0.0283088091328662,-0.0220783800464988,-0.00763828522063463,-0.00863445618298807,-0.00672730072367853,-11.924187026791893,-13.486851359631812,-10.512999493370767,-9.135775479516047,-10.332715333496164,-8.058608716972062,-2.78797410553164,-3.1515765067906454,-2.4554647641426635
US,Protein,pf_redm_tot,FL (mrh-eq),-0.0326902176378499,-0.036920998982749,-0.0287209023182393,-0.02504351739088,-0.0282727831428355,-0.022007466440769,-0.00764314877865814,-0.00863145176012646,-0.00671206727384564,-11.931929437815214,-13.476164628703383,-10.483129346157344,-9.1408838476712,-10.319565847134957,-8.032725250880686,-2.789749304210221,-3.150479892446158,-2.4499045549536587
Veg,Protein,pf_redm_tot,FL (mrh-eq),-0.159572996940053,-0.163474148577499,-0.155457973296428,-0.122143618138097,-0.12512922229242,-0.118993083179232,-0.0374288182391066,-0.0383449262850786,-0.0364736769185935,-58.24414388311935,-59.66806423078714,-56.74216025319622,-44.58242062040541,-45.672166136733296,-43.43247536041968,-13.66151865727391,-13.99589809405369,-13.312892075286628
Vegan,Protein,pf_redm_tot,FL (mrh-eq),-0.159592104027181,-0.163470679988047,-0.155663484553076,-0.122159036659914,-0.125131167406605,-0.119146008226983,-0.03743173152738,-0.0383395125814421,-0.0365156309974298,-58.25111796992106,-59.666798195637156,-56.81717186187274,-44.58804838086861,-45.67287610341082,-43.48829300284879,-13.662582007493699,-13.993922092226367,-13.328205314061876
Med,Protein,pf_seafood,FL (mrh-eq),0.11107100908676,0.10857976806142,0.113639382635218,0.0693175789880463,0.0677824877002924,0.0709318877467211,0.0417453340736672,0.0408040051695231,0.0426819232450934,40.5409183166674,39.6316153424183,41.47837466185457,25.300916330636902,24.740608010606724,25.8901390275532,15.237046936888527,14.893461886875931,15.57890198445909
US,Protein,pf_seafood,FL (mrh-eq),0.0379225340803336,0.0352778236912945,0.0405733406474714,0.0236992581065594,0.0220599845771217,0.0253837781209635,0.0142122494795022,0.0132358122568488,0.0151943348185742,13.841724939321765,12.876405647322493,14.809269336327063,8.650229208894181,8.05189437064942,9.265079014151677,5.187471060018303,4.831071473749812,5.545932208779583
Veg,Protein,pf_seafood,FL (mrh-eq),-0.0456261032577653,-0.0480058526894229,-0.0431760265701812,-0.0283911368722244,-0.0298760092081642,-0.0268552676750518,-0.0172353308231138,-0.0181369654325721,-0.0163173130959812,-16.653527689084335,-17.522136231639358,-15.759249698116138,-10.362764958361906,-10.904743360979932,-9.802172701393907,-6.290895750436537,-6.6199923828888165,-5.955819280033137
Vegan,Protein,pf_seafood,FL (mrh-eq),-0.0456018857934995,-0.048009172583508,-0.0430291544742556,-0.0283736345741664,-0.0298879955227693,-0.026769409082253202,-0.0172350943987692,-0.0181259053413981,-0.0162782344195051,-16.644688314627317,-17.52334799298042,-15.705641383103295,-10.356376619570735,-10.909118365810794,-9.77083431502242,-6.290809455550758,-6.615955449610306,-5.941555563119361
Med,Other,sat_fat,FL (mrh-eq),-0.022177531500519,-0.0225027903023749,-0.021867335583651,-0.0170573469821161,-0.0173070872104102,-0.0168196512092414,-0.00512082515096004,-0.00519479948804483,-0.00504935368011936,-8.094798997689436,-8.213518460366839,-7.981577488032615,-6.225931648472377,-6.317086831799722,-6.139172691373111,-1.8691011801004147,-1.896101813136363,-1.8430140932435664
US,Other,sat_fat,FL (mrh-eq),-0.0221812498535847,-0.0224624204368417,-0.0218709893484837,-0.0170591338067791,-0.0172761197791433,-0.0168207993391851,-0.00512148874753493,-0.0051854850562276,-0.00505110966671024,-8.096156196558415,-8.19878345944722,-7.98291111219655,-6.2265838394743716,-6.305783719387305,-6.1395917588025615,-1.8693433928502494,-1.892702045523074,-1.8436550283492374
Veg,Other,sat_fat,FL (mrh-eq),-0.0211958012983039,-0.021511431582427,-0.0208988719918868,-0.0163032117296299,-0.016547801644508,-0.0160742155001188,-0.00489316412898264,-0.00496503911588511,-0.0048246341173044,-7.736467473880923,-7.851672527585855,-7.628088277038683,-5.9506722813149135,-6.03994760024542,-5.867088657543362,-1.7860049070786637,-1.812239277298065,-1.7609914528161061
Vegan,Other,sat_fat,FL (mrh-eq),-0.0212189665168151,-0.0215222271922713,-0.0209047563133859,-0.016320244274328,-0.0165533546119057,-0.0160781545429537,-0.00489832333203793,-0.00496930533773777,-0.00482611304956518,-7.744922778637512,-7.855612925179025,-7.630236054385854,-5.95688916012972,-6.0419744333455805,-5.8685264081781,-1.7878880161938444,-1.813796448274286,-1.7615312630912907
Med,Other,sodium,FL (mrh-eq),0,0,0,0,0,0,0,0,0,0,0,0,0,0,0,0,0,0
US,Other,sodium,FL (mrh-eq),0,0,0,0,0,0,0,0,0,0,0,0,0,0,0,0,0,0
Veg,Other,sodium,FL (mrh-eq),0,0,0,0,0,0,0,0,0,0,0,0,0,0,0,0,0,0
Vegan,Other,sodium,FL (mrh-eq),0,0,0,0,0,0,0,0,0,0,0,0,0,0,0,0,0,0
Med,Other,ssb,FL (mrh-eq),0,0,0,0,0,0,0,0,0,0,0,0,0,0,0,0,0,0
US,Other,ssb,FL (mrh-eq),0,0,0,0,0,0,0,0,0,0,0,0,0,0,0,0,0,0
Veg,Other,ssb,FL (mrh-eq),0,0,0,0,0,0,0,0,0,0,0,0,0,0,0,0,0,0
Vegan,Other,ssb,FL (mrh-eq),0,0,0,0,0,0,0,0,0,0,0,0,0,0,0,0,0,0
Med,Vegetables,veg_dg,FL (mrh-eq),0.00228747884894948,0.001829808493803,0.00270037432303897,0.00166058231838283,0.00131603813130366,0.00196915805792646,6.2861144710843e-4,5.1324032138882e-4,7.3645980397928e-4,0.8349297798665603,0.667880100238095,0.985636627909224,0.606112546209733,0.4803539179258359,0.7187426911431579,0.22944317819457694,0.18733271730691928,0.2688078284524372
US,Vegetables,veg_dg,FL (mrh-eq),0.00227753204915469,0.00182688925819928,0.00268128623557428,0.00165227780251256,0.00131581957389091,0.00194887120130058,6.2659806295012e-4,5.0825746688747e-4,7.2870145042829e-4,0.8312991979414618,0.6668145792427372,0.9786694759846122,0.6030813979170844,0.4802741444701822,0.7113379884747116,0.2287082929767938,0.18551397541392656,0.26597602940632586
Veg,Vegetables,veg_dg,FL (mrh-eq),0.00228699593875804,0.00186050025718673,0.00272128870633487,0.00165998804753523,0.00133913409124466,0.00198540104451055,6.2814468870877e-4,5.1242546118862e-4,7.4128685018762e-4,0.8347535176466846,0.6790825938731564,0.9932703778122276,0.6058956373503589,0.48878394330430086,0.7246713812463508,0.22927281137870104,0.1870352933338463,0.2705697003184813
Vegan,Vegetables,veg_dg,FL (mrh-eq),0.00228166244626603,0.00183425402819188,0.00267350415004224,0.00165255433904127,0.00132382596106754,0.00194731626566855,6.2787856708877e-4,5.1161946108624e-4,7.332018227604e-4,0.832806792887101,0.6695027202900362,0.9758290147654176,0.6031823337500636,0.48319647578965214,0.7107704369690208,0.22917567698740107,0.18674110329647758,0.267618665307546
Med,Vegetables,veg_exc_sta,FL (mrh-eq),0,0,0,0,0,0,0,0,0,8.133430508998932,7.582024833915183,8.668013374586076,5.047188690352815,4.681959039504994,5.3977141726391284,3.0861455169096246,2.896647416173799,3.2752598889259845
US,Vegetables,veg_exc_sta,FL (mrh-eq),0,0,0,0,0,0,0,0,0,8.14081946197133,7.592211484431088,8.651765588705151,5.052561102877849,4.685921970575297,5.387545292148314,3.0885311939265048,2.8983292990803853,3.2696765310955263
Veg,Vegetables,veg_exc_sta,FL (mrh-eq),0,0,0,0,0,0,0,0,0,8.130187125316311,7.587225259924914,8.65748422906061,5.0461574898238135,4.687857012539607,5.393117998267109,3.0848270019766946,2.8926793985265564,3.2698906515048387
Vegan,Vegetables,veg_exc_sta,FL (mrh-eq),0,0,0,0,0,0,0,0,0,8.119932262116706,7.562542591609971,8.64643019248306,5.040449219202552,4.671369793828918,5.3840805639214295,3.081297048027052,2.885325924043603,3.271621475295338
Med,Vegetables,veg_oth,FL (mrh-eq),5.1280167148294e-4,-8.72611236399854e-5,0.00112027577096346,3.0517103123737e-4,-6.32787973700496e-5,6.7674650152743e-4,2.0607267384857e-4,-2.35232202903681e-5,4.4348867487087e-4,0.18717261009127312,-0.031850310128594676,0.4089006564016629,0.11138742640164007,-0.023096761040068102,0.24701247305751195,0.07521652595472805,-0.008585975405984356,0.16187336632786756
US,Vegetables,veg_oth,FL (mrh-eq),5.3855092564312e-4,-8.93148375615387e-5,0.0011309823402321,3.2050564735499e-4,-6.55536926864094e-5,6.8823306672283e-4,2.1589042510025e-4,-2.68405690494898e-5,4.4274927350926e-4,0.1965710878597388,-0.032599915709961624,0.4128085541847165,0.11698456128457134,-0.02392709783053943,0.2512050693538329,0.07880000516159125,-0.009796807703063777,0.16160348483087988
Veg,Vegetables,veg_oth,FL (mrh-eq),5.0495571401017e-4,-1.346279612705e-4,0.00109500711482049,3.016792415711e-4,-9.40151010275353e-5,6.6741277484456e-4,2.0413961427895e-4,-4.12891475179917e-5,4.3068602530682e-4,0.18430883561371203,-0.0491392058637325,0.39967759690947885,0.11011292317345149,-0.034315511875050386,0.2436056628182644,0.07451095921181675,-0.01507053884406697,0.1572003992369893
Vegan,Vegetables,veg_oth,FL (mrh-eq),4.9107579810392e-4,-1.4498306386741e-4,0.0011040144050674,2.9421508078416e-4,-1.0091599978698e-4,6.6857546990141e-4,1.9894125967181e-4,-4.54268632366705e-5,4.3600627563467e-4,0.1792426663079308,-0.05291881831160465,0.40296525784960097,0.1073885044862184,-0.0368343399222477,0.24403004651401466,0.07261355978021065,-0.016580805081384733,0.15914229060665455
Med,Vegetables,veg_ro,FL (mrh-eq),0.0194830907370989,0.0190301234076868,0.0199273317541786,0.0118621608705245,0.0115745257058061,0.0121423534477766,0.00762050907605567,0.00744630321718593,0.00779336628533063,7.111328119041099,6.9459950438056826,7.27347609027519,4.329688717741442,4.224701882619226,4.431959008438459,2.7814858127603195,2.7179006742728644,2.84457869414568
US,Vegetables,veg_ro,FL (mrh-eq),0.0194875319895072,0.0190630049887625,0.0198911987905091,0.0118698497087019,0.0115878765039333,0.0121232937926569,0.00761924081037841,0.00745921131882061,0.00778656716947485,7.112949176170129,6.9579968208983125,7.260287558535822,4.332495143676193,4.229574923935655,4.425002234319769,2.78102289578812,2.7226121313695226,2.8420970168583204
Veg,Vegetables,veg_ro,FL (mrh-eq),0.019482533622071,0.019061046224426,0.0199028390529833,0.0118634217241096,0.0115983248797544,0.0121228519293219,0.00761929652434569,0.00745401272338843,0.00778663164917635,7.1111247720559145,6.95728187191549,7.264536254338904,4.3301489293000035,4.233388581110356,4.424840954202494,2.781043231386177,2.720714644036777,2.842120551949368
Vegan,Vegetables,veg_ro,FL (mrh-eq),0.0194736515148539,0.0190300238072097,0.0199113312873097,0.011862680495798,0.0115753634464699,0.0121350139190093,0.00761508989386148,0.00743880993377674,0.00779413840926339,7.107882802921674,6.9459586896315395,7.267635919868041,4.32987838096627,4.2250076579615135,4.429280080438394,2.7795078112594402,2.71516562582851,2.8448605193811374
Med,Vegetables,veg_sta,FL (mrh-eq),0.00537226811982926,0.00512649885918282,0.00559963745974912,0.00234500457353888,0.00223737669793807,0.00244458450075676,0.00302872188326193,0.00288954633283988,0.00316131403361649,1.9608778637376798,1.8711720836017292,2.0438676728084286,0.8559266693416911,0.8166424947473955,0.8922733427762174,1.1054834873906045,1.0546844114865561,1.1538796222700187
US,Vegetables,veg_sta,FL (mrh-eq),0.00537653602849593,0.00514518525109054,0.0055945670565066,0.0023466240274558,0.0022428316532731,0.00244116582412112,0.00303004155208399,0.00290042000853909,0.00315270332521268,1.9624356504010143,1.877992616648047,2.0420169756249087,0.856517770021367,0.8186335534446815,0.8910255258042087,1.1059651665106562,1.0586533031167678,1.150736713702628
Veg,Vegetables,veg_sta,FL (mrh-eq),0.00537073885458172,0.00513104219352912,0.00559726650313723,0.0023435334685381,0.00223987331590516,0.00244366437824052,0.00302539964974672,0.00289304466375438,0.00315552850391792,1.9603196819223279,1.872830400638129,2.043002273645089,0.8553897160164065,0.8175537603053834,0.8919374980577898,1.104270872157553,1.0559613022703487,1.1517679039300408
Vegan,Vegetables,veg_sta,FL (mrh-eq),0.00537555413763487,0.00513790972202909,0.00560938294556481,0.00234654585271594,0.00224306330558261,0.00244759738421754,0.00302991582039761,0.00289645454746303,0.00316061411338495,1.9620772602367276,1.8753370485406178,2.0474247751311556,0.8564892362413181,0.8187181065376526,0.8933730452394021,1.1059192744451276,1.0572059098240059,1.1536241513855068
Med,Other,added_sugar,Food_price ($),-0.834621761547551,-0.850966922799075,-0.816410464357458,-0.582839853154806,-0.594321998791908,-0.570178145394481,-0.251755497248921,-0.256611679485574,-0.246208471104912,-304.6369429648561,-310.6029268216624,-297.9898194904722,-212.7365464015042,-216.9275295590464,-208.11502306898555,-91.89075649585617,-93.66326301223451,-89.86609195329288
US,Other,added_sugar,Food_price ($),-0.833939673325176,-0.85089471035622,-0.817566422190414,-0.582453796230023,-0.594273978659172,-0.570911823543856,-0.251454581248223,-0.256670279341306,-0.246577248270599,-304.38798076368926,-310.5765692800203,-298.4117440995011,-212.5956356239584,-216.91000221059778,-208.38281559350742,-91.7809221556014,-93.68465195957668,-90.00069561876863
Veg,Other,added_sugar,Food_price ($),-0.830309819335093,-0.848049120104745,-0.813596777924808,-0.579856911425152,-0.592233744854349,-0.568219577438783,-0.250421376868596,-0.255748835254957,-0.245326685184412,-303.0630840573089,-309.5379288382319,-296.9628239425549,-211.6477726701805,-216.16531687183738,-207.4001457651558,-91.40380255703754,-93.34832486805931,-89.54424009231037
Vegan,Other,added_sugar,Food_price ($),-0.829811527179726,-0.847505427645355,-0.812389483226439,-0.579606883385507,-0.591594734027132,-0.567484316675818,-0.250292217657256,-0.25560223749025,-0.244980966904205,-302.8812074206,-309.33948109055456,-296.52216137765026,-211.55651243571006,-215.93207791990318,-207.13177558667357,-91.35665944489844,-93.29481668394125,-89.41805292003482
Med,Dairy,dairy_cow,Food_price ($),0,0,0,0,0,0,0,0,0,0,0,0,0,0,0,0,0,0
US,Dairy,dairy_cow,Food_price ($),0,0,0,0,0,0,0,0,0,0,0,0,0,0,0,0,0,0
Veg,Dairy,dairy_cow,Food_price ($),0,0,0,0,0,0,0,0,0,0,0,0,0,0,0,0,0,0
Vegan,Dairy,dairy_cow,Food_price ($),0,0,0,0,0,0,0,0,0,0,0,0,0,0,0,0,0,0
Med,Dairy,dairy_soy,Food_price ($),0,0,0,0,0,0,0,0,0,0,0,0,0,0,0,0,0,0
US,Dairy,dairy_soy,Food_price ($),0,0,0,0,0,0,0,0,0,0,0,0,0,0,0,0,0,0
Veg,Dairy,dairy_soy,Food_price ($),0,0,0,0,0,0,0,0,0,0,0,0,0,0,0,0,0,0
Vegan,Dairy,dairy_soy,Food_price ($),0,0,0,0,0,0,0,0,0,0,0,0,0,0,0,0,0,0
Med,Dairy,dairy_tot,Food_price ($),0.243282747287528,0.229262187896897,0.257154371527332,0.186747515090805,0.175952533282073,0.19743710828905,0.0565610121870614,0.0533077083879678,0.0597481362399956,88.79820275994771,83.68069858236741,93.86134560747618,68.16284300814382,64.22267464795664,72.06454452550325,20.644769448277412,19.457313561608245,21.808069727598394
US,Dairy,dairy_tot,Food_price ($),0.647427842967699,0.632896305150014,0.660197914908603,0.496967858393906,0.4857813870455,0.506782110061284,0.150446581944106,0.147115056234856,0.153409782223208,236.3111626832101,231.00715137975513,240.97223894164011,181.39326831377568,177.3102062716075,184.9754701723687,54.9130024095987,53.696995525722436,55.99457051147092
Veg,Dairy,dairy_tot,Food_price ($),0.647555749817022,0.634259249381313,0.66070580275652,0.497067211423665,0.486815908468226,0.507185550787704,0.150478861447122,0.147416289178879,0.153521369986814,236.35784868321304,231.50462602417923,241.1576180061298,181.42953216963772,177.68780659090248,185.12272603751197,54.92478442819953,53.806945550290834,56.035300045187114
Vegan,Dairy,dairy_tot,Food_price ($),-0.565502758499548,-0.578005880161459,-0.550872378116412,-0.434143425937959,-0.443791597027282,-0.422863062901221,-0.13134682365435,-0.134213674245334,-0.128007451842246,-206.40850685233502,-210.97214625893255,-201.06841801249038,-158.46235046735504,-161.98393291495793,-154.34501795894568,-47.94159063383775,-48.98799109954691,-46.722719922419785
Med,Fruit,fruit_exc_juice,Food_price ($),2.21193279013016,2.16485239472042,2.26469443428039,0.823951814945931,0.806505965497086,0.841704365761778,1.38815278193597,1.35781257354382,1.42269637040127,807.3554683975084,790.1711240729534,826.6134685123423,300.7424124552648,294.3746774064364,307.22209350304894,506.67576540662907,495.6015893434943,519.2841751964636
US,Fruit,fruit_exc_juice,Food_price ($),1.52236232442628,1.47101902491926,1.57052349847406,0.567143697472938,0.549131565752696,0.584478187070289,0.954978349739283,0.9214913793298,0.98668583151676,555.6622484155922,536.92194409553,573.2410769430319,207.00744957762237,200.43302149973402,213.33453828065547,348.5670976548383,336.34435345537696,360.1403285036174
Veg,Fruit,fruit_exc_juice,Food_price ($),1.52328564751767,1.47456665919804,1.57740242614197,0.567990268942472,0.550201457812522,0.586161828538357,0.955723673702078,0.923044939828225,0.99092199419358,555.9992613439496,538.2168306072846,575.751885541819,207.31644816400225,200.82353210157055,213.9490674165003,348.8391409012585,336.91140303730214,361.6865278806567
Vegan,Fruit,fruit_exc_juice,Food_price ($),1.52235171541994,1.46828276411178,1.57417702463938,0.567556893988518,0.548573908185884,0.586461772051858,0.954908144385969,0.920470481178631,0.98878580917453,555.6583761282781,535.9232089007996,574.5746139933738,207.1582663058091,200.22947648784768,214.05854679892818,348.5414727008787,335.9717256302003,360.90682034870343
Med,Fruit,fruit_juice,Food_price ($),0.219895006431877,0.213764273771898,0.225747567407315,0.188210422377169,0.182925036162732,0.193224652462916,0.0317211097112723,0.0308429451724405,0.0325560169739113,80.26167734763511,78.02395992674276,82.39786210366998,68.69680416766668,66.76763819939718,70.52699814896434,11.578205044614391,11.257674987940783,11.882946195477624
US,Fruit,fruit_juice,Food_price ($),0.149158189825734,0.142757514705054,0.155324834873076,0.127500004505162,0.121943742119473,0.132775056354883,0.0216908558012704,0.0208079094297498,0.0225699723310215,54.442739286392914,52.106492867344706,56.69356472867274,46.53750164438413,44.509465873607645,48.46289556953229,7.917162367463695,7.594886941858677,8.238039900822848
Veg,Fruit,fruit_juice,Food_price ($),0.149073330122122,0.143162659909839,0.155048927567409,0.127404162454339,0.122286836528471,0.132493670631294,0.0216732480389365,0.0208179379175178,0.0225158024946185,54.41176549457453,52.25437086709124,56.59285856210429,46.502519295833736,44.634695332891916,48.36018978042231,7.910735534211822,7.5985473398939964,8.218267910535753
Vegan,Fruit,fruit_juice,Food_price ($),0.149113345325362,0.143310857167879,0.155238707383449,0.127450488536109,0.122444359380109,0.132747212628688,0.0216798468525198,0.0208345282829933,0.022563430692121,54.42637104375713,52.30846286627584,56.66212819495888,46.51942831567978,44.692191173739786,48.45273260947112,7.913144101169727,7.604602823292555,8.235652202624165
Med,Grains,gr_refined,Food_price ($),-1.04360658065236,-1.06745001583575,-1.01802668668473,-0.76287903281962,-0.780213851450996,-0.744413547142819,-0.280796695731645,-0.288273218149162,-0.273180660257581,-380.9164019381114,-389.6192557800488,-371.57974063992646,-278.4508469791613,-284.7780557796135,-271.71094470712893,-102.49079394205043,-105.21972462444414,-99.71094099401705
US,Grains,gr_refined,Food_price ($),-1.04302366963895,-1.07029922668075,-1.01586572157977,-0.762502159558416,-0.781798730528736,-0.742938198787232,-0.280522556218767,-0.28828775200734,-0.272726764450509,-380.70363941821677,-390.6592177384738,-370.79098837661604,-278.3132882388219,-285.35653664298866,-271.17244255733965,-102.39073301984995,-105.2250294826791,-99.54526902443578
Veg,Grains,gr_refined,Food_price ($),-1.04336388159612,-1.06711432037288,-1.01859927058036,-0.762912405260828,-0.78054442850662,-0.744668974603486,-0.28062974157278,-0.287727495700423,-0.273449112746928,-380.8278167825838,-389.49672693610114,-371.7887337618314,-278.46302792020225,-284.8987164049163,-271.8041757302724,-102.4298556740647,-105.02053593065439,-99.80892615262873
Vegan,Grains,gr_refined,Food_price ($),-1.04303736636439,-1.06907119052105,-1.01605817088749,-0.762514886892193,-0.78039426054866,-0.742716590672404,-0.280547326613109,-0.288440428200099,-0.273138252548626,-380.7086387230023,-390.21098454018323,-370.8612323739339,-278.31793371565044,-284.8439051002609,-271.09155559542745,-102.39977421378478,-105.28075629303615,-99.6954621802485
Med,Grains,gr_whole,Food_price ($),0.744448829642949,0.733391420295186,0.755616642841983,0.612889976525083,0.603797411770981,0.622072805051148,0.13158139095292,0.129587381527303,0.13357639183258,271.7238228196764,267.6878684077429,275.8000746373238,223.7048414316553,220.38605529640807,227.05657384366904,48.027207697815804,47.2993942574656,48.7553830188917
US,Grains,gr_whole,Food_price ($),0.744736943593773,0.73435460508887,0.755449627248421,0.613104205763962,0.604560084833706,0.621938269835471,0.131654204607063,0.129799739311084,0.13357973889878,271.8289844117271,268.03943085743754,275.7391139456737,223.78303510384612,220.6644309643027,227.0074684899469,48.053784681577994,47.37690484854566,48.7566046980547
Veg,Grains,gr_whole,Food_price ($),0.91995034705086,0.908410164482569,0.930344588254854,0.757354626140717,0.747863476205568,0.76590757834009,0.162555163904143,0.160483389295375,0.164422609785743,335.7818766735639,331.5697100361377,339.5757747130217,276.4344385413617,272.9701688150323,279.55626609413287,59.3326348250122,58.57643709281188,60.01425257179619
Vegan,Grains,gr_whole,Food_price ($),0.919547315514437,0.908765902230265,0.930035404453936,0.757037273359642,0.748088759475102,0.765655949561691,0.162473369446587,0.160540511141755,0.164375763525154,335.63477016276954,331.69955431404674,339.46292262568664,276.31860477626935,273.05239720841223,279.46442159001725,59.302779848004256,58.59728656674057,59.997153686681216
Med,Protein,leg_tot,Food_price ($),0.082799094385694,0.0775720163204437,0.0882113095062691,0.0716401072018703,0.0668838392922155,0.0763509953821997,0.0112241448175714,0.0105905215546161,0.0118879098605124,30.221669450778307,28.313785956961954,32.19712796978822,26.14863912868266,24.412601341658657,27.86811331450289,4.096812858413561,3.8655403674348765,4.339087099087026
US,Protein,leg_tot,Food_price ($),0.0831458541032969,0.0773623074600799,0.0884650640468335,0.0719127666783067,0.066784482656292,0.0766374111252148,0.0112486802071347,0.0105540513944101,0.0119344743273396,30.34823674770337,28.23724222292916,32.28974837709423,26.248159837581948,24.37633616954658,27.972655060703403,4.105768275604166,3.8522287589596864,4.356083129478954
Veg,Protein,leg_tot,Food_price ($),0.527473824057688,0.521987456463893,0.53289160996081,0.458838490170739,0.454091712268652,0.463722691318812,0.0686235173438657,0.0679387640246787,0.0692684354276831,192.5279457810561,190.52542160932094,194.50543763569564,167.47604891231975,165.743474978058,169.25878233136638,25.04758383051098,24.797648869007727,25.28297893110433
Vegan,Protein,leg_tot,Food_price ($),0.589460894016238,0.584210840378605,0.595022876076278,0.512849522211848,0.508246324860951,0.51764889087731,0.0766134073806426,0.075951618385156,0.0772606042205786,215.15322631592687,213.23695673819086,217.18334976784146,187.1900756073245,185.5099085742471,188.94184517021816,27.963893693934548,27.722340710581943,28.200120540511186
Med,Other,oil,Food_price ($),-0.00699579478681103,-0.0101511385224028,-0.00383527997839187,-0.00574384982897297,-0.00834432343384161,-0.00312011427802507,-0.00125602488588441,-0.00182151494930021,-6.8720849553625e-4,-2.553465097186026,-3.705165560677022,-1.3998771921130326,-2.096505187575134,-3.045678053352187,-1.1388417114791507,-0.45844908334780965,-0.6648529564945767,-0.25083110087073124
US,Other,oil,Food_price ($),-0.0070019732886429,-0.0103152183200547,-0.00381027603163181,-0.00575133054661767,-0.00847736887131997,-0.0031245124633046,-0.00125327489119713,-0.00183422868909255,-6.6556532114275e-4,-2.5557202503546588,-3.765054686819966,-1.3907507515456106,-2.0992356495154496,-3.094239638031789,-1.140447049106179,-0.4574453352869524,-0.6694934715187807,-0.24293134221710375
Veg,Other,oil,Food_price ($),-0.00696846384097153,-0.0102479357100064,-0.00359890055154807,-0.00573421975640233,-0.00845447723611555,-0.00293450612057281,-0.0012500124510681,-0.00181411788034354,-6.7333598289108e-4,-2.5434893019546085,-3.7404965341523364,-1.3135987013150456,-2.0929902110868506,-3.0858841911821755,-1.0710947340090755,-0.4562545446398565,-0.6621530263253921,-0.24576763375524419
Vegan,Other,oil,Food_price ($),-0.00687780247791203,-0.0102044090437323,-0.0037802448120631,-0.00563851963549376,-0.00841696520922055,-0.00308080011664127,-0.00122625119723565,-0.00182499584884453,-6.6954703827349e-4,-2.510397904437891,-3.7246093009622894,-1.3797893564030315,-2.0580596669552222,-3.0721923013655013,-1.1244920425740634,-0.44758168699101225,-0.6661234848282535,-0.24438466896982386
Med,Protein,pf_egg,Food_price ($),-0.233031270895257,-0.287358725891965,-0.179695628410271,-0.14801487659654,-0.182538093079315,-0.114289556170298,-0.0849570321398533,-0.104822810113492,-0.0653626282658613,-85.0564138767688,-104.88593495056722,-65.58890436974892,-54.0254299577371,-66.62640397394998,-41.71568800215877,-31.009316731046454,-38.260325691424576,-23.857359317039375
US,Protein,pf_egg,Food_price ($),-0.234408944621676,-0.287056034867698,-0.17642473538505,-0.149093344939323,-0.182377918050107,-0.112432734066234,-0.0854317466144443,-0.104588402512175,-0.0641437707731487,-85.55926478691174,-104.77545272670976,-64.39502841554325,-54.419070902852894,-66.56794008828905,-41.037947934175406,-31.18258751427217,-38.174766916943874,-23.412476332199276
Veg,Protein,pf_egg,Food_price ($),-0.33709554330064,-0.395074905427131,-0.28365037643811303,-0.214162127117821,-0.250847045388577,-0.180335868312052,-0.12295696575838,-0.144187004773511,-0.103318954312354,-123.0398733047336,-144.20234048090282,-103.53238739991126,-78.16917639800467,-91.5591715668306,-65.82259193389898,-44.8792925018087,-52.62825674233152,-37.71141832400921
Vegan,Protein,pf_egg,Food_price ($),-1.22985517724668,-1.2823321683243,-1.17770838093751,-0.780957873963346,-0.814217107873495,-0.748002289399978,-0.448943793460363,-0.468154840171054,-0.429893367548785,-448.89713969503816,-468.0512414383695,-429.8635590421911,-285.0496239966213,-297.18924437382566,-273.020835630992,-163.8644846130325,-170.8765166624347,-156.9110791553065
Med,Protein,pf_ns,Food_price ($),-0.0300254194723066,-0.0401718744869514,-0.0205685411169858,-0.0258216200528661,-0.034419106952854,-0.0178068764048858,-0.00422282430515284,-0.00580215906049509,-0.00276424779166405,-10.95927810739191,-14.66273418773726,-7.507517507699816,-9.424891319296126,-12.56297403779171,-6.499509887783318,-1.5413308713807865,-2.1177880570807077,-1.0089504439573782
US,Protein,pf_ns,Food_price ($),-0.0306363781247804,-0.040634625509425,-0.020826033796856,-0.026297430781901,-0.0346632994537241,-0.018080629037729,-0.00430359775561662,-0.00581122368624463,-0.00275301494329021,-11.182278015544846,-14.831638310940127,-7.601502335852439,-9.598562235393864,-12.652104300609297,-6.599429598771086,-1.5708131808000663,-2.1210966454792897,-1.0048504543009267
Veg,Protein,pf_ns,Food_price ($),0.0639692192895838,0.0538474600205223,0.0741503731961727,0.0534281074522643,0.0447911916170388,0.0619703831726484,0.010592134098603,0.00902138772377584,0.0121382084006791,23.348765040698087,19.654322907490638,27.064886216603032,19.50125922007647,16.34878494021916,22.619189858016664,3.866128945990095,3.2928065191781815,4.430446066247872
Vegan,Protein,pf_ns,Food_price ($),0.0993061017875794,0.0892641733684764,0.108568397256158,0.0831710253503286,0.0745404423788846,0.0910225559896259,0.0161585710539169,0.0146057775888075,0.017631260076136,36.246727152466484,32.58142327949389,39.627464998497665,30.357424252869937,27.20726146829288,33.223232936213456,5.897878434679668,5.331108819914737,6.43540992778964
Med,Protein,pf_pm,Food_price ($),-0.173924259921908,-0.201896816362253,-0.144493339764362,-0.125839013209785,-0.146062684181721,-0.104489401074476,-0.0481269099790253,-0.0559065480082336,-0.0400073932728187,-63.48235487149642,-73.69233797222235,-52.74006901399213,-45.93123982157152,-53.31287972632816,-38.13863139218374,-17.566322142344234,-20.405890023005263,-14.602698544578825
US,Protein,pf_pm,Food_price ($),-0.172375675512933,-0.20159361783762,-0.146071065577349,-0.124694932037442,-0.14578745187302,-0.10540059297994,-0.0476953536863415,-0.0556598976669021,-0.0402834858819473,-62.91712156222055,-73.5816705107313,-53.31593893573238,-45.51365019366633,-53.2124199336523,-38.4712164376781,-17.408804095514647,-20.315862648419266,-14.703472346910765
Veg,Protein,pf_pm,Food_price ($),-0.856672421009868,-0.886033788347597,-0.828353682599705,-0.620574573233572,-0.64200535835136,-0.600098456628963,-0.236079972534949,-0.24409024492354,-0.228346744297628,-312.68543366860183,-323.4023327468729,-302.34909414889233,-226.50971923025378,-234.33195579824638,-219.0359366695715,-86.16918997525639,-89.0929393970921,-83.34656166863422
Vegan,Protein,pf_pm,Food_price ($),-0.856126131512912,-0.886326544876866,-0.82810750602536,-0.620171785166429,-0.642255032124888,-0.599833206067378,-0.235946766030749,-0.244125490248548,-0.22822624682433101,-312.48603800221287,-323.5091888800561,-302.2592396992564,-226.36270158574658,-234.4230867255841,-218.93912021459298,-86.12056960122338,-89.10580394072002,-83.30258009088082
Med,Protein,pf_poultry,Food_price ($),-0.364650387760229,-0.417784388085871,-0.310241558093006,-0.305740636817439,-0.35000887105484,-0.260178520061418,-0.0587649835199964,-0.0673219717030993,-0.0500754116155858,-133.09739153248358,-152.49130165134292,-113.2381687039472,-111.59533243836525,-127.75323793501661,-94.96515982241758,-21.449218984798687,-24.57251967163124,-18.277525239688817
US,Protein,pf_poultry,Food_price ($),-0.365850252477253,-0.417228736327675,-0.315320136958724,-0.306898144810383,-0.349805845282596,-0.264855480350979,-0.0589093087627645,-0.0673367515855427,-0.050722322247404,-133.53534215419734,-152.28848875960136,-115.09184998993426,-112.0178228557898,-127.67913352814755,-96.67225032810734,-21.501897698409042,-24.577914328723086,-18.51364762030246
Veg,Protein,pf_poultry,Food_price ($),-1.66097462244761,-1.7131136666291,-1.60677584271125,-1.38924508502729,-1.43328577560897,-1.34372126665865,-0.271646760948963,-0.280066726052871,-0.262819568635044,-606.2557371933776,-625.2864883196215,-586.4731825896063,-507.0744560349608,-523.1493080972741,-490.45826233040725,-99.1510677463715,-102.22435500929791,-95.92914255179107
Vegan,Protein,pf_poultry,Food_price ($),-1.65967841912712,-1.71363286137287,-1.60759237574092,-1.38824782267188,-1.432935144615,-1.34432415494924,-0.271374268207152,-0.279914642845233,-0.262909753336047,-605.7826229813988,-625.4759944010975,-586.7712171454358,-506.7104552752362,-523.021327784475,-490.67831655647257,-99.05160789561047,-102.16884463851004,-95.96205996765715
Med,Protein,pf_poultry_tot,Food_price ($),0,0,0,0,0,0,0,0,0,0,0,0,0,0,0,0,0,0
US,Protein,pf_poultry_tot,Food_price ($),0,0,0,0,0,0,0,0,0,0,0,0,0,0,0,0,0,0
Veg,Protein,pf_poultry_tot,Food_price ($),0,0,0,0,0,0,0,0,0,0,0,0,0,0,0,0,0,0
Vegan,Protein,pf_poultry_tot,Food_price ($),0,0,0,0,0,0,0,0,0,0,0,0,0,0,0,0,0,0
Med,Protein,pf_redm,Food_price ($),-0.608634707186127,-0.717839452108071,-0.497363762615667,-0.458071680930387,-0.540712267410781,-0.37413310833193,-0.150713548025537,-0.17736312566893,-0.123210819949967,-222.15166812293634,-262.0114000194459,-181.53777335471847,-167.19616353959125,-197.35997760493507,-136.55858454115443,-55.010445029321005,-64.73754086915945,-44.971949281737956
US,Protein,pf_redm,Food_price ($),-0.608633651498686,-0.719750067960985,-0.498952942149991,-0.458004443045871,-0.54216585403316,-0.375261577147111,-0.150513184822416,-0.177898033960712,-0.1235070898309,-222.15128279702037,-262.7087748057595,-182.1178238847467,-167.17162171174292,-197.8905367221034,-136.9704756586955,-54.937312460181836,-64.93278239565987,-45.0800877882785
Veg,Protein,pf_redm,Food_price ($),-3.00313202988334,-3.11024169065023,-2.89760839480838,-2.24925265714834,-2.33044707867987,-2.16891824904155,-0.753892473392509,-0.780283424472592,-0.728116245190384,-1096.1431909074192,-1135.238217087334,-1057.6270641050587,-820.977219859144,-850.6131837181526,-791.6551609001658,-275.17075278826576,-284.8034499324961,-265.76242949449016
Vegan,Protein,pf_redm,Food_price ($),-2.99999319385168,-3.10734117118477,-2.89094754282019,-2.24698272814512,-2.3278605516012,-2.16414836016919,-0.753110069225855,-0.779364023520731,-0.726105209380687,-1094.997515755863,-1134.179527482441,-1055.1958531293692,-820.1486957729687,-849.669101334438,-789.9141514617544,-274.8851752674371,-284.4678685850668,-265.02840142395075
Med,Protein,pf_redm_tot,Food_price ($),0,0,0,0,0,0,0,0,0,0,0,0,0,0,0,0,0,0
US,Protein,pf_redm_tot,Food_price ($),0,0,0,0,0,0,0,0,0,0,0,0,0,0,0,0,0,0
Veg,Protein,pf_redm_tot,Food_price ($),0,0,0,0,0,0,0,0,0,0,0,0,0,0,0,0,0,0
Vegan,Protein,pf_redm_tot,Food_price ($),0,0,0,0,0,0,0,0,0,0,0,0,0,0,0,0,0,0
Med,Protein,pf_seafood,Food_price ($),3.74553947508207,3.64482779205746,3.84861269420941,2.34914201957742,2.28682245123382,2.4134947300064,1.39607139664629,1.3581172286805,1.43456877892706,1367.1219084049555,1330.362144100973,1404.7436333864348,857.4368371457583,834.6901947003443,880.9255764523359,509.5660597758959,495.71278846838254,523.6176043083769
US,Protein,pf_seafood,Food_price ($),1.306176531577,1.20321651922559,1.40817530979711,0.820491489298354,0.755789260437043,0.884016322527803,0.486033937343215,0.447499399445972,0.524373039453104,476.754434025605,439.17402951734033,513.9839880759451,299.4793935938992,275.8630800595207,322.6659577226481,177.40238713027347,163.33728079777978,191.39615940038294
Veg,Protein,pf_seafood,Food_price ($),-1.48090113127681,-1.57872627859713,-1.37824449991543,-0.927296957375397,-0.987969229514147,-0.863781667839994,-0.553410930094861,-0.590780292232719,-0.514968414832041,-540.5289129160357,-576.2350916879525,-503.05924246913196,-338.4633894420199,-360.60876877266367,-315.2803087615978,-201.99498948462426,-215.63480666494243,-187.96347141369498
Vegan,Protein,pf_seafood,Food_price ($),-1.4825808408218,-1.56815228162487,-1.37977140988605,-0.928466781552364,-0.981936988778362,-0.863506757350092,-0.554316347355554,-0.586180750689772,-0.515699453604626,-541.142006899957,-572.3755827930776,-503.6165646084083,-338.89037526661286,-358.4070009041021,-315.17996643278354,-202.3254667847772,-213.9559740017668,-188.23030056568848
Med,Other,sat_fat,Food_price ($),-0.0873297184291308,-0.0888624157336306,-0.0859368729530099,-0.0744676347747285,-0.0757947825050521,-0.0732763990230155,-0.012861631513034,-0.0130719216563795,-0.0126554879411119,-31.87534722663274,-32.43478174277517,-31.366958627848614,-27.1806866927759,-27.66509561434402,-26.74588564340066,-4.694495502257411,-4.771251404578518,-4.619253098505844
US,Other,sat_fat,Food_price ($),-0.0873582872553507,-0.0887406224763251,-0.0859596336183052,-0.0744940110717063,-0.0756702030049885,-0.0733058203234481,-0.0128655543204376,-0.0130662806487552,-0.0126556634130726,-31.885774848203006,-32.39032720385866,-31.3752662706814,-27.1903140411728,-27.619624096820804,-26.756624418058554,-4.6959273269597235,-4.769192436795648,-4.6193171457714985
Veg,Other,sat_fat,Food_price ($),-0.0834736880058485,-0.0848959364227003,-0.0820524956202991,-0.0711862388745933,-0.0724067722842036,-0.0699707200668217,-0.0122863701073094,-0.0124905999526533,-0.0120848490279307,-30.467896122134704,-30.98701679428561,-29.949160901409176,-25.982977189226553,-26.428471883734314,-25.53931282438992,-4.484525089167931,-4.559068982718454,-4.410969895194706
Vegan,Other,sat_fat,Food_price ($),-0.0835601601290471,-0.0848824455600473,-0.0820912691241952,-0.0712611776869224,-0.0723856393132739,-0.0699878708613278,-0.0122979168867077,-0.0124969909379756,-0.0120894172129681,-30.499458447102192,-30.982092629417266,-29.96331323033125,-26.010329855726678,-26.420758349344972,-25.545572864384646,-4.48873966364831,-4.561401692361094,-4.412637282733356
Med,Other,sodium,Food_price ($),0,0,0,0,0,0,0,0,0,0,0,0,0,0,0,0,0,0
US,Other,sodium,Food_price ($),0,0,0,0,0,0,0,0,0,0,0,0,0,0,0,0,0,0
Veg,Other,sodium,Food_price ($),0,0,0,0,0,0,0,0,0,0,0,0,0,0,0,0,0,0
Vegan,Other,sodium,Food_price ($),0,0,0,0,0,0,0,0,0,0,0,0,0,0,0,0,0,0
Med,Other,ssb,Food_price ($),0,0,0,0,0,0,0,0,0,0,0,0,0,0,0,0,0,0
US,Other,ssb,Food_price ($),0,0,0,0,0,0,0,0,0,0,0,0,0,0,0,0,0,0
Veg,Other,ssb,Food_price ($),0,0,0,0,0,0,0,0,0,0,0,0,0,0,0,0,0,0
Vegan,Other,ssb,Food_price ($),0,0,0,0,0,0,0,0,0,0,0,0,0,0,0,0,0,0
Med,Vegetables,veg_dg,Food_price ($),0.0743234028272605,0.0568985879697211,0.0917205996797604,0.0365355549226502,0.0277423818824694,0.04519568708011,0.0378502185190355,0.0290718776389529,0.0466836723314828,27.128042031950084,20.767984608948204,33.47801888311255,13.335477546767322,10.12596938710133,16.49642578424015,13.815329759447957,10.611235338217808,17.03954040099122
US,Vegetables,veg_dg,Food_price ($),0.0744505148272044,0.0572925295228919,0.0901614586469612,0.0365154698213937,0.0281434835748283,0.0444022531624895,0.0379107513465523,0.0289688626416494,0.0461990099154173,27.174437911929605,20.91177327585554,32.90893240614084,13.3281464848087,10.27237150481233,16.206822404308667,13.83742424149159,10.573634864202031,16.862638619127313
Veg,Vegetables,veg_dg,Food_price ($),0.0748716925246191,0.0572435141847524,0.0919741188666939,0.0366802165194021,0.0278130885917991,0.0451855508119874,0.0380065510874764,0.0292794988266539,0.0467831749044745,27.328167771485973,20.89388267743463,33.57055338634328,13.388279029581767,10.15177733600667,16.4927260463754,13.872391146928885,10.687017071728674,17.075858840133193
Vegan,Vegetables,veg_dg,Food_price ($),0.0739977234363466,0.0569113922379726,0.0906846166882066,0.0363251219744509,0.0277819837914474,0.0445343661731234,0.0376778744704756,0.0288762314763377,0.0461571248998183,27.009169054266508,20.772658166859998,33.09988509119541,13.258669520674577,10.140424083878301,16.255043653190043,13.752424181723596,10.53982448886326,16.847350588433677
Med,Vegetables,veg_exc_sta,Food_price ($),0,0,0,0,0,0,0,0,0,229.52616331834102,202.22421710213996,257.5869532244716,116.91640724142336,105.95305778757567,127.93419825879047,112.67320548941437,95.7540591190138,129.9702672864851
US,Vegetables,veg_exc_sta,Food_price ($),0,0,0,0,0,0,0,0,0,230.45225963114865,202.09529413112125,257.45967853010166,117.18704809767056,106.17665647400126,127.50527159984381,113.25333487024908,95.40805477348457,130.44044221721123
Veg,Vegetables,veg_exc_sta,Food_price ($),0,0,0,0,0,0,0,0,0,230.12943653628045,201.42536472526032,257.4694792630371,116.93567497956641,106.07552616988953,127.49908200227617,112.965272305511,95.13325729311416,130.16576203777578
Vegan,Vegetables,veg_exc_sta,Food_price ($),0,0,0,0,0,0,0,0,0,229.10296786319626,201.7630582013409,257.4628851894981,116.63418821454226,105.82772187721578,127.55944893683585,112.32828827083189,95.145471294831,130.30842242413365
Med,Vegetables,veg_oth,Food_price ($),0.0645428538707467,0.0173541153032819,0.113406946744405,0.0117378109199619,-0.00324190944029136,0.0270593800718325,0.0529231782334099,0.0203827845657312,0.0861640174058071,23.558141662822543,6.334252085697893,41.39353556170783,4.284300985786094,-1.1832969457063465,9.876673726218863,19.316960055194613,7.439716366491887,31.449866353119592
US,Vegetables,veg_oth,Food_price ($),0.0669326024554426,0.0170579249520198,0.114969569563286,0.0123419082082299,-0.00299481088259621,0.0268873692946503,0.0545582503792308,0.0197802358287647,0.0881303748973397,24.430399896236548,6.226142607487226,41.96389289059939,4.504796496003914,-1.0931059721476166,9.813889792547359,19.913761388419243,7.219786077499116,32.167586837528994
Veg,Vegetables,veg_oth,Food_price ($),0.0656772868806495,0.0151384696249663,0.113225777428275,0.0117125419146346,-0.00307997128793554,0.0261566127419092,0.053642538040811,0.0187755865858602,0.0862093542755561,23.972209711437067,5.5255414131127,41.32740876132038,4.275077798841629,-1.124189520096472,9.547163650796858,19.579526384896013,6.853089103838974,31.466414310577974
Vegan,Vegetables,veg_oth,Food_price ($),0.0639164120590013,0.0166050878203913,0.113977625715361,0.0112139574346143,-0.00347513330371588,0.0268006373892646,0.0522843880222869,0.0196474856983397,0.0872373810802215,23.329490401535473,6.060857054442825,41.60183338610677,4.09309446363422,-1.2684236558562962,9.782232647081578,19.08380162813472,7.171332279893991,31.84164409428085
Med,Vegetables,veg_ro,Food_price ($),0.489972546913886,0.479786247691764,0.50059013364288,0.272045558106493,0.265781877660769,0.278249585611867,0.217920316917183,0.212885225792614,0.223235234335272,178.83997962356838,175.12198040749385,182.7153987796512,99.29662870886995,97.01038534618068,101.56109874833146,79.5409156747718,77.70310741430411,81.48086053237428
US,Vegetables,veg_ro,Food_price ($),0.489992936501322,0.479335282870626,0.500237954064004,0.272203027717419,0.265746276551607,0.278039888775309,0.217814107507776,0.212642832415845,0.223041689754945,178.8474218229825,174.95737824777848,182.58685323336144,99.35410511685794,96.99739094133655,101.48455940298778,79.50214924033824,77.61463383178342,81.41021676055493
Veg,Vegetables,veg_ro,Food_price ($),0.489942627543445,0.479468330506063,0.500195937302393,0.271978953838748,0.265884762613642,0.277970389876997,0.21784480759914,0.212583975664511,0.223625996950862,178.8290590533574,175.005940634713,182.57151711537344,99.27231815114301,97.04793835397933,101.45919230510391,79.51335477368609,77.59315111754651,81.62348888706462
Vegan,Vegetables,veg_ro,Food_price ($),0.489765228513409,0.479259021863118,0.500715525238893,0.272006641726667,0.265632113559435,0.278142938730313,0.217786472495818,0.21214880692075,0.223614870524436,178.76430840739428,174.92954298003806,182.76116671219592,99.28242423023346,96.95572144919377,101.52217263656424,79.49206246097357,77.43431452607375,81.61942774141913
Med,Vegetables,veg_sta,Food_price ($),0.210037000294872,0.199436998427059,0.219567094774995,0.15495545453755,0.147219623414922,0.162099111343566,0.0550543575617704,0.0524262327296246,0.0575057645386984,76.66350510762828,72.79450442587654,80.14198959287317,56.55874090620575,53.73516254644653,59.16617564040159,20.094840510046197,19.13557494631298,20.989604056624916
US,Vegetables,veg_sta,Food_price ($),0.210069141496303,0.199757223295896,0.219678977597368,0.155001099059144,0.147352092787346,0.162147123357438,0.0550921722965993,0.0524549191031751,0.0575057553758742,76.6752366461506,72.91138650300205,80.18282682303932,56.57540115658756,53.783513867381295,59.18370002546487,20.108642888258746,19.146045472658912,20.989600712194083
Veg,Vegetables,veg_sta,Food_price ($),0.20998683101412,0.199851743161483,0.219682049696036,0.154909903442868,0.14738806482706,0.162237013786228,0.0550345068627792,0.0525076478728505,0.0575332766603835,76.6451933201538,72.9458862539413,80.18394813905314,56.542114756646825,53.7966436618769,59.21651003197322,20.08759500491441,19.165291473590433,20.999645981039976
Vegan,Vegetables,veg_sta,Food_price ($),0.21012271952571,0.199532746251529,0.220019248099724,0.155018910258199,0.147157240942836,0.162410279017119,0.0550817138442774,0.0524327629069977,0.0576583936458686,76.69479262688415,72.82945238180808,80.30702555639927,56.581902244242634,53.71239294413514,59.279751841248434,20.104825553161252,19.13795846105416,21.045313680742037
Med,Other,added_sugar,GHG (kgCO2eq),-0.0528103771094155,-0.0538438383756552,-0.0516307746955599,-0.0350053620363734,-0.03569019957163,-0.0342245720445778,-0.0178044511353872,-0.0181535053397579,-0.0174062026509821,-19.27578764493666,-19.65300100711415,-18.845232763879363,-12.776957143276292,-13.02692284364495,-12.491968796270898,-6.498624664416328,-6.626029449011633,-6.353263967608466
US,Other,added_sugar,GHG (kgCO2eq),-0.0527609070224536,-0.0538606648371421,-0.0517171992746294,-0.0349729179929388,-0.0357024207411732,-0.0342810124409711,-0.0177874874506264,-0.0181582440959689,-0.0174361868336582,-19.257731063195564,-19.659142665556868,-18.87677773523973,-12.765115067422663,-13.031383570528217,-12.512569540954452,-6.492432919478635,-6.627759095028648,-6.3642081942852435
Veg,Other,added_sugar,GHG (kgCO2eq),-0.0525160983039448,-0.0536192570911091,-0.0514529361353847,-0.0348111508112318,-0.0355421782931286,-0.0341075923351374,-0.0177050442027255,-0.0180770787979805,-0.0173453438002473,-19.168375880939852,-19.571028838254822,-18.780321689415416,-12.706070046099608,-12.972895076991938,-12.449271202325152,-6.462341133994808,-6.598133761262883,-6.331050487090265
Vegan,Other,added_sugar,GHG (kgCO2eq),-0.0524951272095489,-0.0535268837515915,-0.0514256582938979,-0.0347967256782447,-0.0354803231579206,-0.0340881343587075,-0.0176983057499717,-0.018046560593671,-0.0173375239351904,-19.16072143148535,-19.537312569330897,-18.770365277272735,-12.700804872559315,-12.950317952641019,-12.442169040928238,-6.4598815987396705,-6.586994616689915,-6.328196236344496
Med,Dairy,dairy_cow,GHG (kgCO2eq),0.211246552654398,0.202662786466722,0.220207597940788,0.159955241558146,0.153490366818469,0.166743580601306,0.0512909824212728,0.0491913844589757,0.0534638311436514,77.10499171885527,73.97191706035353,80.37577324838762,58.38366316872329,56.023983888741185,60.86140691947669,18.72120858376457,17.954855327526133,19.51429836743276
US,Dairy,dairy_cow,GHG (kgCO2eq),0.552979160915266,0.543580454781932,0.561203362358409,0.4186930214444,0.411566113546106,0.424910046921397,0.134288561736425,0.132015095904803,0.136287687448996,201.8373937340721,198.40686599540516,204.83922726081926,152.822952827206,150.2216314443287,155.0921671263099,49.01532503379513,48.1855100052531,49.74500591888354
Veg,Dairy,dairy_cow,GHG (kgCO2eq),0.55295641742909,0.544536870643546,0.562432053569237,0.418673850133859,0.412322413302151,0.425844027998945,0.134285961352247,0.132242356487768,0.136582098633656,201.82909236161782,198.75595778489426,205.2876995527715,152.81595529885854,150.49768085528513,155.43307021961493,49.014375893570154,48.26846011803532,49.85246600128444
Vegan,Dairy,dairy_cow,GHG (kgCO2eq),-0.47230362652029,-0.480657151326397,-0.463627724595457,-0.357548700420133,-0.363879326006219,-0.351005970876955,-0.11475431765207,-0.116797569202439,-0.112633956889066,-172.39082367990585,-175.43986023413493,-169.2241194773418,-130.50527565334855,-132.81595399226993,-128.11717937008856,-41.885325943005554,-42.63111275889023,-41.11139426450909
Med,Dairy,dairy_soy,GHG (kgCO2eq),-4.4600514820292e-4,-5.9007824106203e-4,-2.9975998083009e-4,-3.5064062387678e-4,-4.639081037871e-4,-2.3566550098146e-4,-9.53645243261407e-5,-1.2617013727492e-4,-6.40944798486241e-5,-0.1627918790940658,-0.21537855798764094,-0.10941239300298286,-0.1279838277150247,-0.1693264578822915,-0.0860179078582329,-0.03480805137904135,-0.0460521001053458,-0.0233944851447478
US,Dairy,dairy_soy,GHG (kgCO2eq),-4.5332846991599e-4,-5.8411967439737e-4,-3.0577409050986e-4,-3.5639807780902e-4,-4.5922359388598e-4,-2.4039367772713e-4,-9.69303921069691e-5,-1.2489608051138e-4,-6.53804127827339e-5,-0.16546489151933635,-0.21320368115504004,-0.1116075430360989,-0.1300852984002923,-0.1676166117683827,-0.08774369237040244,-0.03537959311904372,-0.045587069386653696,-0.023863850665697874
Veg,Dairy,dairy_soy,GHG (kgCO2eq),-4.4542284513542e-4,-5.7952063402607e-4,-2.9919454727646e-4,-3.5018282846411e-4,-4.5560791726986e-4,-2.3522096805443e-4,-9.52400166713098e-5,-1.2391271675621e-4,-6.39735792220356e-5,-0.1625793384744283,-0.21152503141951554,-0.1092060097559079,-0.12781673238940017,-0.1662968898034989,-0.08585565333986696,-0.034762606085028076,-0.04522814161601665,-0.023350356416042994
Vegan,Dairy,dairy_soy,GHG (kgCO2eq),0.143105553913287,0.142972868878578,0.143259031006845,0.112506819498768,0.112402505089984,0.112627480222198,0.0305987344145193,0.0305703637885944,0.0306315507846464,52.23352717834975,52.185097140680966,52.28954631749843,41.06498911705032,41.02691435784416,41.10903028110227,11.168538061299545,11.158182782836956,11.180516036395936
Med,Dairy,dairy_tot,GHG (kgCO2eq),0,0,0,0,0,0,0,0,0,0,0,0,0,0,0,0,0,0
US,Dairy,dairy_tot,GHG (kgCO2eq),0,0,0,0,0,0,0,0,0,0,0,0,0,0,0,0,0,0
Veg,Dairy,dairy_tot,GHG (kgCO2eq),0,0,0,0,0,0,0,0,0,0,0,0,0,0,0,0,0,0
Vegan,Dairy,dairy_tot,GHG (kgCO2eq),0,0,0,0,0,0,0,0,0,0,0,0,0,0,0,0,0,0
Med,Fruit,fruit_exc_juice,GHG (kgCO2eq),0.189076225838566,0.184766050594078,0.193359570451069,0.106121623303372,0.103813734753284,0.108475146879357,0.0829519514272976,0.0810262962901602,0.0849921736138594,69.0128224310766,67.43960846683846,70.57624321464019,38.73439250573078,37.89201318494866,39.593428610965304,30.27746227096362,29.57459814590847,31.02214336905868
US,Fruit,fruit_exc_juice,GHG (kgCO2eq),0.129980041921318,0.125703391628884,0.134233057502996,0.0729968802033273,0.0706518134051799,0.0753274466052427,0.0570165139228936,0.0549699360108942,0.0588852110669539,47.442715301281076,45.88173794454266,48.99506598859354,26.643861274214466,25.787911892890662,27.494518010913584,20.811027581856163,20.064026643976383,21.493102039438174
Veg,Fruit,fruit_exc_juice,GHG (kgCO2eq),0.130127421932688,0.125856721939699,0.13446740104603,0.0731047356122482,0.0707931325854469,0.0754274919326346,0.0570548405042243,0.0550535055473357,0.0591153921656932,47.49650900543112,45.93770350799013,49.08060138180095,26.683228498470594,25.839493393688116,27.531034555411626,20.825016784041868,20.09452952477753,21.577118140478017
Vegan,Fruit,fruit_exc_juice,GHG (kgCO2eq),0.130046516884806,0.125227897978929,0.134438284002268,0.0730467946885962,0.0704010990846293,0.0754538571977888,0.0569835246240653,0.0548465947133225,0.0590279936818508,47.46697866295419,45.708182762309086,49.06997366082783,26.662080061337615,25.696401165889693,27.54065787719291,20.798986487783836,20.01900707036271,21.545217693875543
Med,Fruit,fruit_juice,GHG (kgCO2eq),0.100052993781693,0.0973166947750232,0.10268485885068,0.0871838375365383,0.0848032895937263,0.0894920331113941,0.0128646749828545,0.0125331693390961,0.0131949220304145,36.519342730317945,35.520593592883465,37.4799734804982,31.82210070083648,30.9532007017101,32.664592085658846,4.695606368741893,4.574606808770077,4.8161465411012925
US,Fruit,fruit_juice,GHG (kgCO2eq),0.0675899949317255,0.0646353270903647,0.0703369925831115,0.0588393307941262,0.0562599688240192,0.0612345090704349,0.00875132579793998,0.00838835169183416,0.00910456595277004,24.670348150079807,23.591894387983114,25.6730022928357,21.47635573985606,20.53488862076701,22.35059581070874,3.194233916248093,3.0617483675194683,3.323166572761065
Veg,Fruit,fruit_juice,GHG (kgCO2eq),0.0675575048299456,0.0648679378190326,0.0702661185391842,0.0588134156376093,0.0564679406355205,0.061199933363909,0.00874501957357359,0.008399357457808,0.00908090300589173,24.658489262930146,23.676797303946902,25.647133266802232,21.466896707727393,20.610798331964983,22.337975677826783,3.19193214435436,3.06576547209992,3.3145295971504813
Vegan,Fruit,fruit_juice,GHG (kgCO2eq),0.0675726706734255,0.064793669270408,0.0703302687505972,0.0588339125127933,0.0564030626743309,0.0612626931553674,0.00874770885317822,0.00839206905670444,0.00909825667018995,24.664024795800305,23.64968928369892,25.670548093967977,21.474378067169557,20.58711787613078,22.3608830017091,3.1929137314100506,3.0631052056971204,3.3208636846193316
Med,Grains,gr_refined,GHG (kgCO2eq),-0.0612588835307059,-0.0626709859812602,-0.0599345961695731,-0.0473435022529649,-0.0484318936062757,-0.0463151898177351,-0.0139181749903252,-0.0142396204888333,-0.0136159550076118,-22.359492488707655,-22.874909883159972,-21.87612760189418,-17.28037832233219,-17.67764116629063,-16.905044283473313,-5.080133871468698,-5.197461478424154,-4.969823577778308
US,Grains,gr_refined,GHG (kgCO2eq),-0.0612791645664454,-0.0626855387573232,-0.0597904390245111,-0.0473555921773509,-0.048458208711487497,-0.0462080374095614,-0.0139214657249675,-0.014236452966109,-0.0135871707709305,-22.366895066752573,-22.88022164642297,-21.82351024394655,-17.284791144733077,-17.687246179692938,-16.86593365448991,-5.081334989613137,-5.196305332629785,-4.959317331389633
Veg,Grains,gr_refined,GHG (kgCO2eq),-0.0612732405458549,-0.0626119859930996,-0.0598838610997603,-0.0473522419210947,-0.0483897495096019,-0.0462822345298253,-0.0139191760065323,-0.0142143036395774,-0.0136077317498497,-22.36473279923704,-22.853374887481355,-21.85760930141251,-17.283568301199566,-17.662258571004692,-16.893015603386235,-5.08049924238429,-5.188220828445751,-4.966822088695141
Vegan,Grains,gr_refined,GHG (kgCO2eq),-0.0612411947105804,-0.0627052401327002,-0.0597983907020838,-0.0473337175219027,-0.0484572750490946,-0.0462056625576007,-0.0139134842764545,-0.0142450707830602,-0.0135879682136868,-22.353036069361846,-22.88741264843557,-21.826412606260586,-17.276806895494484,-17.686905392919527,-16.865066833524256,-5.078421760905893,-5.1994508358169735,-4.959608397995682
Med,Grains,gr_whole,GHG (kgCO2eq),0.0695509352676728,0.0685520838704562,0.070601149937673,0.0557022081905261,0.0548934898230565,0.0565380375421404,0.0138514138698188,0.0136527982190446,0.0140631358923497,25.38609137270057,25.021510612716515,25.769419727250643,20.331305989542027,20.036123785415622,20.636383702881247,5.055766062483862,4.983271349951279,5.133044600707641
US,Grains,gr_whole,GHG (kgCO2eq),0.069580467752602,0.0686235055482012,0.070583155791398,0.0557213488496324,0.0549517254088629,0.0565269625094215,0.0138572066938873,0.0136637516557875,0.0140565578128329,25.39687072969973,25.047579525093436,25.76285186386027,20.338292330115827,20.05737977423496,20.632341315938845,5.057880443268865,4.987269354362438,5.1306436016840085
Veg,Grains,gr_whole,GHG (kgCO2eq),0.0860612235026871,0.0849545635763091,0.0871145066084708,0.0689174377323422,0.0680270686772368,0.0697608396205079,0.0171415276042793,0.0169211457583595,0.0173528680063531,31.412346578480793,31.00841570535282,31.79679491209184,25.1548647723049,24.829880067191432,25.462706461485382,6.2566575755619445,6.176218201801217,6.333796822318881
Vegan,Grains,gr_whole,GHG (kgCO2eq),0.086034145634841,0.0849885816353673,0.0870633237106978,0.0688951108487382,0.0680587914091647,0.0697182745584888,0.0171393915193373,0.0169296951654135,0.0173422094964572,31.402463156716966,31.020832296909063,31.7781131544047,25.146715459789444,24.841458864345114,25.44717021384841,6.2558779045581145,6.179338735375928,6.329906466206878
Med,Protein,leg_tot,GHG (kgCO2eq),0.0122697140868125,0.0115033238784944,0.0130914826581336,0.00985615106274088,0.00924050333288637,0.0105283594704897,0.00241102080209943,0.00226582164496873,0.00256183014505582,4.478445641686562,4.198713215650456,4.778391170218764,3.5974951379004216,3.372783716503525,3.842851206728741,0.880022592766292,0.8270249004135863,0.9350680029453743
US,Protein,leg_tot,GHG (kgCO2eq),0.0123215460401859,0.0115071662306655,0.013070091357438,0.00990291830324705,0.00922740986134996,0.0105159952067242,0.00242008727867833,0.00226601858457951,0.00255935930842919,4.497364304667854,4.200115674192907,4.77058334546487,3.614565180685173,3.368004599392736,3.838338250454333,0.8833318567175904,0.8270967833715211,0.9341661475766543
Veg,Protein,leg_tot,GHG (kgCO2eq),0.0771687655353171,0.0763775484990165,0.0779236123589364,0.0625660730249898,0.0619251502617986,0.0631849590918601,0.0146007314242324,0.0144551952061872,0.0147441817625074,28.16659942039074,27.877805202141023,28.442118511011785,22.83661665412128,22.60267984555649,23.062510068528937,5.329266969844826,5.276146250258328,5.381626343315201
Vegan,Protein,leg_tot,GHG (kgCO2eq),0.0862092617799085,0.0854679421524153,0.0869502864557077,0.0699134432645801,0.0693105230519193,0.0705183183906942,0.0162980164287704,0.0161549587283059,0.0164374512449072,31.4663805496666,31.195798885631582,31.73685455633331,25.518406791571735,25.298340913950543,25.739186212603382,5.948775996501196,5.896559935831653,5.9996697043911285
Med,Other,oil,GHG (kgCO2eq),-0.00111145854734809,-0.00153171833885522,-6.8195995443983e-4,-9.2540465158307e-4,-0.00127623712096489,-5.6745233716947e-4,-1.8589289327393e-4,-2.5557809921125e-4,-1.1450761727035e-4,-0.4056823697820529,-0.5590771936821552,-0.24891538337053795,-0.33777269782782054,-0.46582654915218485,-0.20712010306685658,-0.06785090604498445,-0.09328600621210625,-0.04179528030367775
US,Other,oil,GHG (kgCO2eq),-0.0011225614569179,-0.00155217949768668,-6.9100616865382e-4,-9.3486363868426e-4,-0.00129261530806121,-5.7474199015335e-4,-1.8742992984571e-4,-2.5954680809693e-4,-1.1628113977453e-4,-0.4097349317750335,-0.5665455166556381,-0.25221725155864433,-0.34122522811975486,-0.47180458744234166,-0.20978082640597273,-0.06841192439368415,-0.09473458495537945,-0.04244261601770345
Veg,Other,oil,GHG (kgCO2eq),-0.0011155768898147,-0.00155439365625214,-6.9475351454769e-4,-9.2901368502879e-4,-0.00129496935634716,-5.7787192600791e-4,-1.8658139901461e-4,-2.5942429990498e-4,-1.1688158853978e-4,-0.4071855647823655,-0.567353684532031,-0.25358503280990685,-0.33908999503550835,-0.47266381506671346,-0.21092325299288714,-0.06810221064033264,-0.0946898694653177,-0.0426617798170197
Vegan,Other,oil,GHG (kgCO2eq),-0.00109816442163304,-0.00152292308403798,-6.8424884403588e-4,-9.1435888824321e-4,-0.00126896573050117,-5.6927713914101e-4,-1.8378311176429e-4,-2.5395735353681e-4,-1.1497170489486e-4,-0.40083001389605954,-0.5558669256738626,-0.24975082807309618,-0.3337409942087716,-0.463172491632927,-0.20778615578646864,-0.06708083579396584,-0.09269443404093565,-0.0419646722866239
Med,Protein,pf_egg,GHG (kgCO2eq),-0.0312865259787715,-0.0360487503250206,-0.0264438599281544,-0.0231093656747318,-0.026626917732677,-0.0195323964490577,-0.00817716030403965,-0.00942183259234366,-0.0069114634790967,-11.419581982251596,-13.157793868632519,-9.652008873776357,-8.434918471277108,-9.718824972427104,-7.129324703906061,-2.9846635109744724,-3.438968896205436,-2.5226841698702955
US,Protein,pf_egg,GHG (kgCO2eq),-0.0313164940833573,-0.0364102250128509,-0.0264545697835238,-0.0231315012064276,-0.0268939160804289,-0.0195403071376468,-0.00818499287692977,-0.00951630893242201,-0.00691426264587692,-11.430520340425415,-13.289732129690577,-9.655917970986186,-8.442997940346073,-9.816279369356549,-7.132212105241082,-2.9875224000793663,-3.473452760334034,-2.5237058657450757
Veg,Protein,pf_egg,GHG (kgCO2eq),-0.0440201750021785,-0.0494562654419073,-0.0394060461688467,-0.0325149018424504,-0.0365301958989988,-0.0291067385151402,-0.011505273159728,-0.0129260695429085,-0.0102993076537065,-16.067363875795152,-18.051536886296166,-14.383206851629046,-11.867939172494395,-13.333521503134563,-10.623959558026174,-4.19942470330072,-4.718015383161602,-3.759247293602872
Vegan,Protein,pf_egg,GHG (kgCO2eq),-0.153384951874816,-0.158055178391797,-0.148322019333443,-0.113295702574372,-0.116745301690553,-0.109556036509675,-0.0400892493004436,-0.0413098767012437,-0.0387659828237682,-55.985507434307834,-57.6901401130059,-54.13753705670669,-41.35293143964578,-42.612035117051846,-39.98795332603138,-14.632575994661915,-15.07810499595395,-14.149583730675392
Med,Protein,pf_ns,GHG (kgCO2eq),-0.00376706712516474,-0.00498934422319535,-0.00266825321927788,-0.00330803165927694,-0.00437938582422444,-0.00234563418082862,-4.5757092348544e-4,-6.0511822577913e-4,-3.2508253057167e-4,-1.37497950068513,-1.8211106414663027,-0.9739124250364262,-1.207431555636083,-1.5984758258419205,-0.8561564760024463,-0.1670133870721856,-0.22086815240938243,-0.11865512365865956
US,Protein,pf_ns,GHG (kgCO2eq),-0.00382790597619818,-0.00503426109245815,-0.00265286748173367,-0.00336295126788484,-0.00441833594649769,-0.00233294325772413,-4.669680821234e-4,-6.1530319032843e-4,-3.208924642776e-4,-1.3971856813123358,-1.8375052987472247,-0.9682966308327896,-1.2274772127779665,-1.6126926204716567,-0.8515242890693074,-0.170443349975041,-0.22458566446987693,-0.11712574946132401
Veg,Protein,pf_ns,GHG (kgCO2eq),0.00641119431477382,0.00519133692102022,0.00763920676157727,0.00564005519037549,0.00456571536757719,0.00671715079741076,7.7353636126876e-4,6.2672583845185e-4,9.2179304493758e-4,2.340085924892444,1.8948379761723801,2.7883104679757036,2.0586201444870538,1.6664861091656742,2.451760041054927,0.2823407718630974,0.22875493103492525,0.3364544614022167
Vegan,Protein,pf_ns,GHG (kgCO2eq),0.0102508812973285,0.0090098430307816,0.0113761553073915,0.00901452049491787,0.00792448859929622,0.00999863372882182,0.00123796210096955,0.00109286468078978,0.0013743449695801,3.7415716735249025,3.288592706235284,4.1522966871978975,3.2902999806450226,2.8924383387431205,3.6495013110199643,0.45185616685388574,0.3988956084882697,0.5016359138967365
Med,Protein,pf_pm,GHG (kgCO2eq),0,0,0,0,0,0,0,0,0,0,0,0,0,0,0,0,0,0
US,Protein,pf_pm,GHG (kgCO2eq),0,0,0,0,0,0,0,0,0,0,0,0,0,0,0,0,0,0
Veg,Protein,pf_pm,GHG (kgCO2eq),0,0,0,0,0,0,0,0,0,0,0,0,0,0,0,0,0,0
Vegan,Protein,pf_pm,GHG (kgCO2eq),0,0,0,0,0,0,0,0,0,0,0,0,0,0,0,0,0,0
Med,Protein,pf_poultry,GHG (kgCO2eq),0,0,0,0,0,0,0,0,0,0,0,0,0,0,0,0,0,0
US,Protein,pf_poultry,GHG (kgCO2eq),0,0,0,0,0,0,0,0,0,0,0,0,0,0,0,0,0,0
Veg,Protein,pf_poultry,GHG (kgCO2eq),0,0,0,0,0,0,0,0,0,0,0,0,0,0,0,0,0,0
Vegan,Protein,pf_poultry,GHG (kgCO2eq),0,0,0,0,0,0,0,0,0,0,0,0,0,0,0,0,0,0
Med,Protein,pf_poultry_tot,GHG (kgCO2eq),-0.0533948765425554,-0.060071987878257,-0.0468271839146933,-0.0435528731419945,-0.0490270354117709,-0.0382124304379283,-0.0098154378706833,-0.0110646619648706,-0.00859636218329871,-19.48912993803272,-21.926275575563807,-17.091922128863054,-15.896798696827991,-17.894867925296378,-13.94753710984383,-3.5826348227994043,-4.038601617177769,-3.137672196904029
US,Protein,pf_poultry_tot,GHG (kgCO2eq),-0.0534348097407902,-0.0600403880611958,-0.046722471273563,-0.0436235372433917,-0.0489544938587229,-0.0381908551042599,-0.00982070965044645,-0.0110634196900709,-0.0085717764207867,-19.50370555538842,-21.914741642336466,-17.053702014850494,-15.922591093837971,-17.86839025843386,-13.939662113054863,-3.5845590224129547,-4.038148186875878,-3.1286983935871455
Veg,Protein,pf_poultry_tot,GHG (kgCO2eq),-0.258911588468751,-0.265168756575958,-0.252746244862536,-0.21078922748765,-0.21586809219506,-0.20577150187842,-0.0481281592627891,-0.0493079045433263,-0.0469565955631985,-94.50272979109411,-96.78659615022467,-92.25237937482564,-76.93806803299225,-78.7918536511969,-75.1065981856233,-17.56677813091802,-17.9973851583141,-17.13915738056745
Vegan,Protein,pf_poultry_tot,GHG (kgCO2eq),-0.258868639345885,-0.265413595438532,-0.252485265505168,-0.210757853468853,-0.216084067790417,-0.205556401997317,-0.0481371120683008,-0.0493615833108051,-0.0469302284894535,-94.48705336124803,-96.87596233506417,-92.1571219093863,-76.92661651613135,-78.87068474350221,-75.02808672902071,-17.570045904929792,-18.01697790844386,-17.12953339865053
Med,Protein,pf_redm,GHG (kgCO2eq),0,0,0,0,0,0,0,0,0,0,0,0,0,0,0,0,0,0
US,Protein,pf_redm,GHG (kgCO2eq),0,0,0,0,0,0,0,0,0,0,0,0,0,0,0,0,0,0
Veg,Protein,pf_redm,GHG (kgCO2eq),0,0,0,0,0,0,0,0,0,0,0,0,0,0,0,0,0,0
Vegan,Protein,pf_redm,GHG (kgCO2eq),0,0,0,0,0,0,0,0,0,0,0,0,0,0,0,0,0,0
Med,Protein,pf_redm_tot,GHG (kgCO2eq),-0.425136845319702,-0.480590356486054,-0.375088354410881,-0.325815704052796,-0.368179425018426,-0.287503694719017,-0.099362748786258,-0.112386457140079,-0.0876505498065784,-155.1749485416912,-175.41548011740971,-136.90724935997156,-118.92273197927054,-134.38549013172548,-104.9388485724412,-36.26740330698417,-41.02105685612884,-31.992450679401113
US,Protein,pf_redm_tot,GHG (kgCO2eq),-0.425179772845375,-0.47963632689928,-0.37389323049978,-0.325802732383637,-0.36748031338868,-0.286547349638583,-0.0994226805195269,-0.112287595907577,-0.087405025879415,-155.19061708856188,-175.0672593182372,-136.47102913241972,-118.91799732002751,-134.13031438686818,-104.58978261808281,-36.28927838962731,-40.984972506265606,-31.902834445986475
Veg,Protein,pf_redm_tot,GHG (kgCO2eq),-2.07169546740789,-2.12207556983183,-2.01835532681683,-1.58593331696791,-1.62446467273013,-1.5450535115828,-0.485742900381801,-0.497610897101698,-0.473263807687827,-756.1688456038797,-774.5575829886179,-736.6996942881431,-578.8656606932872,-592.9296055464974,-563.9445317277219,-177.29615863935737,-181.62797744211977,-172.74128980605684
Vegan,Protein,pf_redm_tot,GHG (kgCO2eq),-2.07184807172779,-2.12206485232996,-2.02044824340739,-1.58610357606234,-1.6244735975042,-1.54661623233988,-0.485787024965405,-0.497544521772023,-0.473869088280261,-756.2245461806434,-774.5536711004354,-737.4636088436973,-578.9278052627541,-592.9328630890329,-564.5149248040562,-177.31226411237282,-181.6037504467884,-172.96221722229527
Med,Protein,pf_seafood,GHG (kgCO2eq),0.58976442371331,0.576472319818681,0.603189381336332,0.368696488788501,0.360417635331569,0.377177528453276,0.221086733271198,0.216138667406854,0.226035623257504,215.26401465535812,210.41239673381855,220.1641241877612,134.57421840780285,131.5524368960227,137.66979788544575,80.69665764398727,78.8906136035017,82.50300248898897
US,Protein,pf_seafood,GHG (kgCO2eq),0.205303066251984,0.191938732653471,0.219069533992501,0.128582725852613,0.120071739772872,0.137220951399669,0.0767633442808048,0.0717152526118758,0.081834072397551,74.93561918197416,70.05763741851692,79.96037990726286,46.93269493620374,43.82618501709828,50.085647260879185,28.01862066249375,26.176067203334664,29.869436425106116
Veg,Protein,pf_seafood,GHG (kgCO2eq),-0.234405862943491,-0.247082106884896,-0.221351702511186,-0.146026802326963,-0.153919012078243,-0.137852201396,-0.0883661629917402,-0.0931644808300805,-0.083507141488933,-85.55813997437421,-90.18496901298704,-80.79337141658289,-53.29978284934149,-56.18043940855869,-50.31605350954,-32.25364949198517,-34.00503550297938,-30.480106643460545
Vegan,Protein,pf_seafood,GHG (kgCO2eq),-0.234236547080607,-0.246769614509486,-0.220996991745208,-0.145904314269072,-0.153761854514794,-0.137673928741925,-0.0883154073454411,-0.0929903368607867,-0.0833246724140107,-85.49633968442156,-90.0709092959624,-80.66390198700093,-53.255074708211275,-56.12307689789981,-50.250983990802624,-32.235123681086,-33.94147295418715,-30.413505431113908
Med,Other,sat_fat,GHG (kgCO2eq),-0.230562354908238,-0.233923763327376,-0.227349836915152,-0.177261241077635,-0.179861703240866,-0.174794594002586,-0.053291883987052,-0.0540531315744617,-0.0525546996042135,-84.15525954150688,-85.38217361449223,-82.98269047403048,-64.70035299333678,-65.64952168291609,-63.8000268109439,-19.45153765527398,-19.72939302467852,-19.18246535553793
US,Other,sat_fat,GHG (kgCO2eq),-0.230594510431246,-0.233494136631389,-0.227416438834752,-0.177282975671589,-0.179545671849908,-0.174822327457858,-0.0533020311076052,-0.0539655700776014,-0.0525557511956427,-84.1669963074048,-85.22535987045698,-83.00700017468448,-64.70828612012998,-65.53417022521641,-63.810149522118174,-19.4552413542759,-19.69743307832451,-19.182849186409587
Veg,Other,sat_fat,GHG (kgCO2eq),-0.22032145378689,-0.223579264150955,-0.217236346168006,-0.169411865111496,-0.171933580059499,-0.167027676887218,-0.0509206477787078,-0.0516786112247345,-0.0502102090700476,-80.41733063221486,-81.60643141509857,-79.2912663513222,-61.83533076569604,-62.755756721717134,-60.96510206383457,-18.586036439228348,-18.862693097028092,-18.326726310567373
Vegan,Other,sat_fat,GHG (kgCO2eq),-0.22057275174126,-0.223742836659692,-0.217285573210647,-0.16959131796697,-0.172026165731207,-0.167079126704609,-0.0509740481344456,-0.0517214517750939,-0.050214009334979,-80.5090543855599,-81.66613538078758,-79.30923422188616,-61.900831057944046,-62.78955049189055,-60.98388124718229,-18.605527569072645,-18.878329897909275,-18.328113407267335
Med,Other,sodium,GHG (kgCO2eq),0,0,0,0,0,0,0,0,0,0,0,0,0,0,0,0,0,0
US,Other,sodium,GHG (kgCO2eq),0,0,0,0,0,0,0,0,0,0,0,0,0,0,0,0,0,0
Veg,Other,sodium,GHG (kgCO2eq),0,0,0,0,0,0,0,0,0,0,0,0,0,0,0,0,0,0
Vegan,Other,sodium,GHG (kgCO2eq),0,0,0,0,0,0,0,0,0,0,0,0,0,0,0,0,0,0
Med,Other,ssb,GHG (kgCO2eq),0,0,0,0,0,0,0,0,0,0,0,0,0,0,0,0,0,0
US,Other,ssb,GHG (kgCO2eq),0,0,0,0,0,0,0,0,0,0,0,0,0,0,0,0,0,0
Veg,Other,ssb,GHG (kgCO2eq),0,0,0,0,0,0,0,0,0,0,0,0,0,0,0,0,0,0
Vegan,Other,ssb,GHG (kgCO2eq),0,0,0,0,0,0,0,0,0,0,0,0,0,0,0,0,0,0
Med,Vegetables,veg_dg,GHG (kgCO2eq),0.00491390725880995,0.0037770172479136,0.00598916255979891,0.00359409593175842,0.00272262004397146,0.00442732933183482,0.00132103433623148,0.00104887438936485,0.00157373516332139,1.793576149465632,1.378611295488464,2.186044334326602,1.3118450150918233,0.9937563160495829,1.6159752061197092,0.4821775327244902,0.38283915211817027,0.5744133346123074
US,Vegetables,veg_dg,GHG (kgCO2eq),0.00489468996205909,0.00382732183980749,0.00589996951760468,0.00357347371525101,0.00275160612542083,0.00433320415248214,0.00131518549946712,0.00105159339287889,0.00156942388279204,1.7865618361515678,1.3969724715297338,2.153488873925708,1.3043179060666186,1.004336235778603,1.5816195156559811,0.4800427073054988,0.38383158840079484,0.5728397172190945
Veg,Vegetables,veg_dg,GHG (kgCO2eq),0.00491262830721663,0.00382586475739075,0.00596712385712555,0.00359272621236444,0.00277670950677966,0.00438580071889156,0.00132287655283417,0.00104991219154446,0.00159101086518361,1.79310933213407,1.3964406364476238,2.178000207850826,1.3113450675130205,1.0134989699745758,1.6008172623954193,0.482849941784472,0.38321794991372793,0.5807189657920176
Vegan,Vegetables,veg_dg,GHG (kgCO2eq),0.00487486020088518,0.00377729891430684,0.00591321556132885,0.00356880359615283,0.00274768461497206,0.0043495523266164,0.00131383244507171,0.00104248824898807,0.00156827174684808,1.7793239733230908,1.3787141037219965,2.1583236798850303,1.3026133125957828,1.0029048844648019,1.587586599214986,0.47954884245117413,0.38050821088064557,0.5724191875995491
Med,Vegetables,veg_exc_sta,GHG (kgCO2eq),0,0,0,0,0,0,0,0,0,22.605655434168245,21.15383044712727,24.020873312256914,14.015011676176714,13.054865888585443,14.948098750088695,8.59371283590353,8.097571600903725,9.080469635381744
US,Vegetables,veg_exc_sta,GHG (kgCO2eq),0,0,0,0,0,0,0,0,0,22.626271769644113,21.20270362434643,23.966406240689782,14.029461151503673,13.0666428766476,14.911565572308879,8.59961405645553,8.110531899079163,9.06998932236943
Veg,Vegetables,veg_exc_sta,GHG (kgCO2eq),0,0,0,0,0,0,0,0,0,22.60126458602942,21.17072734935978,23.97591987783637,14.007477989863089,13.07019159755723,14.908354846060123,8.591661390955268,8.090582070309047,9.073716584556585
Vegan,Vegetables,veg_exc_sta,GHG (kgCO2eq),0,0,0,0,0,0,0,0,0,22.560368716363737,21.122511804860704,23.981150083106062,13.988727225674506,13.029680561809421,14.919037144603665,8.579381048719297,8.066641979589386,9.079303227817842
Med,Vegetables,veg_oth,GHG (kgCO2eq),8.4177344775841e-4,-6.953971826606e-4,0.00240006370377029,4.9549081893213e-4,-4.4612861131536e-4,0.00145389105207513,3.4769652800704e-4,-2.4393642845911e-4,9.4610564899249e-4,0.30724730843181963,-0.253819971671119,0.8760232518761558,0.18085414891022747,-0.1628369431301064,0.5306702340074224,0.1269092327225696,-0.08903679638757515,0.34532856188225886
US,Vegetables,veg_oth,GHG (kgCO2eq),9.1556878513935e-4,-7.1618929673296e-4,0.00242712525970964,5.4181614472694e-4,-4.7101732486949e-4,0.00147698954220162,3.7645901766773e-4,-2.4526212559588e-4,9.5447957878013e-4,0.33418260657586274,-0.2614090933075304,0.8859007197940186,0.1977628928253331,-0.17192132357736384,0.5391011829035913,0.13740754144872144,-0.08952067584249619,0.3483850462547474
Veg,Vegetables,veg_oth,GHG (kgCO2eq),8.3407651866284e-4,-8.0972632233875e-4,0.00235303896446378,4.8805502822792e-4,-5.2085403780274e-4,0.00142679777611223,3.4377872857513e-4,-2.8722464769875e-4,9.2853908031224e-4,0.3044379293119366,-0.29555010765364376,0.8588592220292798,0.1781400853031908,-0.1901117237980001,0.520781188280964,0.12547923592992247,-0.10483699641004374,0.3389167643139676
Vegan,Vegetables,veg_oth,GHG (kgCO2eq),7.9804027067097e-4,-8.4169691223309e-4,0.0023883621051187,4.6635649453468e-4,-5.4451542094163e-4,0.00144431966977947,3.3196735951535e-4,-3.0063343012147e-4,9.4404243533922e-4,0.29128469879490404,-0.30721937296507784,0.8717521683683255,0.1702201205051582,-0.19874812864369495,0.5271766794695065,0.12116808622310275,-0.10973120199433654,0.34457548889881534
Med,Vegetables,veg_ro,GHG (kgCO2eq),0.0561776218527967,0.0548740797898902,0.0574213855508333,0.0343077055128073,0.0334902644264821,0.0350724748218125,0.0218756878642643,0.0213801897128031,0.022358158188732,20.504831976270793,20.029039123309925,20.958805726054155,12.522312512174663,12.223946515665967,12.801453309961563,7.9846260704564695,7.803769245173131,8.160727738887179
US,Vegetables,veg_ro,GHG (kgCO2eq),0.0561795269230594,0.0549784664277376,0.0573342921834796,0.0343215900071554,0.0335184327793051,0.0350434106130118,0.0218689419389077,0.0214143040726599,0.0223253823531386,20.50552732691668,20.067140246124225,20.927016646970056,12.527380352611722,12.234227964446362,12.790844873749306,7.982163807701311,7.816220986520864,8.14876455889559
Veg,Vegetables,veg_ro,GHG (kgCO2eq),0.0561745680125573,0.05498585430292,0.0573672888985103,0.0342958707864298,0.0335528886339196,0.0350322093024212,0.021872143049975,0.0214032907309736,0.02233994754644,20.503717324583413,20.0698368205658,20.939060447956262,12.517992837046878,12.246804351380653,12.786756395383739,7.983332213240875,7.8122011168053636,8.1540808544506
Vegan,Vegetables,veg_ro,GHG (kgCO2eq),0.0561363288883445,0.054934293353709,0.0574002033831581,0.0342901199796536,0.033494585769831,0.0350802023723813,0.021859353753548,0.0213585341663098,0.0223624891816972,20.48976004424574,20.051017074103786,20.951074234852705,12.515893792573564,12.225523805988313,12.804273865919173,7.97866412004502,7.795864970703078,8.162308551319478
Med,Vegetables,veg_sta,GHG (kgCO2eq),0.0361157882428945,0.0344641683857192,0.0376888340061613,0.0159685775959955,0.0152265938998118,0.0166916466845853,0.0201599597487278,0.0192277895389762,0.0210376634071728,13.182262708656491,12.57942146078751,13.756424412248874,5.828530822538358,5.557706773431307,6.092451039873634,7.358385308285647,7.0181431817263125,7.6787471436180725
US,Vegetables,veg_sta,GHG (kgCO2eq),0.0361531007722586,0.0345341370091437,0.0376663303102702,0.0159828036839295,0.0152563530861473,0.0166536906083712,0.0201759896327927,0.0192879303895823,0.0210151933982405,13.195881781874387,12.60496000833745,13.748210563248625,5.833723344634268,5.568568876443765,6.078597072055488,7.364236215969335,7.040094592197539,7.670545590357783
Veg,Vegetables,veg_sta,GHG (kgCO2eq),0.0361252553301376,0.0345158042481165,0.037698462450738,0.0159669342484701,0.015233274478446,0.0166744687022951,0.020151941801263,0.0192617763772884,0.0210439234996304,13.185718195500224,12.598268550562521,13.75993879451937,5.827931000691587,5.56014518463279,6.086181076337711,7.355458757460995,7.030548377710266,7.681032077365096
Vegan,Vegetables,veg_sta,GHG (kgCO2eq),0.0361538346454525,0.0344875053144198,0.0377304440418082,0.015984160833778,0.0152278475303469,0.0166968875231798,0.0201718619526387,0.0192139682366458,0.0210895048956715,13.196149645590163,12.587939439763225,13.771612075259991,5.834218704328969,5.558164348576618,6.094363945960627,7.362729612713125,7.013098406375717,7.697669286920098
Med,Other,added_sugar,WATER (litereq),-37.6247615209002,-38.3630137665929,-36.7898601638702,-24.9400192950955,-25.429648898249,-24.3865018364163,-12.6849317111639,-12.9333648683439,-12.4033583274538,-13733.037955128573,-14002.500024806408,-13428.298959812624,-9103.107042709857,-9281.821847860885,-8901.07317029195,-4630.000074574824,-4720.678176945524,-4527.225789520637
US,Other,added_sugar,WATER (litereq),-37.5865766653111,-38.3684945655775,-36.8423385945093,-24.9146280142007,-25.4332148357604,-24.4210603780639,-12.6719242510889,-12.935279729817,-12.4212782164454,-13719.100482838552,-14004.500516435788,-13447.453586995895,-9093.839225183256,-9283.123415052545,-8913.687037993323,-4625.252351647448,-4721.377101383205,-4533.766549002571
Veg,Other,added_sugar,WATER (litereq),-37.4170138641178,-38.2059430878751,-36.6490841757606,-24.802458688157,-25.325229619865,-24.2937455602238,-12.6147660375895,-12.8807134680101,-12.3553386155368,-13657.210060402997,-13945.169227074412,-13376.915724152619,-9052.897421177306,-9243.708811250724,-8867.217129481687,-4604.3896037201675,-4701.460415823686,-4509.698594670932
Vegan,Other,added_sugar,WATER (litereq),-37.3994786932203,-38.1241562876817,-36.632401801327,-24.79050141188,-25.2707128408833,-24.282200150918,-12.6086881171587,-12.8534296200221,-12.350201650409,-13650.80972302541,-13915.31704500382,-13370.826657484355,-9048.533015336201,-9223.810186922405,-8863.00305508507,-4602.171162762926,-4691.501811308066,-4507.823602399285
Med,Dairy,dairy_cow,WATER (litereq),59.1395100559622,56.7364425483725,61.6481987004267,44.7802555723026,42.9703821335481,46.6806844316698,14.3591624694846,13.7713697067412,14.9674621423196,21585.9211704262,20708.801530155964,22501.592525655746,16344.793283890449,15684.189478745056,17038.449817559478,5241.094301361879,5026.549942960538,5463.123681946654
US,Dairy,dairy_cow,WATER (litereq),154.809232324791,152.17801837644,157.111637915971,117.215167968123,115.219955094716,118.955654788358,37.5947424818089,36.9582745550114,38.1544075447232,56505.369798548716,55544.9767074006,57345.74783932941,42783.53630836489,42055.28360957134,43418.81399775067,13722.08100586025,13489.77021257916,13926.358753823968
Veg,Dairy,dairy_cow,WATER (litereq),154.80286517412,152.445771694801,157.45561605575799,117.209800865568,115.431684926355,119.217127378721,37.5940144914853,37.0218972715134,38.2368294020128,56503.0457885538,55642.70666860237,57471.29986035167,42781.57731593232,42132.564998119575,43514.25149323317,13721.815289392132,13512.992504102393,13956.442731734673
Vegan,Dairy,dairy_cow,WATER (litereq),-132.223720193725,-134.562330495601,-129.794858833949,-100.097514957257,-101.869804686034,-98.2658456838409,-32.1260348984368,-32.6980532063882,-31.532429487649,-48261.65787070963,-49115.25063089436,-47375.12347439139,-36535.592959398804,-37182.47871040241,-35867.033674601924,-11726.002737929432,-11934.789420331694,-11509.336762991885
Med,Dairy,dairy_soy,WATER (litereq),-0.0388819869008606,-0.0514420394739887,-0.0261325764848234,-0.0305682663068356,-0.0404427367875285,-0.0205449263513371,-0.00831372059402501,-0.0109993026864602,-0.0055876501334864,-14.19192521881412,-18.776344408005876,-9.538390416960542,-11.157417201994994,-14.761598927447903,-7.498898118238041,-3.0345080168191285,-4.014745480557973,-2.039492298722536
US,Dairy,dairy_soy,WATER (litereq),-0.0395204219056264,-0.0509225815441048,-0.0266568765623706,-0.0310701915632544,-0.0400343490069252,-0.0209571209348088,-0.00845023034237201,-0.0108882325371796,-0.00569975562756176,-14.424953995553636,-18.58674226359825,-9.72975994526527,-11.340619920587855,-14.612537387527698,-7.649349141205212,-3.084334074965784,-3.974204876070554,-2.0804108040600426
Veg,Dairy,dairy_soy,WATER (litereq),-0.0388312226880844,-0.0505216448549345,-0.0260832829282044,-0.0305283564642919,-0.0397191403341279,-0.0205061727102286,-0.00830286622379251,-0.0108025045208065,-0.00557711021797587,-14.173396281150806,-18.440400372051094,-9.520398268794606,-11.142850109466544,-14.497486221956683,-7.484753039233439,-3.030546171684266,-3.9429141500943725,-2.0356452295611924
Vegan,Dairy,dairy_soy,WATER (litereq),12.4757041373102,12.4641368767028,12.4890840150208,9.80815737135459,9.79906341472145,9.81867637250685,2.6675467659556,2.66507346198137,2.670407642514,4553.632010118223,4549.409959996522,4558.515665482592,3579.977440544425,3576.6581463733296,3583.8168759650002,973.654569573794,972.7518136232001,974.6987895176101
Med,Dairy,dairy_tot,WATER (litereq),0,0,0,0,0,0,0,0,0,0,0,0,0,0,0,0,0,0
US,Dairy,dairy_tot,WATER (litereq),0,0,0,0,0,0,0,0,0,0,0,0,0,0,0,0,0,0
Veg,Dairy,dairy_tot,WATER (litereq),0,0,0,0,0,0,0,0,0,0,0,0,0,0,0,0,0,0
Vegan,Dairy,dairy_tot,WATER (litereq),0,0,0,0,0,0,0,0,0,0,0,0,0,0,0,0,0,0
Med,Fruit,fruit_exc_juice,WATER (litereq),657.118096275215,642.269663122323,673.035589604394,367.736211156941,359.540435636089,376.249769964301,289.28494225277,282.316441929436,296.999275572204,239848.10514045347,234428.42703964788,245657.9902056038,134223.71707228347,131232.25900717248,137331.16603696987,105589.00392226105,103045.50130424414,108404.73558385446
US,Fruit,fruit_exc_juice,WATER (litereq),450.890771358324,434.424737632269,466.312669728298,252.344517701644,243.739721666176,260.737069326686,198.469688836901,190.798349335207,205.578821662256,164575.13154578826,158565.02923577817,170204.12445082876,92105.74896110006,88964.99840815424,95169.0303042404,72441.43642546887,69641.39750735056,75036.26990672344
Veg,Fruit,fruit_exc_juice,WATER (litereq),451.032483967192,434.923213667273,467.899428527179,252.585713060909,244.166357975328,261.285131648665,198.403276457751,191.133978618953,206.49310775792,164626.85664802507,158746.97298855465,170783.29141242034,92193.78526723178,89120.72066099472,95369.07305176272,72417.1959070791,69763.90219591785,75369.9843316408
Vegan,Fruit,fruit_exc_juice,WATER (litereq),450.886433172241,433.51375710277,467.102817845435,252.548697095049,243.092952027787,261.247715912634,198.317570346217,190.218401374699,206.141911008381,164573.54810786797,158232.52134251106,170492.5285135838,92180.27443969288,88728.92749014225,95355.41630811142,72385.9131763692,69429.71650176513,75241.79751805906
Med,Fruit,fruit_juice,WATER (litereq),271.553225909509,264.392630290337,278.456652651696,236.452888190483,230.121908753066,242.422929585149,35.1268145023741,34.2197231135047,35.9932642440056,99116.92745697079,96503.31005597301,101636.67821786905,86305.3041895263,83994.4966948691,88484.36929857939,12821.287293366548,12490.198936429215,13137.541449062044
US,Fruit,fruit_juice,WATER (litereq),184.761084041612,177.05732897821,192.494799057063,160.767732697719,153.932514920598,167.423775510415,24.0524845283056,23.0868205563731,25.0321470960245,67437.79567518839,64625.925077046646,70260.601655828,58680.222434667434,56185.367946018276,61109.67806130147,8779.156852831544,8426.689503076183,9136.733690048943
Veg,Fruit,fruit_juice,WATER (litereq),184.66713218881,177.373866857581,191.872423725573,160.635022194,154.325403924486,166.992096645981,24.0349098517703,23.1237842660074,24.9295627746171,67403.50324891564,64741.46140301706,70033.43465983414,58631.78310081,56328.77243243739,60952.115275783064,8772.74209589616,8440.181257092701,9099.290412735241
Vegan,Fruit,fruit_juice,WATER (litereq),184.724635315668,177.101537972216,192.029948472815,160.688995361619,154.041155331502,167.049128156403,24.0499059398772,23.0694900451491,24.980493068339,67424.49189021882,64642.06135985884,70090.93119257747,58651.48330699093,56225.021695998235,60972.93177708709,8778.215668055178,8420.363866479422,9117.879969943735
Med,Grains,gr_refined,WATER (litereq),-94.6923472594216,-96.8663928726456,-92.5961754448994,-73.2236768576859,-74.9335148888218,-71.5956037233766,-21.4675273950301,-21.9606677259642,-20.9944984800244,-34562.706749688885,-35356.233398515644,-33797.60403738828,-26726.642053055355,-27350.732934419957,-26132.39535903246,-7835.647499185987,-8015.6437199769325,-7662.991945208906
US,Grains,gr_refined,WATER (litereq),-94.7065263630239,-96.9006649619883,-92.3758554842616,-73.2239447377428,-74.9396043709229,-71.4224009887606,-21.4762830172328,-21.9660466932625,-20.9533174967121,-34567.882122503725,-35368.74271112573,-33717.18725175549,-26726.73982927612,-27352.955595386855,-26069.176360897618,-7838.843301289971,-8017.607043040812,-7647.960886299917
Veg,Grains,gr_refined,WATER (litereq),-94.7070848864196,-96.732626816372,-92.5936516550952,-73.2437195170364,-74.7900005277334,-71.6100097739162,-21.4718013189607,-21.9370181346963,-20.9894988173164,-34568.085983543155,-35307.40878797578,-33796.68285410975,-26733.957623718285,-27298.35019262269,-26137.653567479414,-7837.207481420655,-8007.011619164149,-7661.167068320486
Vegan,Grains,gr_refined,WATER (litereq),-94.6616615934608,-96.8929235245344,-92.3683476004141,-73.1934238357418,-74.9353819369608,-71.4077257016993,-21.4626116413366,-21.967752983967,-20.9573632350169,-34551.50648161319,-35365.917086455054,-33714.446874151145,-26715.599700045757,-27351.41440699069,-26063.819881120246,-7833.853249087859,-8018.229839147954,-7649.437580781168
Med,Grains,gr_whole,WATER (litereq),125.224445723944,123.18167654634,127.148246970456,100.456490667395,98.8195658528325,102.01146898699,24.7680888771675,24.3651410697383,25.1408923720605,45706.92268923956,44961.3119394141,46409.11014421644,36666.619093599176,36069.14153628386,37234.18618025135,9040.352440166138,8893.27649045448,9176.425715802083
US,Grains,gr_whole,WATER (litereq),125.209973718784,123.354576527677,127.176316450385,100.445484685186,98.9561378683156,102.025239089724,24.7623280394298,24.4023866993298,25.1491828728703,45701.64040735616,45024.420432602106,46419.35550439053,36662.60191009289,36118.99032193519,37239.21226774926,9038.249734391877,8906.871145255376,9179.45174859766
Veg,Grains,gr_whole,WATER (litereq),154.765151641542,152.680696075439,156.662726795098,124.151805077394,122.474344589315,125.678198705173,30.6161265376808,30.2004109981579,30.988475454942,56489.28034916283,55728.45406753523,57181.89528021077,45315.40885324881,44703.135775099974,45872.54252738815,11174.886186253492,11023.150014327633,11310.79354105383
Vegan,Grains,gr_whole,WATER (litereq),154.727831389352,152.648198348087,156.6427390374,124.123296066958,122.457507921234,125.658437415183,30.6089748105038,30.1914521114355,30.98787475463,56475.65845711347,55716.592397051754,57174.599748650995,45305.00306443967,44696.99039125041,45865.3296565418,11172.275805833886,11019.880020673958,11310.57428543995
Med,Protein,leg_tot,WATER (litereq),14.5210384159565,13.1831017889067,15.8622721006407,11.6573546410784,10.5261219407251,12.7666802601056,2.86365085705598,2.64244604320457,3.09547547464205,5300.179021824122,4811.832152950946,5789.729316733856,4254.934443993617,3842.034508364661,4659.838294938544,1045.2325628254328,964.4928057696682,1129.8485482443482
US,Protein,leg_tot,WATER (litereq),14.5868349424506,13.1428993882404,15.9338325186787,11.7156416842506,10.5132002864289,12.8372645713613,2.87668655179685,2.62767261690136,3.10818678080333,5324.1947539944695,4797.158276707746,5815.848869317726,4276.2092147514695,3837.3181045465485,4685.601568546875,1049.9905914058502,959.1005051689963,1134.4881749932154
Veg,Protein,leg_tot,WATER (litereq),113.626504985816,112.346983302091,114.932550398265,92.8690342455765,91.8136196505159,93.9499049556174,20.7590586686164,20.5365313818562,20.9823053260333,41473.674319822836,41006.64890526322,41950.380895366725,33897.197499635426,33511.9711724383,34291.71530880035,7577.056414044986,7495.833954377513,7658.541444002154
Vegan,Protein,leg_tot,WATER (litereq),127.469781353383,126.234410284711,128.706710395053,104.20666358874,103.196676031409,105.233769384243,23.2627307400889,23.0404704501888,23.4767765962074,46526.470193984795,46075.559753919515,46977.949294194346,38035.4322098901,37666.786751464286,38410.3258252487,8490.896720132449,8409.771714318911,8569.023457615702
Med,Other,oil,WATER (litereq),-0.788448611936654,-1.08037417466471,-0.492895083756898,-0.656640694150473,-0.900124513725119,-0.409628120779987,-0.131777302863338,-0.18013853968687,-0.0826690136547942,-287.78374335687874,-394.33657375261913,-179.90670557126776,-239.67385336492265,-328.54544750966846,-149.51426408469527,-48.09871554511837,-65.75056698570755,-30.174189983999884
US,Other,oil,WATER (litereq),-0.795029667158601,-1.09246953502531,-0.490049152791663,-0.661969442022695,-0.910487125458735,-0.407809952294876,-0.132927090890856,-0.182153375984235,-0.0823047576284709,-290.1858285128894,-398.75138028423817,-178.867940768957,-241.61884633828367,-332.32780079243827,-148.85063258762975,-48.51838817516244,-66.48598223424578,-30.04123653439188
Veg,Other,oil,WATER (litereq),-0.788346469464999,-1.09572418571444,-0.495657603052535,-0.6567018685313,-0.91281840371787,-0.412311380309063,-0.131758610956035,-0.182905781996574,-0.0833462227434721,-287.7464613547246,-399.9393277857706,-180.91502511417528,-239.6961820139245,-333.17871735702255,-150.493653812808,-48.09189299895277,-66.76061042874952,-30.421371301367316
Vegan,Other,oil,WATER (litereq),-0.779428017039025,-1.07244336439294,-0.48772070536317,-0.648819666410787,-0.89356013372118,-0.405804655957034,-0.130246091708438,-0.178879889526732,-0.0819160494061354,-284.49122621924414,-391.44182800342315,-178.01805745755706,-236.81917823993726,-326.1494488082307,-148.1186994243174,-47.53982347357987,-65.29115967725718,-29.89935803323942
Med,Protein,pf_egg,WATER (litereq),-8.6051298517256,-9.91494478325007,-7.2731900185086404,-6.35606179340613,-7.32353872706635,-5.37224260288823,-2.24906805831947,-2.59140605618372,-1.90094741562041,-3140.872395879844,-3618.9548458862755,-2654.7143567556536,-2319.962554593237,-2673.0916353792177,-1960.868550054204,-820.9098412866066,-945.8632105070578,-693.8458067014496
US,Protein,pf_egg,WATER (litereq),-8.61337235942834,-10.0143657489719,-7.27613568579715,-6.36215000929525,-7.39697466732257,-5.3744183798528,-2.25122235013309,-2.61739108164937,-1.90171730594434,-3143.880911191344,-3655.2434983747435,-2655.7895253159595,-2322.184753392766,-2699.895753572738,-1961.662708646272,-821.6961577985778,-955.3477448020201,-694.1268166696841
Veg,Protein,pf_egg,WATER (litereq),-12.1074267640471,-13.6025836297,-10.8383444188115,-8.94298563733937,-10.0473628626313,-8.00559527296037,-3.16444112670769,-3.55522076706871,-2.83274914585118,-4419.210768877191,-4964.9430248405,-3955.9957128661977,-3264.18975762887,-3667.2874448604243,-2922.0422746305353,-1155.0210112483069,-1297.6555799800792,-1033.9534382356808
Vegan,Protein,pf_egg,WATER (litereq),-42.1874077383679,-43.4719193406743,-40.7948852199329,-31.161153301471,-32.1099402761347,-30.1325855368478,-11.0262544368968,-11.3619790645396,-10.6622996830851,-15398.403824504285,-15867.25055934612,-14890.133105275509,-11373.820955036916,-11720.128200789166,-10998.393720949447,-4024.582869467332,-4147.122358556954,-3891.7393843260616
Med,Protein,pf_ns,WATER (litereq),-49.6000703040686,-65.8994237106954,-35.5319010799467,-43.5382185478142,-57.9102807345698,-31.1559995696456,-6.03997306689959,-8.05881408794713,-4.28864759087067,-18104.02566098504,-24053.289654403823,-12969.143894180545,-15891.449769952183,-21137.25246811798,-11371.939842920645,-2204.5901694183503,-2941.4671421007024,-1565.3563706677944
US,Protein,pf_ns,WATER (litereq),-50.5047244034985,-66.4915959779289,-35.019888833132,-44.3244319609044,-58.3312656977622,-30.7299742656908,-6.17169890738284,-8.08689103861991,-4.26641386118617,-18434.224407276954,-24269.432531944047,-12782.25942409318,-16178.417665730105,-21290.911979683202,-11216.440606977141,-2252.6701011947366,-2951.715229096267,-1557.241059332952
Veg,Protein,pf_ns,WATER (litereq),79.3831087787794,63.7441901703506,95.2540314180325,69.7088995927016,56.0576735232251,83.6822695815245,9.67490977372543,7.73522633906148,11.5707059219386,28974.83470425448,23266.62941217797,34767.72146758186,25443.748351336082,20461.05083597716,30544.02839725644,3531.342067409782,2823.35761375744,4223.307661507589
Vegan,Protein,pf_ns,WATER (litereq),128.044304834233,112.417977148968,143.180212149912,112.464616259748,98.6131521150805,125.626645096454,15.5852322865179,13.7077908518845,17.4307535146167,46736.171264495046,41032.56165937332,52260.77743471788,41049.58493480802,35993.80052200438,45853.72546020571,5688.609784579034,5003.343660937842,6362.225032835096
Med,Protein,pf_pm,WATER (litereq),0,0,0,0,0,0,0,0,0,0,0,0,0,0,0,0,0,0
US,Protein,pf_pm,WATER (litereq),0,0,0,0,0,0,0,0,0,0,0,0,0,0,0,0,0,0
Veg,Protein,pf_pm,WATER (litereq),0,0,0,0,0,0,0,0,0,0,0,0,0,0,0,0,0,0
Vegan,Protein,pf_pm,WATER (litereq),0,0,0,0,0,0,0,0,0,0,0,0,0,0,0,0,0,0
Med,Protein,pf_poultry,WATER (litereq),0,0,0,0,0,0,0,0,0,0,0,0,0,0,0,0,0,0
US,Protein,pf_poultry,WATER (litereq),0,0,0,0,0,0,0,0,0,0,0,0,0,0,0,0,0,0
Veg,Protein,pf_poultry,WATER (litereq),0,0,0,0,0,0,0,0,0,0,0,0,0,0,0,0,0,0
Vegan,Protein,pf_poultry,WATER (litereq),0,0,0,0,0,0,0,0,0,0,0,0,0,0,0,0,0,0
Med,Protein,pf_poultry_tot,WATER (litereq),-25.2847816239152,-28.4772759177764,-22.1821491167585,-20.6346890371438,-23.2206362482591,-18.0967783688128,-4.65555782110542,-5.24692148441619,-4.07250143915585,-9228.945292729048,-10394.205709988386,-8096.484427616852,-7531.661498557487,-8475.532230614572,-6605.324104616672,-1699.2786047034783,-1915.1263418119095,-1486.4630252918853
US,Protein,pf_poultry_tot,WATER (litereq),-25.3143593518871,-28.4555376544634,-22.1501624571693,-20.6486773479019,-23.2077417461524,-18.0587704343963,-4.66038038678191,-5.24855561792006,-4.05580910897616,-9239.741163438792,-10386.27124387914,-8084.809296866795,-7536.767231984193,-8470.825737345625,-6591.45120855465,-1701.038841175397,-1915.7228005408217,-1480.3703247762983
Veg,Protein,pf_poultry_tot,WATER (litereq),-123.030342195574,-126.027589416893,-120.07785115268,-100.143537128499,-102.570655000084,-97.7592142244084,-22.8910999580714,-23.4543736705934,-22.3303024021428,-44906.074901384505,-46000.070137165945,-43828.4156707282,-36552.39105190214,-37438.28907503066,-35682.11319190906,-8355.25148469606,-8560.846389766592,-8150.560376782121
Vegan,Protein,pf_poultry_tot,WATER (litereq),-123.034574305439,-126.144946112439,-119.998251128597,-100.136726153052,-102.663225127538,-97.6640972552349,-22.8956180481396,-23.4796055764353,-22.3207785946694,-44907.61962148523,-46042.90533104024,-43799.36166193791,-36549.905045863976,-37472.07717155137,-35647.39549816074,-8356.900587570954,-8570.056035398884,-8147.084187054331
Med,Protein,pf_redm,WATER (litereq),0,0,0,0,0,0,0,0,0,0,0,0,0,0,0,0,0,0
US,Protein,pf_redm,WATER (litereq),0,0,0,0,0,0,0,0,0,0,0,0,0,0,0,0,0,0
Veg,Protein,pf_redm,WATER (litereq),0,0,0,0,0,0,0,0,0,0,0,0,0,0,0,0,0,0
Vegan,Protein,pf_redm,WATER (litereq),0,0,0,0,0,0,0,0,0,0,0,0,0,0,0,0,0,0
Med,Protein,pf_redm_tot,WATER (litereq),-125.832669711305,-142.273111292539,-111.025488525126,-96.4388863462746,-108.993675068801,-85.0937263019429,-29.4135155519635,-33.2646439100081,-25.9406085928314,-45928.924444626326,-51929.685621776734,-40524.303311670985,-35200.19351639023,-39782.691400112366,-31059.210100209155,-10735.933176466677,-12141.595027152955,-9468.32213638346
US,Protein,pf_redm_tot,WATER (litereq),-125.868587489189,-141.990753124284,-110.666530543397,-96.4370133217308,-108.780852323708,-84.8123373872287,-29.4311128703654,-33.23685505176,-25.8691059412212,-45942.034433553985,-51826.62489036366,-40393.28364833991,-35199.50986243174,-39705.01109815342,-30956.503146338473,-10742.356197683372,-12131.452093892402,-9442.223668545737
Veg,Protein,pf_redm_tot,WATER (litereq),-613.484786953151,-628.413984250177,-597.692807320177,-469.62556737768,-481.049153070346,-457.539447453207,-143.852157501788,-147.364831179831,-140.162000089182,-223921.9472379001,-229371.1042513146,-218157.8746718646,-171413.3320928532,-175582.94087067628,-167001.89832042056,-52506.03748815262,-53788.16338063831,-51159.130032551424
Vegan,Protein,pf_redm_tot,WATER (litereq),-613.534701962245,-628.405299168674,-598.330120127775,-469.686453875678,-481.055277252424,-458.004362549856,-143.863195703253,-147.344063355447,-140.337439260719,-223940.16621621943,-229367.934196566,-218390.49384663787,-171435.5556646225,-175585.17619713474,-167171.59233069746,-52510.06643168735,-53780.58312473815,-51223.16533016244
Med,Protein,pf_seafood,WATER (litereq),22.9042896620719,22.3685780494892,23.4615146339147,14.3092111131291,13.9721811533914,14.6582055769878,8.59405068813184,8.3963165470345391,8.80085655122548,8360.065726656243,8164.530988063559,8563.452841378865,5222.862056292121,5099.846120987861,5350.2450356005475,3136.828501168122,3064.6555396676067,3212.3126411973003
US,Protein,pf_seafood,WATER (litereq),7.91666864255291,7.38329479537216,8.45804369976735,4.95418950284409,4.62200979731631,5.295093222673,2.96157023242028,2.76154758921892,3.16278897880834,2889.584054531812,2694.9026003108384,3087.1859504150825,1808.279168538093,1687.0335760204532,1932.7090262756449,1080.9731348334021,1007.9648700649059,1154.417977265044
Veg,Protein,pf_seafood,WATER (litereq),-9.21941593446921,-9.73021353964508,-8.71352726254904,-5.74015090580529,-6.05904308100814,-5.42331711299792,-3.47920041634339,-3.67070011243133,-3.29023658032298,-3365.0868160812615,-3551.5279419704543,-3180.4374508303995,-2095.1550806189307,-2211.550724567971,-1979.5107462442409,-1269.9081519653373,-1339.8055410374354,-1200.9363518178877
Vegan,Protein,pf_seafood,WATER (litereq),-9.2184680589714,-9.72870156592816,-8.70050240662215,-5.73957565031085,-6.06417131848109,-5.419580947477,-3.48129936629657,-3.67091267106638,-3.28376591551798,-3364.740841524561,-3550.9760715637785,-3175.6833784170844,-2094.9451123634603,-2213.422531245598,-1978.1470458291049,-1270.674268698248,-1339.8831249392288,-1198.5745591640627
Med,Other,sat_fat,WATER (litereq),-68.601812053907,-69.5992784437206,-67.6504465810737,-52.7426841431327,-53.512935389985,-52.0107196289057,-15.8576413681137,-16.0847340881496,-15.6395977432491,-25039.661399676053,-25403.73663195802,-24692.4130020919,-19251.079712243434,-19532.221417344525,-18983.91266455058,-5788.039099361501,-5870.927942174603,-5708.4531762859215
US,Other,sat_fat,WATER (litereq),-68.6115056983242,-69.4710272758612,-67.6680661236053,-52.7476294645088,-53.4154692811214,-52.0179137684457,-15.8609905415911,-16.05921846335,-15.6386808518214,-25043.199579888333,-25356.92495568934,-24698.844135115934,-19252.88475454571,-19496.646287609314,-18986.53852548268,-5789.261547680751,-5861.61473912275,-5708.118510914811
Veg,Other,sat_fat,WATER (litereq),-65.5521220180959,-66.5177892357693,-64.6423467231715,-50.4033186685549,-51.1483104513077,-49.7006167620718,-15.151346396287,-15.3773045368953,-14.9416333304594,-23926.524536605004,-24278.993071055793,-23594.456553957596,-18397.21131402254,-18669.13331472731,-18140.72511815621,-5530.241434644755,-5612.716155966785,-5453.696165617681
Vegan,Other,sat_fat,WATER (litereq),-65.6272120788428,-66.5683780497232,-64.6552714374857,-50.4576843491411,-51.1803436160977,-49.7123481051847,-15.1675969825406,-15.3894267945585,-14.9422913855626,-23953.932408777622,-24297.457988148966,-23599.17407468228,-18417.0547874365,-18680.825419875662,-18145.007058392417,-5536.172898627319,-5617.140780013852,-5453.936355730349
Med,Other,sodium,WATER (litereq),0,0,0,0,0,0,0,0,0,0,0,0,0,0,0,0,0,0
US,Other,sodium,WATER (litereq),0,0,0,0,0,0,0,0,0,0,0,0,0,0,0,0,0,0
Veg,Other,sodium,WATER (litereq),0,0,0,0,0,0,0,0,0,0,0,0,0,0,0,0,0,0
Vegan,Other,sodium,WATER (litereq),0,0,0,0,0,0,0,0,0,0,0,0,0,0,0,0,0,0
Med,Other,ssb,WATER (litereq),0,0,0,0,0,0,0,0,0,0,0,0,0,0,0,0,0,0
US,Other,ssb,WATER (litereq),0,0,0,0,0,0,0,0,0,0,0,0,0,0,0,0,0,0
Veg,Other,ssb,WATER (litereq),0,0,0,0,0,0,0,0,0,0,0,0,0,0,0,0,0,0
Vegan,Other,ssb,WATER (litereq),0,0,0,0,0,0,0,0,0,0,0,0,0,0,0,0,0,0
Med,Vegetables,veg_dg,WATER (litereq),33.6625353309247,26.3429104300309,40.4876902967518,24.5665391131486,19.0244412164038,29.6688904543293,9.10013889560728,7.29364265593239,10.7378950851755,12286.825395787515,9615.16230696128,14778.006958314407,8966.78677629924,6943.921043987388,10829.145015830194,3321.5506968966574,2662.1795694153225,3919.3317060890577
US,Vegetables,veg_dg,WATER (litereq),33.4527670630547,26.6142127673259,39.9581117420454,24.4116422938516,19.2045304084201,29.2881900438011,9.05361591731534,7.32823797474442,10.6775396483069,12210.259978014965,9714.187660073952,14584.710785846572,8910.249437255834,7009.653599073337,10690.189365987402,3304.569809820099,2674.806860781713,3897.301971632018
Veg,Vegetables,veg_dg,WATER (litereq),33.6202663838178,26.6861554398239,40.6779818001978,24.5233842697408,19.2856056869742,29.8383658153844,9.08874362413201,7.3343536568331,10.8398823177735,12271.397230093497,9740.446735535723,14847.463357072196,8951.035258455391,7039.246075745583,10891.003522615305,3317.3914228081835,2677.0390847440817,3956.5570459873275
Vegan,Vegetables,veg_dg,WATER (litereq),33.4010297300759,26.2567208889846,40.039856522561,24.3808538963474,19.0467671861522,29.3540371584415,9.06144028203551,7.28396972575175,10.6849631431362,12191.375851477702,9583.703124479378,14614.547630734765,8899.011672166802,6952.070022945552,10714.223562831148,3307.4257029429614,2658.6489498993888,3900.011547244713
Med,Vegetables,veg_exc_sta,WATER (litereq),0,0,0,0,0,0,0,0,0,37257.73266157909,32446.888716145,41904.62109125161,24142.092428933032,20797.89771030908,27355.685435426087,13121.252056702588,11635.362212616505,14548.950826550026
US,Vegetables,veg_exc_sta,WATER (litereq),0,0,0,0,0,0,0,0,0,37253.80428139019,32532.798044181214,41698.816125832986,24135.401045912175,20838.267217641096,27194.829397974092,13124.414828886083,11649.813977590295,14519.052335336586
Veg,Vegetables,veg_exc_sta,WATER (litereq),0,0,0,0,0,0,0,0,0,37204.24732375503,32468.30151149495,41918.01874469535,24104.877933388183,20829.061065023427,27365.16991602995,13101.56109361525,11609.730367001495,14564.187986141107
Vegan,Vegetables,veg_exc_sta,WATER (litereq),0,0,0,0,0,0,0,0,0,37107.593380494895,32259.42036127005,41655.39145857264,24036.592763206783,20690.76593877195,27175.90125466531,13080.661366390497,11572.750598819719,14497.43142803051
Med,Vegetables,veg_oth,WATER (litereq),4.53744654074733,0.228863626227624,8.97217248404502,2.72185071739567,0.0793947352454697,5.47059115448531,1.83014631924733,0.157565713695127,3.52070762237259,1656.1679873727753,83.53522357308276,3274.842956676432,993.4755118494195,28.97907836459644,1996.765771387138,668.0034065252754,57.511485498721356,1285.0582821659955
US,Vegetables,veg_oth,WATER (litereq),4.7143336711867,0.100732577187564,9.00250142254022,2.83188790452365,-0.0296048831565996,5.47865842358628,1.88538062620952,0.131757779666614,3.53218371251332,1720.7317899831455,36.76739067346086,3285.9130192271805,1033.6390851511321,-10.805782352158854,1999.7103246089923,688.1639285664749,48.091589578314114,1289.2470550673618
Veg,Vegetables,veg_oth,WATER (litereq),4.45270081201493,-0.155184960438684,8.87912821380489,2.66590582923059,-0.176861062559319,5.38802723584426,1.7887212040985,0.0171551459638447,3.47500519968248,1625.2357963854495,-56.64251056011965,3240.881798038785,973.0556276691653,-64.55428783415144,1966.6299410831548,652.8832394959526,6.261628276803315,1268.3768978841051
Vegan,Vegetables,veg_oth,WATER (litereq),4.40685741415154,-0.20889517838351,8.72775188400627,2.62630772803325,-0.214944653568073,5.31314793781701,1.77147653831575,0.00604947518456569,3.42396057843062,1608.502956165312,-76.24674010998115,3185.6294376622886,958.6023207321361,-78.45479855234665,1939.2989973032086,646.5889364852487,2.208058442366477,1249.7456111271763
Med,Vegetables,veg_ro,WATER (litereq),63.8759980230652,62.3238114674264,65.3473182911254,38.8543291528339,37.8767057204304,39.8076017759144,25.0183505569333,24.4264963224725,25.6015365432739,23314.739278418798,22748.191185610638,23851.771176260772,14181.830140784374,13824.997587957096,14529.774648208755,9131.697953280654,8915.671157702462,9344.560838294974
US,Vegetables,veg_ro,WATER (litereq),63.8981164750468,62.4160082011885,65.2827186870116,38.8808562287814,37.9162175367669,39.7395334448704,25.0183043575329,24.4573028143295,25.5685022154444,23322.81251339208,22781.842993433802,23828.192320759234,14191.51252350521,13839.419400919918,14504.929707377698,9131.681090499509,8926.915527230267,9332.503308637206
Veg,Vegetables,veg_ro,WATER (litereq),63.8564775267838,62.4232802370393,65.2867769577654,38.8514713623661,37.9571761016767,39.7466752118671,25.0172230994825,24.4559716547414,25.5869973760813,23307.614297276086,22784.497286519345,23829.67358958437,14180.787047263626,13854.369277111997,14507.536452331491,9131.286431311113,8926.429653980611,9339.254042269675
Vegan,Vegetables,veg_ro,WATER (litereq),63.8567522543887,62.3341478819196,65.3567517539057,38.8465171789256,37.8552074366541,39.7873388891259,25.0045115807186,24.4161468232273,25.6100664922154,23307.714572851877,22751.963976900654,23855.21439017558,14178.978770307845,13817.150714378746,14522.378694530953,9126.646726962288,8911.893590477965,9347.67426965862
Med,Vegetables,veg_sta,WATER (litereq),54.9356791237073,52.3221524448143,57.4355187199284,24.3873517360042,23.2390749350612,25.5229367141122,30.5661698254017,29.1017011287411,31.9676531668411,20051.522880153167,19097.58564235722,20963.964332773867,8901.383383641532,8482.262351297339,9315.871900650953,11156.651986271621,10622.120911990502,11668.193405897002
US,Vegetables,veg_sta,WATER (litereq),54.9882582413217,52.4081993633973,57.3808236526818,24.4003831040276,23.2361231105674,25.4862748500462,30.5778843908224,29.1590048608445,31.9082603122966,20070.714258082422,19128.992767640015,20944.000633228858,8906.139832970075,8481.184935357101,9302.490320266863,11160.927802650176,10643.036774208244,11646.515013988259
Veg,Vegetables,veg_sta,WATER (litereq),54.9501735818512,52.4334556234755,57.4135904860868,24.3833239261969,23.244640949407,25.4985913007532,30.5495875118689,29.1429619623381,31.95075562311,20056.81335737569,19138.211302568558,20955.96052742168,8899.913233061869,8484.293946533555,9306.985824774918,11150.599441832148,10637.181116253407,11662.02580243515
Vegan,Vegetables,veg_sta,WATER (litereq),54.9561891207499,52.2698237224583,57.4537864194481,24.39418748163,23.1981275326523,25.5321821233767,30.5896084422272,29.0461397603422,31.9924069631986,20059.009029073713,19078.48565869728,20970.632043098558,8903.87843079495,8467.31654941809,9319.246475032496,11165.207081412927,10601.841012524903,11677.228541567489
Med,Other,added_sugar,CVD (deaths),0,0,0,0,0,0,0,0,0,-0,-0,-0,0,0,0,0,0,0
US,Other,added_sugar,CVD (deaths),0,0,0,0,0,0,0,0,0,-0,-0,-0,0,0,0,0,0,0
Veg,Other,added_sugar,CVD (deaths),0,0,0,0,0,0,0,0,0,-0,-0,-0,0,0,0,0,0,0
Vegan,Other,added_sugar,CVD (deaths),0,0,0,0,0,0,0,0,0,-0,-0,-0,0,0,0,0,0,0
Med,Dairy,dairy_cow,CVD (deaths),0,0,0,0,0,0,0,0,0,-0,-0,-0,0,0,0,0,0,0
US,Dairy,dairy_cow,CVD (deaths),0,0,0,0,0,0,0,0,0,-0,-0,-0,0,0,0,0,0,0
Veg,Dairy,dairy_cow,CVD (deaths),0,0,0,0,0,0,0,0,0,-0,-0,-0,0,0,0,0,0,0
Vegan,Dairy,dairy_cow,CVD (deaths),0,0,0,0,0,0,0,0,0,-0,-0,-0,0,0,0,0,0,0
Med,Dairy,dairy_soy,CVD (deaths),0,0,0,0,0,0,0,0,0,-0,-0,-0,0,0,0,0,0,0
US,Dairy,dairy_soy,CVD (deaths),0,0,0,0,0,0,0,0,0,-0,-0,-0,0,0,0,0,0,0
Veg,Dairy,dairy_soy,CVD (deaths),0,0,0,0,0,0,0,0,0,-0,-0,-0,0,0,0,0,0,0
Vegan,Dairy,dairy_soy,CVD (deaths),0,0,0,0,0,0,0,0,0,-0,-0,-0,0,0,0,0,0,0
Med,Dairy,dairy_tot,CVD (deaths),0,0,0,0,0,0,0,0,0,-0,-0,-0,0,0,0,0,0,0
US,Dairy,dairy_tot,CVD (deaths),0,0,0,0,0,0,0,0,0,-0,-0,-0,0,0,0,0,0,0
Veg,Dairy,dairy_tot,CVD (deaths),0,0,0,0,0,0,0,0,0,-0,-0,-0,0,0,0,0,0,0
Vegan,Dairy,dairy_tot,CVD (deaths),0,0,0,0,0,0,0,0,0,-0,-0,-0,0,0,0,0,0,0
Med,Fruit,fruit_exc_juice,CVD (deaths),0,0,0,0,0,0,0,0,0,-58259.9601887031,-53282.8283369549,-63585.6185776199,0,0,0,0,0,0
US,Fruit,fruit_exc_juice,CVD (deaths),0,0,0,0,0,0,0,0,0,-39346.7270002041,-35468.4109076334,-43296.5708134953,0,0,0,0,0,0
Veg,Fruit,fruit_exc_juice,CVD (deaths),0,0,0,0,0,0,0,0,0,-39346.7270002041,-35468.4109076334,-43296.5708134953,0,0,0,0,0,0
Vegan,Fruit,fruit_exc_juice,CVD (deaths),0,0,0,0,0,0,0,0,0,-39346.7270002041,-35468.4109076334,-43296.5708134953,0,0,0,0,0,0
Med,Fruit,fruit_juice,CVD (deaths),0,0,0,0,0,0,0,0,0,-0,-0,-0,0,0,0,0,0,0
US,Fruit,fruit_juice,CVD (deaths),0,0,0,0,0,0,0,0,0,-0,-0,-0,0,0,0,0,0,0
Veg,Fruit,fruit_juice,CVD (deaths),0,0,0,0,0,0,0,0,0,-0,-0,-0,0,0,0,0,0,0
Vegan,Fruit,fruit_juice,CVD (deaths),0,0,0,0,0,0,0,0,0,-0,-0,-0,0,0,0,0,0,0
Med,Grains,gr_refined,CVD (deaths),0,0,0,0,0,0,0,0,0,-0,-0,-0,0,0,0,0,0,0
US,Grains,gr_refined,CVD (deaths),0,0,0,0,0,0,0,0,0,-0,-0,-0,0,0,0,0,0,0
Veg,Grains,gr_refined,CVD (deaths),0,0,0,0,0,0,0,0,0,-0,-0,-0,0,0,0,0,0,0
Vegan,Grains,gr_refined,CVD (deaths),0,0,0,0,0,0,0,0,0,-0,-0,-0,0,0,0,0,0,0
Med,Grains,gr_whole,CVD (deaths),0,0,0,0,0,0,0,0,0,-50128.7648128309,-45569.5439834725,-54658.3668726959,0,0,0,0,0,0
US,Grains,gr_whole,CVD (deaths),0,0,0,0,0,0,0,0,0,-50128.7648128309,-45569.5439834725,-54658.3668726959,0,0,0,0,0,0
Veg,Grains,gr_whole,CVD (deaths),0,0,0,0,0,0,0,0,0,-50128.7648128309,-45569.5439834725,-54658.3668726959,0,0,0,0,0,0
Vegan,Grains,gr_whole,CVD (deaths),0,0,0,0,0,0,0,0,0,-50128.7648128309,-45569.5439834725,-54658.3668726959,0,0,0,0,0,0
Med,Protein,leg_tot,CVD (deaths),0,0,0,0,0,0,0,0,0,-9893.13840012968,-8826.89979586921,-10995.2485599773,0,0,0,0,0,0
US,Protein,leg_tot,CVD (deaths),0,0,0,0,0,0,0,0,0,-9893.13840012968,-8826.89979586921,-10995.2485599773,0,0,0,0,0,0
Veg,Protein,leg_tot,CVD (deaths),0,0,0,0,0,0,0,0,0,-43246.502182224,-40193.6984939308,-46355.1373216092,0,0,0,0,0,0
Vegan,Protein,leg_tot,CVD (deaths),0,0,0,0,0,0,0,0,0,-43246.502182224,-40193.6984939308,-46355.1373216092,0,0,0,0,0,0
Med,Other,oil,CVD (deaths),0,0,0,0,0,0,0,0,0,-0,-0,-0,0,0,0,0,0,0
US,Other,oil,CVD (deaths),0,0,0,0,0,0,0,0,0,-0,-0,-0,0,0,0,0,0,0
Veg,Other,oil,CVD (deaths),0,0,0,0,0,0,0,0,0,-0,-0,-0,0,0,0,0,0,0
Vegan,Other,oil,CVD (deaths),0,0,0,0,0,0,0,0,0,-0,-0,-0,0,0,0,0,0,0
Med,Protein,pf_egg,CVD (deaths),0,0,0,0,0,0,0,0,0,-0,-0,-0,0,0,0,0,0,0
US,Protein,pf_egg,CVD (deaths),0,0,0,0,0,0,0,0,0,-0,-0,-0,0,0,0,0,0,0
Veg,Protein,pf_egg,CVD (deaths),0,0,0,0,0,0,0,0,0,-0,-0,-0,0,0,0,0,0,0
Vegan,Protein,pf_egg,CVD (deaths),0,0,0,0,0,0,0,0,0,-0,-0,-0,0,0,0,0,0,0
Med,Protein,pf_ns,CVD (deaths),0,0,0,0,0,0,0,0,0,-5106.97662480966,-3623.93554896742,-7258.99830958204,0,0,0,0,0,0
US,Protein,pf_ns,CVD (deaths),0,0,0,0,0,0,0,0,0,-5106.97662480966,-3623.93554896742,-7258.99830958204,0,0,0,0,0,0
Veg,Protein,pf_ns,CVD (deaths),0,0,0,0,0,0,0,0,0,-38360.2537136558,-31185.8175080339,-46153.4702558378,0,0,0,0,0,0
Vegan,Protein,pf_ns,CVD (deaths),0,0,0,0,0,0,0,0,0,-38360.1938651419,-31185.7995749872,-46153.4428208199,0,0,0,0,0,0
Med,Protein,pf_pm,CVD (deaths),0,0,0,0,0,0,0,0,0,-21506.2753686045,-16641.7979692144,-26977.2839418632,0,0,0,0,0,0
US,Protein,pf_pm,CVD (deaths),0,0,0,0,0,0,0,0,0,-21506.2753686045,-16641.7979692144,-26977.2839418632,0,0,0,0,0,0
Veg,Protein,pf_pm,CVD (deaths),0,0,0,0,0,0,0,0,0,-66719.1490036747,-56821.1621107491,-75989.1892373499,0,0,0,0,0,0
Vegan,Protein,pf_pm,CVD (deaths),0,0,0,0,0,0,0,0,0,-66719.1490036747,-56821.1621107491,-75989.1892373499,0,0,0,0,0,0
Med,Protein,pf_poultry,CVD (deaths),0,0,0,0,0,0,0,0,0,-0,-0,-0,0,0,0,0,0,0
US,Protein,pf_poultry,CVD (deaths),0,0,0,0,0,0,0,0,0,-0,-0,-0,0,0,0,0,0,0
Veg,Protein,pf_poultry,CVD (deaths),0,0,0,0,0,0,0,0,0,-0,-0,-0,0,0,0,0,0,0
Vegan,Protein,pf_poultry,CVD (deaths),0,0,0,0,0,0,0,0,0,-0,-0,-0,0,0,0,0,0,0
Med,Protein,pf_poultry_tot,CVD (deaths),0,0,0,0,0,0,0,0,0,-0,-0,-0,0,0,0,0,0,0
US,Protein,pf_poultry_tot,CVD (deaths),0,0,0,0,0,0,0,0,0,-0,-0,-0,0,0,0,0,0,0
Veg,Protein,pf_poultry_tot,CVD (deaths),0,0,0,0,0,0,0,0,0,-0,-0,-0,0,0,0,0,0,0
Vegan,Protein,pf_poultry_tot,CVD (deaths),0,0,0,0,0,0,0,0,0,-0,-0,-0,0,0,0,0,0,0
Med,Protein,pf_redm,CVD (deaths),0,0,0,0,0,0,0,0,0,-8405.53315435494,-6229.1517765246,-10656.327429195,0,0,0,0,0,0
US,Protein,pf_redm,CVD (deaths),0,0,0,0,0,0,0,0,0,-8405.53315435494,-6229.1517765246,-10656.327429195,0,0,0,0,0,0
Veg,Protein,pf_redm,CVD (deaths),0,0,0,0,0,0,0,0,0,-37149.9801248133,-34107.8162243897,-40494.9408492254,0,0,0,0,0,0
Vegan,Protein,pf_redm,CVD (deaths),0,0,0,0,0,0,0,0,0,-37149.9801248133,-34107.8162243897,-40494.9408492254,0,0,0,0,0,0
Med,Protein,pf_redm_tot,CVD (deaths),0,0,0,0,0,0,0,0,0,-0,-0,-0,0,0,0,0,0,0
US,Protein,pf_redm_tot,CVD (deaths),0,0,0,0,0,0,0,0,0,-0,-0,-0,0,0,0,0,0,0
Veg,Protein,pf_redm_tot,CVD (deaths),0,0,0,0,0,0,0,0,0,-0,-0,-0,0,0,0,0,0,0
Vegan,Protein,pf_redm_tot,CVD (deaths),0,0,0,0,0,0,0,0,0,-0,-0,-0,0,0,0,0,0,0
Med,Protein,pf_seafood,CVD (deaths),0,0,0,0,0,0,0,0,0,-13201.0655385379,-10346.310164013,-16313.3652852747,0,0,0,0,0,0
US,Protein,pf_seafood,CVD (deaths),0,0,0,0,0,0,0,0,0,-6357.31179999595,-4794.56622901612,-8138.3727564539,0,0,0,0,0,0
Veg,Protein,pf_seafood,CVD (deaths),0,0,0,0,0,0,0,0,0,-0.0260692257065251,-9.25265957035037e-8,-1.99181855553147,0,0,0,0,0,0
Vegan,Protein,pf_seafood,CVD (deaths),0,0,0,0,0,0,0,0,0,-0.0260692257065251,-9.25265957035037e-8,-1.99181855553147,0,0,0,0,0,0
Med,Other,sat_fat,CVD (deaths),0,0,0,0,0,0,0,0,0,-0,-0,-0,0,0,0,0,0,0
US,Other,sat_fat,CVD (deaths),0,0,0,0,0,0,0,0,0,-0,-0,-0,0,0,0,0,0,0
Veg,Other,sat_fat,CVD (deaths),0,0,0,0,0,0,0,0,0,-0,-0,-0,0,0,0,0,0,0
Vegan,Other,sat_fat,CVD (deaths),0,0,0,0,0,0,0,0,0,-0,-0,-0,0,0,0,0,0,0
Med,Other,sodium,CVD (deaths),0,0,0,0,0,0,0,0,0,-42819.5613826702,-39435.4714555325,-46387.606546244,0,0,0,0,0,0
US,Other,sodium,CVD (deaths),0,0,0,0,0,0,0,0,0,-42819.5613826702,-39435.4714555325,-46387.606546244,0,0,0,0,0,0
Veg,Other,sodium,CVD (deaths),0,0,0,0,0,0,0,0,0,-42819.5613826702,-39435.4714555325,-46387.606546244,0,0,0,0,0,0
Vegan,Other,sodium,CVD (deaths),0,0,0,0,0,0,0,0,0,-42819.5613826702,-39435.4714555325,-46387.606546244,0,0,0,0,0,0
Med,Other,ssb,CVD (deaths),0,0,0,0,0,0,0,0,0,-7170.48946306813,-4395.62832913864,-10421.6504350128,0,0,0,0,0,0
US,Other,ssb,CVD (deaths),0,0,0,0,0,0,0,0,0,-7170.48946306813,-4395.62832913864,-10421.6504350128,0,0,0,0,0,0
Veg,Other,ssb,CVD (deaths),0,0,0,0,0,0,0,0,0,-7170.48946306813,-4395.62832913864,-10421.6504350128,0,0,0,0,0,0
Vegan,Other,ssb,CVD (deaths),0,0,0,0,0,0,0,0,0,-7170.48946306813,-4395.62832913864,-10421.6504350128,0,0,0,0,0,0
Med,Vegetables,veg_dg,CVD (deaths),0,0,0,0,0,0,0,0,0,-0,-0,-0,0,0,0,0,0,0
US,Vegetables,veg_dg,CVD (deaths),0,0,0,0,0,0,0,0,0,-0,-0,-0,0,0,0,0,0,0
Veg,Vegetables,veg_dg,CVD (deaths),0,0,0,0,0,0,0,0,0,-0,-0,-0,0,0,0,0,0,0
Vegan,Vegetables,veg_dg,CVD (deaths),0,0,0,0,0,0,0,0,0,-0,-0,-0,0,0,0,0,0,0
Med,Vegetables,veg_exc_sta,CVD (deaths),0,0,0,0,0,0,0,0,0,-19188.5382037686,-16499.642026593,-21882.9971813397,0,0,0,0,0,0
US,Vegetables,veg_exc_sta,CVD (deaths),0,0,0,0,0,0,0,0,0,-19188.5382037686,-16499.642026593,-21882.9971813397,0,0,0,0,0,0
Veg,Vegetables,veg_exc_sta,CVD (deaths),0,0,0,0,0,0,0,0,0,-19188.5382037686,-16499.642026593,-21882.9971813397,0,0,0,0,0,0
Vegan,Vegetables,veg_exc_sta,CVD (deaths),0,0,0,0,0,0,0,0,0,-19188.5382037686,-16499.642026593,-21882.9971813397,0,0,0,0,0,0
Med,Vegetables,veg_oth,CVD (deaths),0,0,0,0,0,0,0,0,0,-0,-0,-0,0,0,0,0,0,0
US,Vegetables,veg_oth,CVD (deaths),0,0,0,0,0,0,0,0,0,-0,-0,-0,0,0,0,0,0,0
Veg,Vegetables,veg_oth,CVD (deaths),0,0,0,0,0,0,0,0,0,-0,-0,-0,0,0,0,0,0,0
Vegan,Vegetables,veg_oth,CVD (deaths),0,0,0,0,0,0,0,0,0,-0,-0,-0,0,0,0,0,0,0
Med,Vegetables,veg_ro,CVD (deaths),0,0,0,0,0,0,0,0,0,-0,-0,-0,0,0,0,0,0,0
US,Vegetables,veg_ro,CVD (deaths),0,0,0,0,0,0,0,0,0,-0,-0,-0,0,0,0,0,0,0
Veg,Vegetables,veg_ro,CVD (deaths),0,0,0,0,0,0,0,0,0,-0,-0,-0,0,0,0,0,0,0
Vegan,Vegetables,veg_ro,CVD (deaths),0,0,0,0,0,0,0,0,0,-0,-0,-0,0,0,0,0,0,0
Med,Vegetables,veg_sta,CVD (deaths),0,0,0,0,0,0,0,0,0,-0,-0,-0,0,0,0,0,0,0
US,Vegetables,veg_sta,CVD (deaths),0,0,0,0,0,0,0,0,0,-0,-0,-0,0,0,0,0,0,0
Veg,Vegetables,veg_sta,CVD (deaths),0,0,0,0,0,0,0,0,0,-0,-0,-0,0,0,0,0,0,0
Vegan,Vegetables,veg_sta,CVD (deaths),0,0,0,0,0,0,0,0,0,-0,-0,-0,0,0,0,0,0,0
Med,Other,added_sugar,Cancer (cases),0,0,0,0,0,0,0,0,0,-0,-0,-0,0,0,0,0,0,0
US,Other,added_sugar,Cancer (cases),0,0,0,0,0,0,0,0,0,-0,-0,-0,0,0,0,0,0,0
Veg,Other,added_sugar,Cancer (cases),0,0,0,0,0,0,0,0,0,-0,-0,-0,0,0,0,0,0,0
Vegan,Other,added_sugar,Cancer (cases),0,0,0,0,0,0,0,0,0,-0,-0,-0,0,0,0,0,0,0
Med,Dairy,dairy_cow,Cancer (cases),0,0,0,0,0,0,0,0,0,-0,-0,-0,0,0,0,0,0,0
US,Dairy,dairy_cow,Cancer (cases),0,0,0,0,0,0,0,0,0,-0,-0,-0,0,0,0,0,0,0
Veg,Dairy,dairy_cow,Cancer (cases),0,0,0,0,0,0,0,0,0,-0,-0,-0,0,0,0,0,0,0
Vegan,Dairy,dairy_cow,Cancer (cases),0,0,0,0,0,0,0,0,0,-0,-0,-0,0,0,0,0,0,0
Med,Dairy,dairy_soy,Cancer (cases),0,0,0,0,0,0,0,0,0,-0,-0,-0,0,0,0,0,0,0
US,Dairy,dairy_soy,Cancer (cases),0,0,0,0,0,0,0,0,0,-0,-0,-0,0,0,0,0,0,0
Veg,Dairy,dairy_soy,Cancer (cases),0,0,0,0,0,0,0,0,0,-0,-0,-0,0,0,0,0,0,0
Vegan,Dairy,dairy_soy,Cancer (cases),0,0,0,0,0,0,0,0,0,-0,-0,-0,0,0,0,0,0,0
Med,Dairy,dairy_tot,Cancer (cases),0,0,0,0,0,0,0,0,0,-4477.11608444943,-4067.11865759179,-4898.22080274892,0,0,0,0,0,0
US,Dairy,dairy_tot,Cancer (cases),0,0,0,0,0,0,0,0,0,-10758.560465923,-9945.73971038599,-11508.3558715006,0,0,0,0,0,0
Veg,Dairy,dairy_tot,Cancer (cases),0,0,0,0,0,0,0,0,0,-10758.560465923,-9945.73971038599,-11508.3558715006,0,0,0,0,0,0
Vegan,Dairy,dairy_tot,Cancer (cases),0,0,0,0,0,0,0,0,0,-0,-0,-0,0,0,0,0,0,0
Med,Fruit,fruit_exc_juice,Cancer (cases),0,0,0,0,0,0,0,0,0,-7428.24472556207,-5817.51026865895,-9035.16562693371,0,0,0,0,0,0
US,Fruit,fruit_exc_juice,Cancer (cases),0,0,0,0,0,0,0,0,0,-5001.45979474112,-3923.87892692775,-6135.48851900182,0,0,0,0,0,0
Veg,Fruit,fruit_exc_juice,Cancer (cases),0,0,0,0,0,0,0,0,0,-5001.45979474112,-3923.87892692775,-6135.48851900182,0,0,0,0,0,0
Vegan,Fruit,fruit_exc_juice,Cancer (cases),0,0,0,0,0,0,0,0,0,-5001.45979474112,-3923.87892692775,-6135.48851900182,0,0,0,0,0,0
Med,Fruit,fruit_juice,Cancer (cases),0,0,0,0,0,0,0,0,0,-0,-0,-0,0,0,0,0,0,0
US,Fruit,fruit_juice,Cancer (cases),0,0,0,0,0,0,0,0,0,-0,-0,-0,0,0,0,0,0,0
Veg,Fruit,fruit_juice,Cancer (cases),0,0,0,0,0,0,0,0,0,-0,-0,-0,0,0,0,0,0,0
Vegan,Fruit,fruit_juice,Cancer (cases),0,0,0,0,0,0,0,0,0,-0,-0,-0,0,0,0,0,0,0
Med,Grains,gr_refined,Cancer (cases),0,0,0,0,0,0,0,0,0,-0,-0,-0,0,0,0,0,0,0
US,Grains,gr_refined,Cancer (cases),0,0,0,0,0,0,0,0,0,-0,-0,-0,0,0,0,0,0,0
Veg,Grains,gr_refined,Cancer (cases),0,0,0,0,0,0,0,0,0,-0,-0,-0,0,0,0,0,0,0
Vegan,Grains,gr_refined,Cancer (cases),0,0,0,0,0,0,0,0,0,-0,-0,-0,0,0,0,0,0,0
Med,Grains,gr_whole,Cancer (cases),0,0,0,0,0,0,0,0,0,-29263.258955636,-26993.0190943881,-31424.8473110372,0,0,0,0,0,0
US,Grains,gr_whole,Cancer (cases),0,0,0,0,0,0,0,0,0,-29263.258955636,-26993.0190943881,-31424.8473110372,0,0,0,0,0,0
Veg,Grains,gr_whole,Cancer (cases),0,0,0,0,0,0,0,0,0,-29263.258955636,-26993.0190943881,-31424.8473110372,0,0,0,0,0,0
Vegan,Grains,gr_whole,Cancer (cases),0,0,0,0,0,0,0,0,0,-29263.258955636,-26993.0190943881,-31424.8473110372,0,0,0,0,0,0
Med,Protein,leg_tot,Cancer (cases),0,0,0,0,0,0,0,0,0,-2808.07095930982,-2477.37540696042,-3165.83491441622,0,0,0,0,0,0
US,Protein,leg_tot,Cancer (cases),0,0,0,0,0,0,0,0,0,-2808.07095930982,-2477.37540696042,-3165.83491441622,0,0,0,0,0,0
Veg,Protein,leg_tot,Cancer (cases),0,0,0,0,0,0,0,0,0,-13214.9730852266,-12122.7008912036,-14378.5638062007,0,0,0,0,0,0
Vegan,Protein,leg_tot,Cancer (cases),0,0,0,0,0,0,0,0,0,-13214.9730852266,-12122.7008912036,-14378.5638062007,0,0,0,0,0,0
Med,Other,oil,Cancer (cases),0,0,0,0,0,0,0,0,0,-0,-0,-0,0,0,0,0,0,0
US,Other,oil,Cancer (cases),0,0,0,0,0,0,0,0,0,-0,-0,-0,0,0,0,0,0,0
Veg,Other,oil,Cancer (cases),0,0,0,0,0,0,0,0,0,-0,-0,-0,0,0,0,0,0,0
Vegan,Other,oil,Cancer (cases),0,0,0,0,0,0,0,0,0,-0,-0,-0,0,0,0,0,0,0
Med,Protein,pf_egg,Cancer (cases),0,0,0,0,0,0,0,0,0,-0,-0,-0,0,0,0,0,0,0
US,Protein,pf_egg,Cancer (cases),0,0,0,0,0,0,0,0,0,-0,-0,-0,0,0,0,0,0,0
Veg,Protein,pf_egg,Cancer (cases),0,0,0,0,0,0,0,0,0,-0,-0,-0,0,0,0,0,0,0
Vegan,Protein,pf_egg,Cancer (cases),0,0,0,0,0,0,0,0,0,-0,-0,-0,0,0,0,0,0,0
Med,Protein,pf_ns,Cancer (cases),0,0,0,0,0,0,0,0,0,-80.8919030574992,-55.5267255974901,-116.087329812567,0,0,0,0,0,0
US,Protein,pf_ns,Cancer (cases),0,0,0,0,0,0,0,0,0,-80.8919030574992,-55.5267255974901,-116.087329812567,0,0,0,0,0,0
Veg,Protein,pf_ns,Cancer (cases),0,0,0,0,0,0,0,0,0,-620.024655163077,-506.657242665283,-750.828480155817,0,0,0,0,0,0
Vegan,Protein,pf_ns,Cancer (cases),0,0,0,0,0,0,0,0,0,-618.697382723694,-505.254105265298,-749.152066842,0,0,0,0,0,0
Med,Protein,pf_pm,Cancer (cases),0,0,0,0,0,0,0,0,0,-3983.37567018598,-3104.40407684691,-4890.5680409383,0,0,0,0,0,0
US,Protein,pf_pm,Cancer (cases),0,0,0,0,0,0,0,0,0,-3983.37567018598,-3104.40407684691,-4890.5680409383,0,0,0,0,0,0
Veg,Protein,pf_pm,Cancer (cases),0,0,0,0,0,0,0,0,0,-14009.0897748626,-12201.6207775806,-15859.8130578614,0,0,0,0,0,0
Vegan,Protein,pf_pm,Cancer (cases),0,0,0,0,0,0,0,0,0,-14009.0897748626,-12201.6207775806,-15859.8130578614,0,0,0,0,0,0
Med,Protein,pf_poultry,Cancer (cases),0,0,0,0,0,0,0,0,0,-0,-0,-0,0,0,0,0,0,0
US,Protein,pf_poultry,Cancer (cases),0,0,0,0,0,0,0,0,0,-0,-0,-0,0,0,0,0,0,0
Veg,Protein,pf_poultry,Cancer (cases),0,0,0,0,0,0,0,0,0,-0,-0,-0,0,0,0,0,0,0
Vegan,Protein,pf_poultry,Cancer (cases),0,0,0,0,0,0,0,0,0,-0,-0,-0,0,0,0,0,0,0
Med,Protein,pf_poultry_tot,Cancer (cases),0,0,0,0,0,0,0,0,0,-0,-0,-0,0,0,0,0,0,0
US,Protein,pf_poultry_tot,Cancer (cases),0,0,0,0,0,0,0,0,0,-0,-0,-0,0,0,0,0,0,0
Veg,Protein,pf_poultry_tot,Cancer (cases),0,0,0,0,0,0,0,0,0,-0,-0,-0,0,0,0,0,0,0
Vegan,Protein,pf_poultry_tot,Cancer (cases),0,0,0,0,0,0,0,0,0,-0,-0,-0,0,0,0,0,0,0
Med,Protein,pf_redm,Cancer (cases),0,0,0,0,0,0,0,0,0,-2239.23645955884,-1530.1627781651,-3222.40740200465,0,0,0,0,0,0
US,Protein,pf_redm,Cancer (cases),0,0,0,0,0,0,0,0,0,-2239.23645955884,-1530.1627781651,-3222.40740200465,0,0,0,0,0,0
Veg,Protein,pf_redm,Cancer (cases),0,0,0,0,0,0,0,0,0,-9496.45098314288,-7481.6631621433,-11805.8887628419,0,0,0,0,0,0
Vegan,Protein,pf_redm,Cancer (cases),0,0,0,0,0,0,0,0,0,-9496.45098314288,-7481.6631621433,-11805.8887628419,0,0,0,0,0,0
Med,Protein,pf_redm_tot,Cancer (cases),0,0,0,0,0,0,0,0,0,-0,-0,-0,0,0,0,0,0,0
US,Protein,pf_redm_tot,Cancer (cases),0,0,0,0,0,0,0,0,0,-0,-0,-0,0,0,0,0,0,0
Veg,Protein,pf_redm_tot,Cancer (cases),0,0,0,0,0,0,0,0,0,-0,-0,-0,0,0,0,0,0,0
Vegan,Protein,pf_redm_tot,Cancer (cases),0,0,0,0,0,0,0,0,0,-0,-0,-0,0,0,0,0,0,0
Med,Protein,pf_seafood,Cancer (cases),0,0,0,0,0,0,0,0,0,-0,-0,-0,0,0,0,0,0,0
US,Protein,pf_seafood,Cancer (cases),0,0,0,0,0,0,0,0,0,-0,-0,-0,0,0,0,0,0,0
Veg,Protein,pf_seafood,Cancer (cases),0,0,0,0,0,0,0,0,0,-0,-0,-0,0,0,0,0,0,0
Vegan,Protein,pf_seafood,Cancer (cases),0,0,0,0,0,0,0,0,0,-0,-0,-0,0,0,0,0,0,0
Med,Other,sat_fat,Cancer (cases),0,0,0,0,0,0,0,0,0,-0,-0,-0,0,0,0,0,0,0
US,Other,sat_fat,Cancer (cases),0,0,0,0,0,0,0,0,0,-0,-0,-0,0,0,0,0,0,0
Veg,Other,sat_fat,Cancer (cases),0,0,0,0,0,0,0,0,0,-0,-0,-0,0,0,0,0,0,0
Vegan,Other,sat_fat,Cancer (cases),0,0,0,0,0,0,0,0,0,-0,-0,-0,0,0,0,0,0,0
Med,Other,sodium,Cancer (cases),0,0,0,0,0,0,0,0,0,-0,-0,-0,0,0,0,0,0,0
US,Other,sodium,Cancer (cases),0,0,0,0,0,0,0,0,0,-0,-0,-0,0,0,0,0,0,0
Veg,Other,sodium,Cancer (cases),0,0,0,0,0,0,0,0,0,-0,-0,-0,0,0,0,0,0,0
Vegan,Other,sodium,Cancer (cases),0,0,0,0,0,0,0,0,0,-0,-0,-0,0,0,0,0,0,0
Med,Other,ssb,Cancer (cases),0,0,0,0,0,0,0,0,0,-337.809897750778,-184.5432635719,-535.68691265602,0,0,0,0,0,0
US,Other,ssb,Cancer (cases),0,0,0,0,0,0,0,0,0,-337.809897750778,-184.5432635719,-535.68691265602,0,0,0,0,0,0
Veg,Other,ssb,Cancer (cases),0,0,0,0,0,0,0,0,0,-337.809897750778,-184.5432635719,-535.68691265602,0,0,0,0,0,0
Vegan,Other,ssb,Cancer (cases),0,0,0,0,0,0,0,0,0,-337.809897750778,-184.5432635719,-535.68691265602,0,0,0,0,0,0
Med,Vegetables,veg_dg,Cancer (cases),0,0,0,0,0,0,0,0,0,-0,-0,-0,0,0,0,0,0,0
US,Vegetables,veg_dg,Cancer (cases),0,0,0,0,0,0,0,0,0,-0,-0,-0,0,0,0,0,0,0
Veg,Vegetables,veg_dg,Cancer (cases),0,0,0,0,0,0,0,0,0,-0,-0,-0,0,0,0,0,0,0
Vegan,Vegetables,veg_dg,Cancer (cases),0,0,0,0,0,0,0,0,0,-0,-0,-0,0,0,0,0,0,0
Med,Vegetables,veg_exc_sta,Cancer (cases),0,0,0,0,0,0,0,0,0,-3807.41157824615,-3133.13794133299,-4581.13712585705,0,0,0,0,0,0
US,Vegetables,veg_exc_sta,Cancer (cases),0,0,0,0,0,0,0,0,0,-3807.41157824615,-3133.13794133299,-4581.13712585705,0,0,0,0,0,0
Veg,Vegetables,veg_exc_sta,Cancer (cases),0,0,0,0,0,0,0,0,0,-3807.41157824615,-3133.13794133299,-4581.13712585705,0,0,0,0,0,0
Vegan,Vegetables,veg_exc_sta,Cancer (cases),0,0,0,0,0,0,0,0,0,-3807.41157824615,-3133.13794133299,-4581.13712585705,0,0,0,0,0,0
Med,Vegetables,veg_oth,Cancer (cases),0,0,0,0,0,0,0,0,0,-0,-0,-0,0,0,0,0,0,0
US,Vegetables,veg_oth,Cancer (cases),0,0,0,0,0,0,0,0,0,-0,-0,-0,0,0,0,0,0,0
Veg,Vegetables,veg_oth,Cancer (cases),0,0,0,0,0,0,0,0,0,-0,-0,-0,0,0,0,0,0,0
Vegan,Vegetables,veg_oth,Cancer (cases),0,0,0,0,0,0,0,0,0,-0,-0,-0,0,0,0,0,0,0
Med,Vegetables,veg_ro,Cancer (cases),0,0,0,0,0,0,0,0,0,-0,-0,-0,0,0,0,0,0,0
US,Vegetables,veg_ro,Cancer (cases),0,0,0,0,0,0,0,0,0,-0,-0,-0,0,0,0,0,0,0
Veg,Vegetables,veg_ro,Cancer (cases),0,0,0,0,0,0,0,0,0,-0,-0,-0,0,0,0,0,0,0
Vegan,Vegetables,veg_ro,Cancer (cases),0,0,0,0,0,0,0,0,0,-0,-0,-0,0,0,0,0,0,0
Med,Vegetables,veg_sta,Cancer (cases),0,0,0,0,0,0,0,0,0,-0,-0,-0,0,0,0,0,0,0
US,Vegetables,veg_sta,Cancer (cases),0,0,0,0,0,0,0,0,0,-0,-0,-0,0,0,0,0,0,0
Veg,Vegetables,veg_sta,Cancer (cases),0,0,0,0,0,0,0,0,0,-0,-0,-0,0,0,0,0,0,0
Vegan,Vegetables,veg_sta,Cancer (cases),0,0,0,0,0,0,0,0,0,-0,-0,-0,0,0,0,0,0,0
