diet_pattern,food_group,outcome,impact_median_year,LB_year,UB_year,sum,sum_LB,sum_UB,prop,prop_LB,prop_UB
Med,added_sugar,BLUEWATER (L),-3716.049356920374,-3788.590810648434,-3633.183261387614,33091.111639906536,27616.53465259056,38384.54240460331,-11.229750748049726,-13.718559762504622,-9.465224889464622
Med,dairy_cow,BLUEWATER (L),5151.058899201854,4941.751411557123,5369.566001394045,33091.111639906536,27616.53465259056,38384.54240460331,15.566291502247045,17.894176346609672,13.988875899039229
Med,dairy_soy,BLUEWATER (L),-8.139631741599558,-10.768977892583642,-5.470645046715406,33091.111639906536,27616.53465259056,38384.54240460331,-0.024597637668308168,-0.038994674849885495,-0.01425220858190909
Med,dairy_tot,BLUEWATER (L),0,0,0,33091.111639906536,27616.53465259056,38384.54240460331,0,0,0
Med,fruit_exc_juice,BLUEWATER (L),32421.615846598364,31671.119507134692,33238.86419111162,33091.111639906536,27616.53465259056,38384.54240460331,97.97681081072905,114.68172928120724,86.5944000080757
Med,fruit_juice,BLUEWATER (L),11640.704766256034,11329.239975905277,11937.316735232584,33091.111639906536,27616.53465259056,38384.54240460331,35.17773864150824,41.02339456569922,31.09928108404645
Med,gr_refined,BLUEWATER (L),-10990.762511755927,-11246.920888400986,-10745.620076877196,33091.111639906536,27616.53465259056,38384.54240460331,-33.21363945507807,-40.725315575920646,-27.994654628443648
Med,gr_whole,BLUEWATER (L),9837.98320066876,9687.91888331277,9988.58455957218,33091.111639906536,27616.53465259056,38384.54240460331,29.729987036170012,35.080139507669905,26.022414060026122
Med,leg_tot,BLUEWATER (L),1354.8095216502895,1246.149073611759,1468.9058029753796,33091.111639906536,27616.53465259056,38384.54240460331,4.094179537977335,4.512329621685045,3.8268159810059883
Med,oil,BLUEWATER (L),-102.96008113831232,-141.9409202097566,-63.63295576791086,33091.111639906536,27616.53465259056,38384.54240460331,-0.3111411978500796,-0.5139707859633356,-0.1657775546655458
Med,pf_egg,BLUEWATER (L),-1368.73965167745,-1577.0799863415718,-1156.8801103589535,33091.111639906536,27616.53465259056,38384.54240460331,-4.1362758270919056,-5.710636784016761,-3.013921849489636
Med,pf_ns,BLUEWATER (L),-3149.2128004432257,-4145.1129960836815,-2262.5525366897564,33091.111639906536,27616.53465259056,38384.54240460331,-9.516793617309014,-15.009533412603057,-5.894436653277433
Med,pf_pm,BLUEWATER (L),0,0,0,33091.111639906536,27616.53465259056,38384.54240460331,0,0,0
Med,pf_poultry,BLUEWATER (L),0,0,0,33091.111639906536,27616.53465259056,38384.54240460331,0,0,0
Med,pf_poultry_tot,BLUEWATER (L),-4298.673213518297,-4841.482268540668,-3771.1919009022704,33091.111639906536,27616.53465259056,38384.54240460331,-12.990416460758219,-17.531099862619854,-9.824767118885873
Med,pf_redm,BLUEWATER (L),0,0,0,33091.111639906536,27616.53465259056,38384.54240460331,0,0,0
Med,pf_redm_tot,BLUEWATER (L),-8084.6593030447875,-9136.311638128627,-7124.471768359936,33091.111639906536,27616.53465259056,38384.54240460331,-24.431513184026784,-33.08275912623092,-18.560783383223363
Med,pf_seafood,BLUEWATER (L),1207.8255755972782,1179.6598689412742,1236.6405230631922,33091.111639906536,27616.53465259056,38384.54240460331,3.6500000022383343,4.271570940312081,3.2217149029107266
Med,sat_fat,BLUEWATER (L),-5532.975374220354,-5612.784726162169,-5456.6629646724105,33091.111639906536,27616.53465259056,38384.54240460331,-16.720427631532967,-20.324000808825822,-14.215782246808848
Med,veg_dg,BLUEWATER (L),980.3363486791234,773.8385183062484,1164.169773416567,33091.111639906536,27616.53465259056,38384.54240460331,2.9625367662078705,2.8020840704344443,3.032912991759289
Med,veg_oth,BLUEWATER (L),197.06003872019315,23.042839114881172,378.9239499529303,33091.111639906536,27616.53465259056,38384.54240460331,0.5955074609296194,0.08343856100975235,0.9871785000294478
Med,veg_ro,BLUEWATER (L),3019.7293664120166,2946.9946511074504,3089.2753162059385,33091.111639906536,27616.53465259056,38384.54240460331,9.125499920559772,10.671123977645793,8.048227548585949
Med,veg_sta,BLUEWATER (L),4532.160000582953,4317.81313600756,4731.961771741631,33091.111639906536,27616.53465259056,38384.54240460331,13.696004080797794,15.63488392126175,12.32777955736199
Med,dairy_tot,Cancer (cases),4477.11608444943,4067.11865759179,4898.22080274892,54425.416233756565,47362.79821311365,61869.95546640464,8.226149461531476,8.587158721685704,7.916961901497814
Med,fruit_exc_juice,Cancer (cases),7428.24472556207,5817.51026865895,9035.16562693371,54425.416233756565,47362.79821311365,61869.95546640464,13.648484916785645,12.282868597591046,14.603478471614226
Med,gr_whole,Cancer (cases),29263.258955636,26993.0190943881,31424.8473110372,54425.416233756565,47362.79821311365,61869.95546640464,53.76763464692787,56.99202773647433,50.79177296014199
Med,leg_tot,Cancer (cases),2808.07095930982,2477.37540696042,3165.83491441622,54425.416233756565,47362.79821311365,61869.95546640464,5.159484582073174,5.230635647440469,5.1169180429348575
Med,pf_ns,Cancer (cases),80.8919030574992,55.5267255974901,116.087329812567,54425.416233756565,47362.79821311365,61869.95546640464,0.14862891026881517,0.11723700391949403,0.187631183726328
Med,pf_pm,Cancer (cases),3983.37567018598,3104.40407684691,4890.5680409383,54425.416233756565,47362.79821311365,61869.95546640464,7.318962252998536,6.554519990306175,7.90459279317548
Med,pf_redm,Cancer (cases),2239.23645955884,1530.1627781651,3222.40740200465,54425.416233756565,47362.79821311365,61869.95546640464,4.1143212390720985,3.2307271442873353,5.208355780625083
Med,pf_seafood,Cancer (cases),0,0,0,54425.416233756565,47362.79821311365,61869.95546640464,0,0,0
Med,sodium,Cancer (cases),0,0,0,54425.416233756565,47362.79821311365,61869.95546640464,0,0,0
Med,ssb,Cancer (cases),337.809897750778,184.5432635719,535.68691265602,54425.416233756565,47362.79821311365,61869.95546640464,0.6206840868242297,0.3896375858992307,0.8658272155164194
Med,veg_exc_sta,Cancer (cases),3807.41157824615,3133.13794133299,4581.13712585705,54425.416233756565,47362.79821311365,61869.95546640464,6.995649903518163,6.615187572396213,7.404461650767804
Med,added_sugar,CED (mJ),-187.38254318754528,-191.0862157594125,-183.2172516115372,4177.503594429085,3950.030115699119,4399.68822917485,-4.485514828459502,-4.8375888325497485,-4.164323517212017
Med,dairy_cow,CED (mJ),415.36148012286395,398.48373331969964,432.9810482854364,4177.503594429085,3950.030115699119,4399.68822917485,9.94281562502471,10.088118866131015,9.841175686365416
Med,dairy_soy,CED (mJ),-1.0605391111556681,-1.4031251787333747,-0.7127881480976666,4177.503594429085,3950.030115699119,4399.68822917485,-0.0253869107993097,-0.03552188559668828,-0.016200878584329784
Med,dairy_tot,CED (mJ),0,0,0,4177.503594429085,3950.030115699119,4399.68822917485,0,0,0
Med,fruit_exc_juice,CED (mJ),524.9982508313701,513.4862130562234,537.3182019275516,4177.503594429085,3950.030115699119,4399.68822917485,12.567272270728436,12.999551851906352,12.212642667826586
Med,fruit_juice,CED (mJ),288.30518682763926,280.46957824914864,295.7930970504676,4177.503594429085,3950.030115699119,4399.68822917485,6.901374955418567,7.100441516494821,6.723046762473504
Med,gr_refined,CED (mJ),-128.25736494376468,-131.2048269080938,-125.4594923433707,4177.503594429085,3950.030115699119,4399.68822917485,-3.070191611918718,-3.321615862791257,-2.8515541513017686
Med,gr_whole,CED (mJ),160.61209568161402,158.26115764744608,162.9913515725498,4177.503594429085,3950.030115699119,4399.68822917485,3.8446907836488395,4.006581038925454,3.704611397047068
Med,leg_tot,CED (mJ),26.042366678921834,24.409835114488747,27.85721896575954,4177.503594429085,3950.030115699119,4399.68822917485,0.6233954343845608,0.617965797715657,0.6331634769262751
Med,oil,CED (mJ),-3.3191622371172618,-4.587017393188877,-2.044307263749518,4177.503594429085,3950.030115699119,4399.68822917485,-0.07945324670799887,-0.11612613724027311,-0.04646482107967279
Med,pf_egg,CED (mJ),-69.96966500737624,-80.61997634022035,-59.13945261709092,4177.503594429085,3950.030115699119,4399.68822917485,-1.6749157343798429,-2.0409964982242004,-1.3441737126946918
Med,pf_ns,CED (mJ),-7.667099447393236,-10.313819547965783,-5.390480867728266,4177.503594429085,3950.030115699119,4399.68822917485,-0.18353304249977678,-0.26110736490271874,-0.12251961018472522
Med,pf_pm,CED (mJ),0,0,0,4177.503594429085,3950.030115699119,4399.68822917485,0,0,0
Med,pf_poultry,CED (mJ),0,0,0,4177.503594429085,3950.030115699119,4399.68822917485,0,0,0
Med,pf_poultry_tot,CED (mJ),-134.2975251139668,-151.25762552388798,-117.82349205781276,4177.503594429085,3950.030115699119,4399.68822917485,-3.2147794030161805,-3.829277780002869,-2.6779963924832524
Med,pf_redm,CED (mJ),0,0,0,4177.503594429085,3950.030115699119,4399.68822917485,0,0,0
Med,pf_redm_tot,CED (mJ),-356.492106898261,-403.1977351439438,-314.1630724641196,4177.503594429085,3950.030115699119,4399.68822917485,-8.533615802836447,-10.207459774584061,-7.140575788549455
Med,pf_seafood,CED (mJ),3655.5941301863168,3574.5617907781325,3735.4502959964593,4177.503594429085,3950.030115699119,4399.68822917485,87.50666630332141,90.4945452585611,84.90261358125899
Med,sat_fat,CED (mJ),-310.5936557514674,-315.1308561904427,-306.3048996625243,4177.503594429085,3950.030115699119,4399.68822917485,-7.4349105567655265,-7.977935533655228,-6.961968296557481
Med,veg_dg,CED (mJ),15.767269062632696,12.1206949715624,19.18613944412304,4177.503594429085,3950.030115699119,4399.68822917485,0.3774328066086923,0.3068506977551777,0.4360795230193243
Med,veg_oth,CED (mJ),3.181936294927731,-0.0697236047053553,6.5505087451751045,4177.503594429085,3950.030115699119,4399.68822917485,0.07616836761483595,-0.0017651410916651926,0.14888574835230167
Med,veg_ro,CED (mJ),170.15879787747903,166.18077838685656,173.89859328799923,4177.503594429085,3950.030115699119,4399.68822917485,4.073217270342855,4.207076237884431,3.952520820335796
Med,veg_sta,CED (mJ),116.52174256336673,110.92725576615585,121.9170109353592,4177.503594429085,3950.030115699119,4399.68822917485,2.7892673202903873,2.8082635452647113,2.771037505042134
Med,dairy_tot,CVD (deaths),0,0,0,235680.3031374776,204851.20938628016,269137.46313880454,0,0,0
Med,fruit_exc_juice,CVD (deaths),58259.9601887031,53282.8283369549,63585.6185776199,235680.3031374776,204851.20938628016,269137.46313880454,24.719910579340507,26.010502206253268,23.625703325005464
Med,gr_whole,CVD (deaths),50128.7648128309,45569.5439834725,54658.3668726959,235680.3031374776,204851.20938628016,269137.46313880454,21.269815145981745,22.245191580755446,20.30871742463682
Med,leg_tot,CVD (deaths),9893.13840012968,8826.89979586921,10995.2485599773,235680.3031374776,204851.20938628016,269137.46313880454,4.1976941935443755,4.3089322354083155,4.085365311742805
Med,pf_ns,CVD (deaths),5106.97662480966,3623.93554896742,7258.99830958204,235680.3031374776,204851.20938628016,269137.46313880454,2.166908543829667,1.7690574343322045,2.697134105718421
Med,pf_pm,CVD (deaths),21506.2753686045,16641.7979692144,26977.2839418632,235680.3031374776,204851.20938628016,269137.46313880454,9.125189963821205,8.123846580682661,10.023607872067211
Med,pf_redm,CVD (deaths),8405.53315435494,6229.1517765246,10656.327429195,235680.3031374776,204851.20938628016,269137.46313880454,3.566497939139107,3.0408176720980564,3.9594366777913494
Med,pf_seafood,CVD (deaths),13201.0655385379,10346.310164013,16313.3652852747,235680.3031374776,204851.20938628016,269137.46313880454,5.601259571885998,5.050646366701871,6.061350618015327
Med,sodium,CVD (deaths),42819.5613826702,39435.4714555325,46387.606546244,235680.3031374776,204851.20938628016,269137.46313880454,18.16849385062637,19.250787717425933,17.235655714834515
Med,ssb,CVD (deaths),7170.48946306813,4395.62832913864,10421.6504350128,235680.3031374776,204851.20938628016,269137.46313880454,3.0424644603776767,2.145766355154863,3.8722407179850524
Med,veg_exc_sta,CVD (deaths),19188.5382037686,16499.642026593,21882.9971813397,235680.3031374776,204851.20938628016,269137.46313880454,8.141765751453356,8.05445185118739,8.130788232203034
Med,added_sugar,FL (mrh-eq),-8.680647735618866,-8.853266386778113,-8.48777940053812,77.41248283493171,71.09267784070978,83.55024234636623,-11.213498673242139,-12.453133931197158,-10.15889261619511
Med,dairy_cow,FL (mrh-eq),9.43921157162547,9.055659820798077,9.839621430618658,77.41248283493171,71.09267784070978,83.55024234636623,12.193397273864608,12.7378234944085,11.776891549670774
Med,dairy_soy,FL (mrh-eq),-0.1779350137238352,-0.2354133810889112,-0.11959009109597062,77.41248283493171,71.09267784070978,83.55024234636623,-0.22985312860104207,-0.3311359034982172,-0.14313554064893963
Med,dairy_tot,FL (mrh-eq),0,0,0,77.41248283493171,71.09267784070978,83.55024234636623,0,0,0
Med,fruit_exc_juice,FL (mrh-eq),32.17041206657843,31.470125906104762,32.87222045704163,77.41248283493171,71.09267784070978,83.55024234636623,41.55713767142192,44.26633918139461,39.3442550660313
Med,fruit_juice,FL (mrh-eq),18.278654046935188,17.783818939340645,18.759914527030343,77.41248283493171,71.09267784070978,83.55024234636623,23.612024027069577,25.014979713082493,22.45345315607723
Med,gr_refined,FL (mrh-eq),-2.9003449080013715,-2.97033156180305,-2.833736591322246,77.41248283493171,71.09267784070978,83.55024234636623,-3.7466114014012946,-4.178111800006146,-3.391655741194257
Med,gr_whole,FL (mrh-eq),2.8726404351388726,2.82815668009968,2.915825104966428,77.41248283493171,71.09267784070978,83.55024234636623,3.7108232806125923,3.978126532856796,3.489906220593079
Med,leg_tot,FL (mrh-eq),1.0969268747783496,1.0303325302686406,1.1723333828368192,77.41248283493171,71.09267784070978,83.55024234636623,1.4169896567164113,1.4492808001651072,1.4031477945650823
Med,oil,FL (mrh-eq),-0.1294716875357793,-0.17930435393667177,-0.0787216194535232,77.41248283493171,71.09267784070978,83.55024234636623,-0.16724910866359183,-0.2522121256121777,-0.09422069552733854
Med,pf_egg,FL (mrh-eq),-1.012850151071633,-1.1691815105997898,-0.8525165642289819,77.41248283493171,71.09267784070978,83.55024234636623,-1.308380914782639,-1.644587805820815,-1.020363963391974
Med,pf_ns,FL (mrh-eq),-2.1465487324100314,-2.7864308639350717,-1.5668755142729325,77.41248283493171,71.09267784070978,83.55024234636623,-2.772871575488882,-3.919434389823305,-1.875369203331915
Med,pf_pm,FL (mrh-eq),0,0,0,77.41248283493171,71.09267784070978,83.55024234636623,0,0,0
Med,pf_poultry,FL (mrh-eq),0,0,0,77.41248283493171,71.09267784070978,83.55024234636623,0,0,0
Med,pf_poultry_tot,FL (mrh-eq),-2.0138045966857714,-2.2659304176969797,-1.7661315030615707,77.41248283493171,71.09267784070978,83.55024234636623,-2.601395179353503,-3.187290852616387,-2.1138556316089288
Med,pf_redm,FL (mrh-eq),0,0,0,77.41248283493171,71.09267784070978,83.55024234636623,0,0,0
Med,pf_redm_tot,FL (mrh-eq),-11.924187026791893,-13.486851359631812,-10.512999493370767,77.41248283493171,71.09267784070978,83.55024234636623,-15.40344217122979,-18.97080229535093,-12.582847395927391
Med,pf_seafood,FL (mrh-eq),40.5409183166674,39.6316153424183,41.47837466185457,77.41248283493171,71.09267784070978,83.55024234636623,52.370001364138744,55.74640954053929,49.64482866477113
Med,sat_fat,FL (mrh-eq),-8.094798997689436,-8.213518460366839,-7.981577488032615,77.41248283493171,71.09267784070978,83.55024234636623,-10.456710211646548,-11.553255145023575,-9.553027332876132
Med,veg_dg,FL (mrh-eq),0.8349297798665603,0.667880100238095,0.985636627909224,77.41248283493171,71.09267784070978,83.55024234636623,1.078546701113952,0.9394499131606026,1.1796933201260682
Med,veg_oth,FL (mrh-eq),0.18717261009127312,-0.031850310128594676,0.4089006564016629,77.41248283493171,71.09267784070978,83.55024234636623,0.24178608311838454,-0.044801111866904865,0.48940690645339197
Med,veg_ro,FL (mrh-eq),7.111328119041099,6.9459950438056826,7.27347609027519,77.41248283493171,71.09267784070978,83.55024234636623,9.186280892455983,9.770338176554379,8.705511661022163
Med,veg_sta,FL (mrh-eq),1.9608778637376798,1.8711720836017292,2.0438676728084286,77.41248283493171,71.09267784070978,83.55024234636623,2.533025413897267,2.6320180086538256,2.446273781391755
Med,added_sugar,Food_price ($),-304.6369429648561,-310.6029268216624,-297.9898194904722,1716.9431538686074,1509.1524638892788,1930.3936261339131,-17.74298364383525,-20.58128216026623,-15.436738676311831
Med,dairy_cow,Food_price ($),0,0,0,1716.9431538686074,1509.1524638892788,1930.3936261339131,0,0,0
Med,dairy_soy,Food_price ($),0,0,0,1716.9431538686074,1509.1524638892788,1930.3936261339131,0,0,0
Med,dairy_tot,Food_price ($),88.79820275994771,83.68069858236741,93.86134560747618,1716.9431538686074,1509.1524638892788,1930.3936261339131,5.171877855121066,5.544880360643719,4.862290485047682
Med,fruit_exc_juice,Food_price ($),807.3554683975084,790.1711240729534,826.6134685123423,1716.9431538686074,1509.1524638892788,1930.3936261339131,47.0228421120629,52.35860146539345,42.820979997112744
Med,fruit_juice,Food_price ($),80.26167734763511,78.02395992674276,82.39786210366998,1716.9431538686074,1509.1524638892788,1930.3936261339131,4.674684608327883,5.1700515218763945,4.268448724040387
Med,gr_refined,Food_price ($),-380.9164019381114,-389.6192557800488,-371.57974063992646,1716.9431538686074,1509.1524638892788,1930.3936261339131,-22.18573172209182,-25.81709039363393,-19.248910461028927
Med,gr_whole,Food_price ($),271.7238228196764,267.6878684077429,275.8000746373238,1716.9431538686074,1509.1524638892788,1930.3936261339131,15.82602325577464,17.737629219905127,14.287245404435007
Med,leg_tot,Food_price ($),30.221669450778307,28.313785956961954,32.19712796978822,1716.9431538686074,1509.1524638892788,1930.3936261339131,1.7602021000335972,1.8761382056782856,1.667904801067483
Med,oil,Food_price ($),-2.553465097186026,-3.705165560677022,-1.3998771921130326,1716.9431538686074,1509.1524638892788,1930.3936261339131,-0.14872158646793704,-0.24551300477145543,-0.07251770691538337
Med,pf_egg,Food_price ($),-85.0564138767688,-104.88593495056722,-65.58890436974892,1716.9431538686074,1509.1524638892788,1930.3936261339131,-4.953944671092932,-6.949989312561751,-3.3976958627400147
Med,pf_ns,Food_price ($),-10.95927810739191,-14.66273418773726,-7.507517507699816,1716.9431538686074,1509.1524638892788,1930.3936261339131,-0.6383017447431805,-0.9715873338568801,-0.3889112254652157
Med,pf_pm,Food_price ($),-63.48235487149642,-73.69233797222235,-52.74006901399213,1716.9431538686074,1509.1524638892788,1930.3936261339131,-3.6974057486095746,-4.883028039612895,-2.732088849651719
Med,pf_poultry,Food_price ($),-133.09739153248358,-152.49130165134292,-113.2381687039472,1716.9431538686074,1509.1524638892788,1930.3936261339131,-7.7519975680376625,-10.10443313714993,-5.86606623493336
Med,pf_poultry_tot,Food_price ($),0,0,0,1716.9431538686074,1509.1524638892788,1930.3936261339131,0,0,0
Med,pf_redm,Food_price ($),-222.15166812293634,-262.0114000194459,-181.53777335471847,1716.9431538686074,1509.1524638892788,1930.3936261339131,-12.938789943183929,-17.361493042539188,-9.404184250146557
Med,pf_redm_tot,Food_price ($),0,0,0,1716.9431538686074,1509.1524638892788,1930.3936261339131,0,0,0
Med,pf_seafood,Food_price ($),1367.1219084049555,1330.362144100973,1404.7436333864348,1716.9431538686074,1509.1524638892788,1930.3936261339131,79.62534492330533,88.1529319226276,72.76980271633919
Med,sat_fat,Food_price ($),-31.87534722663274,-32.43478174277517,-31.366958627848614,1716.9431538686074,1509.1524638892788,1930.3936261339131,-1.856517331678185,-2.1492051014638105,-1.6248996164926552
Med,veg_dg,Food_price ($),27.128042031950084,20.767984608948204,33.47801888311255,1716.9431538686074,1509.1524638892788,1930.3936261339131,1.5800198143325432,1.376135619553405,1.7342586729402174
Med,veg_oth,Food_price ($),23.558141662822543,6.334252085697893,41.39353556170783,1716.9431538686074,1509.1524638892788,1930.3936261339131,1.3720979410262628,0.41972247584407185,2.14430544119691
Med,veg_ro,Food_price ($),178.83997962356838,175.12198040749385,182.7153987796512,1716.9431538686074,1509.1524638892788,1930.3936261339131,10.416185254625761,11.603995262094468,9.465188669607432
Med,veg_sta,Food_price ($),76.66350510762828,72.79450442587654,80.14198959287317,1716.9431538686074,1509.1524638892788,1930.3936261339131,4.465116095130493,4.82353547223955,4.151587971898621
Med,added_sugar,GHG (kgCO2eq),-19.27578764493666,-19.65300100711415,-18.845232763879363,149.73597280613185,109.29279113066727,188.23375134943745,-12.873184234688656,-17.98197374575016,-10.011611960543165
Med,dairy_cow,GHG (kgCO2eq),77.10499171885527,73.97191706035353,80.37577324838762,149.73597280613185,109.29279113066727,188.23375134943745,51.49396652912902,67.68233869323996,42.69997950536399
Med,dairy_soy,GHG (kgCO2eq),-0.1627918790940658,-0.21537855798764094,-0.10941239300298286,149.73597280613185,109.29279113066727,188.23375134943745,-0.10871928504771386,-0.19706565799947465,-0.058125810179423934
Med,dairy_tot,GHG (kgCO2eq),0,0,0,149.73597280613185,109.29279113066727,188.23375134943745,0,0,0
Med,fruit_exc_juice,GHG (kgCO2eq),69.0128224310766,67.43960846683846,70.57624321464019,149.73597280613185,109.29279113066727,188.23375134943745,46.08967447016209,61.70544989212476,37.49393650643572
Med,fruit_juice,GHG (kgCO2eq),36.519342730317945,35.520593592883465,37.4799734804982,149.73597280613185,109.29279113066727,188.23375134943745,24.389157826223062,32.50039936340914,19.91139910446789
Med,gr_refined,GHG (kgCO2eq),-22.359492488707655,-22.874909883159972,-21.87612760189418,149.73597280613185,109.29279113066727,188.23375134943745,-14.932612430853363,-20.929934761947287,-11.62178804017102
Med,gr_whole,GHG (kgCO2eq),25.38609137270057,25.021510612716515,25.769419727250643,149.73597280613185,109.29279113066727,188.23375134943745,16.95390285777806,22.894017394799192,13.690116433695385
Med,leg_tot,GHG (kgCO2eq),4.478445641686562,4.198713215650456,4.778391170218764,149.73597280613185,109.29279113066727,188.23375134943745,2.99089494512114,3.8417110334666056,2.538541114950289
Med,oil,GHG (kgCO2eq),-0.4056823697820529,-0.5590771936821552,-0.24891538337053795,149.73597280613185,109.29279113066727,188.23375134943745,-0.27093180227793584,-0.5115407776655084,-0.1322373812273714
Med,pf_egg,GHG (kgCO2eq),-11.419581982251596,-13.157793868632519,-9.652008873776357,149.73597280613185,109.29279113066727,188.23375134943745,-7.6264786398635875,-12.03903179021336,-5.127671740366238
Med,pf_ns,GHG (kgCO2eq),-1.37497950068513,-1.8211106414663027,-0.9739124250364262,149.73597280613185,109.29279113066727,188.23375134943745,-0.9182693209369012,-1.6662678504468205,-0.5173952163490879
Med,pf_pm,GHG (kgCO2eq),0,0,0,149.73597280613185,109.29279113066727,188.23375134943745,0,0,0
Med,pf_poultry,GHG (kgCO2eq),0,0,0,149.73597280613185,109.29279113066727,188.23375134943745,0,0,0
Med,pf_poultry_tot,GHG (kgCO2eq),-19.48912993803272,-21.926275575563807,-17.091922128863054,149.73597280613185,109.29279113066727,188.23375134943745,-13.015663218928655,-20.061959575494225,-9.080158051535392
Med,pf_redm,GHG (kgCO2eq),0,0,0,149.73597280613185,109.29279113066727,188.23375134943745,0,0,0
Med,pf_redm_tot,GHG (kgCO2eq),-155.1749485416912,-175.41548011740971,-136.90724935997156,149.73597280613185,109.29279113066727,188.23375134943745,-103.63237746657002,-160.50050355808747,-72.73257233545579
Med,pf_seafood,GHG (kgCO2eq),215.26401465535812,210.41239673381855,220.1641241877612,149.73597280613185,109.29279113066727,188.23375134943745,143.7623909747243,192.52175240200026,116.96314959958916
Med,sat_fat,GHG (kgCO2eq),-84.15525954150688,-85.38217361449223,-82.98269047403048,149.73597280613185,109.29279113066727,188.23375134943745,-56.20243283186566,-78.12242027235978,-44.08491563236248
Med,veg_dg,GHG (kgCO2eq),1.793576149465632,1.378611295488464,2.186044334326602,149.73597280613185,109.29279113066727,188.23375134943745,1.197825823583378,1.2613927059839076,1.1613455709483393
Med,veg_oth,GHG (kgCO2eq),0.30724730843181963,-0.253819971671119,0.8760232518761558,149.73597280613185,109.29279113066727,188.23375134943745,0.20519271533342423,-0.2322385301402535,0.4653911668847872
Med,veg_ro,GHG (kgCO2eq),20.504831976270793,20.029039123309925,20.958805726054155,149.73597280613185,109.29279113066727,188.23375134943745,13.693991892528778,18.326038630822218,11.134456799485546
Med,veg_sta,GHG (kgCO2eq),13.182262708656491,12.57942146078751,13.756424412248874,149.73597280613185,109.29279113066727,188.23375134943745,8.803671196449237,11.509836404258284,7.308160366368847
Med,added_sugar,WATER (litereq),-13733.037955128573,-14002.500024806408,-13428.298959812624,327187.2271800132,295950.9692592118,357074.73158997815,-4.19730258833511,-4.7313580556454164,-3.7606410568508317
Med,dairy_cow,WATER (litereq),21585.9211704262,20708.801530155964,22501.592525655746,327187.2271800132,295950.9692592118,357074.73158997815,6.597421713699713,6.997375809240193,6.301647956286607
Med,dairy_soy,WATER (litereq),-14.19192521881412,-18.776344408005876,-9.538390416960542,327187.2271800132,295950.9692592118,357074.73158997815,-0.004337554782053258,-0.006344410513337572,-0.0026712588635124388
Med,dairy_tot,WATER (litereq),0,0,0,327187.2271800132,295950.9692592118,357074.73158997815,0,0,0
Med,fruit_exc_juice,WATER (litereq),239848.10514045347,234428.42703964788,245657.9902056038,327187.2271800132,295950.9692592118,357074.73158997815,73.30607224728027,79.21191392832414,68.79736046057944
Med,fruit_juice,WATER (litereq),99116.92745697079,96503.31005597301,101636.67821786905,327187.2271800132,295950.9692592118,357074.73158997815,30.293642056643684,32.60787092454141,28.463699395726614
Med,gr_refined,WATER (litereq),-34562.706749688885,-35356.233398515644,-33797.60403738828,327187.2271800132,295950.9692592118,357074.73158997815,-10.563586802449668,-11.946652341438528,-9.465134619550005
Med,gr_whole,WATER (litereq),45706.92268923956,44961.3119394141,46409.11014421644,327187.2271800132,295950.9692592118,357074.73158997815,13.969653731040161,15.192148906271788,12.997030043981692
Med,leg_tot,WATER (litereq),5300.179021824122,4811.832152950946,5789.729316733856,327187.2271800132,295950.9692592118,357074.73158997815,1.6199223507304117,1.6258882898729252,1.6214334996356135
Med,oil,WATER (litereq),-287.78374335687874,-394.33657375261913,-179.90670557126776,327187.2271800132,295950.9692592118,357074.73158997815,-0.08795690034640158,-0.13324388655988326,-0.050383488288342694
Med,pf_egg,WATER (litereq),-3140.872395879844,-3618.9548458862755,-2654.7143567556536,327187.2271800132,295950.9692592118,357074.73158997815,-0.9599618001444129,-1.2228224340487208,-0.7434618363877984
Med,pf_ns,WATER (litereq),-18104.02566098504,-24053.289654403823,-12969.143894180545,327187.2271800132,295950.9692592118,357074.73158997815,-5.533231176846795,-8.127457637530659,-3.632053110123949
Med,pf_pm,WATER (litereq),0,0,0,327187.2271800132,295950.9692592118,357074.73158997815,0,0,0
Med,pf_poultry,WATER (litereq),0,0,0,327187.2271800132,295950.9692592118,357074.73158997815,0,0,0
Med,pf_poultry_tot,WATER (litereq),-9228.945292729048,-10394.205709988386,-8096.484427616852,327187.2271800132,295950.9692592118,357074.73158997815,-2.820692412803581,-3.5121377490352166,-2.2674481589791924
Med,pf_redm,WATER (litereq),0,0,0,327187.2271800132,295950.9692592118,357074.73158997815,0,0,0
Med,pf_redm_tot,WATER (litereq),-45928.924444626326,-51929.685621776734,-40524.303311670985,327187.2271800132,295950.9692592118,357074.73158997815,-14.037505326990335,-17.546719225742276,-11.348969760818651
Med,pf_seafood,WATER (litereq),8360.065726656243,8164.530988063559,8563.452841378865,327187.2271800132,295950.9692592118,357074.73158997815,2.5551320565630355,2.7587444665243073,2.398224260576385
Med,sat_fat,WATER (litereq),-25039.661399676053,-25403.73663195802,-24692.4130020919,327187.2271800132,295950.9692592118,357074.73158997815,-7.653007000147848,-8.583765309350243,-6.915194724684611
Med,veg_dg,WATER (litereq),12286.825395787515,9615.16230696128,14778.006958314407,327187.2271800132,295950.9692592118,357074.73158997815,3.755288830094672,3.248903806947744,4.138631398674185
Med,veg_oth,WATER (litereq),1656.1679873727753,83.53522357308276,3274.842956676432,327187.2271800132,295950.9692592118,357074.73158997815,0.5061835700760954,0.02822603479967574,0.917130972022089
Med,veg_ro,WATER (litereq),23314.739278418798,22748.191185610638,23851.771176260772,327187.2271800132,295950.9692592118,357074.73158997815,7.125809732661538,7.686472946025864,6.679770105841398
Med,veg_sta,WATER (litereq),20051.522880153167,19097.58564235722,20963.964332773867,327187.2271800132,295950.9692592118,357074.73158997815,6.1284552740566305,6.452955937316224,5.87102992122287
US,added_sugar,BLUEWATER (L),-3712.2306816562495,-3789.4909450676196,-3638.759861596663,26666.060283830724,21101.393876632534,32044.261541391796,-13.92118161492046,-17.958486378779284,-11.355418057914836
US,dairy_cow,BLUEWATER (L),13483.903960155094,13254.724888303923,13684.443781989927,26666.060283830724,21101.393876632534,32044.261541391796,50.565789684092245,62.814451812029674,42.70481865938348
US,dairy_soy,BLUEWATER (L),-8.27328298331695,-10.660233546126003,-5.580403057904676,26666.060283830724,21101.393876632534,32044.261541391796,-0.0310255166877184,-0.050519096550920434,-0.01741467204883605
US,dairy_tot,BLUEWATER (L),0,0,0,26666.060283830724,21101.393876632534,32044.261541391796,0,0,0
US,fruit_exc_juice,BLUEWATER (L),22246.953869346795,21436.280565605844,23028.616916538256,26666.060283830724,21101.393876632534,32044.261541391796,83.42797410848311,101.58703586564563,71.86502608834357
US,fruit_juice,BLUEWATER (L),7891.914892850655,7545.939954143998,8226.394331484986,26666.060283830724,21101.393876632534,32044.261541391796,29.595353827486882,35.76038624870319,25.67197350096177
US,gr_refined,BLUEWATER (L),-10990.797751438777,-11248.133310078623,-10720.61879256992,26666.060283830724,21101.393876632534,32044.261541391796,-41.21642880295735,-53.305167307145005,-33.45565875725369
US,gr_whole,BLUEWATER (L),9839.172516003144,9703.056811283546,9987.341902187736,26666.060283830724,21101.393876632534,32044.261541391796,36.897735965778345,45.98301357726236,31.167333624733455
US,leg_tot,BLUEWATER (L),1361.1971416064189,1239.632970116969,1473.0546217819115,26666.060283830724,21101.393876632534,32044.261541391796,5.104605356464287,5.874649690747329,4.596937332692646
US,oil,BLUEWATER (L),-103.97475262253585,-143.53964797880442,-64.3519208263285,26666.060283830724,21101.393876632534,32044.261541391796,-0.3899141887321921,-0.6802377549938005,-0.2008219810065046
US,pf_egg,BLUEWATER (L),-1370.0507123257378,-1592.893974083346,-1157.3486508328197,26666.060283830724,21101.393876632534,32044.261541391796,-5.137807001645774,-7.54876186566661,-3.6117189011763133
US,pf_ns,BLUEWATER (L),-3199.5652975590506,-4180.226247295479,-2237.265195731589,26666.060283830724,21101.393876632534,32044.261541391796,-11.99864270725865,-19.81019013120559,-6.981796702794034
US,pf_pm,BLUEWATER (L),0,0,0,26666.060283830724,21101.393876632534,32044.261541391796,0,0,0
US,pf_poultry,BLUEWATER (L),0,0,0,26666.060283830724,21101.393876632534,32044.261541391796,0,0,0
US,pf_poultry_tot,BLUEWATER (L),-4303.68206386876,-4837.751057791281,-3765.782603344522,26666.060283830724,21101.393876632534,32044.261541391796,-16.139174733953286,-22.926215614355964,-11.751815839101907
US,pf_redm,BLUEWATER (L),0,0,0,26666.060283830724,21101.393876632534,32044.261541391796,0,0,0
US,pf_redm_tot,BLUEWATER (L),-8089.096578063031,-9133.556535601325,-7105.901384431462,26666.060283830724,21101.393876632534,32044.261541391796,-30.334801961607916,-43.284138427062544,-22.175269588449463
US,pf_seafood,BLUEWATER (L),418.3173154175898,390.4758924279072,446.93440917254924,26666.060283830724,21101.393876632534,32044.261541391796,1.568725604626497,1.8504744033062015,1.394740860528931
US,sat_fat,BLUEWATER (L),-5533.6361837867835,-5603.587885681395,-5457.324192666409,26666.060283830724,21101.393876632534,32044.261541391796,-20.751607567399706,-26.555534285755172,-17.03058185821241
US,veg_dg,BLUEWATER (L),975.8804619177096,776.9868191584231,1157.183718349947,26666.060283830724,21101.393876632534,32044.261541391796,3.6596349499346403,3.682158741270881,3.6112041990894523
US,veg_oth,BLUEWATER (L),204.61587698850525,15.715768872807534,380.8503514119711,26666.060283830724,21101.393876632534,32044.261541391796,0.7673269872286925,0.07447739691836668,1.1885134282780212
US,veg_ro,BLUEWATER (L),3020.5490022372906,2951.1775076660992,3085.824215341224,26666.060283830724,21101.393876632534,32044.261541391796,11.327316334272428,13.985699356733978,9.629880880092191
US,veg_sta,BLUEWATER (L),4534.862551611764,4327.242536177016,4726.550298190904,26666.060283830724,21101.393876632534,32044.261541391796,17.00612127679592,20.506903768897274,14.750067783854485
US,dairy_tot,Cancer (cases),10758.560465923,9945.73971038599,11508.3558715006,58280.07568440919,51347.78792417665,65580.41342722443,18.46010036805954,19.36936353533377,17.548464960916412
US,fruit_exc_juice,Cancer (cases),5001.45979474112,3923.87892692775,6135.48851900182,58280.07568440919,51347.78792417665,65580.41342722443,8.581766128486835,7.641768195977584,9.355672217300771
US,gr_whole,Cancer (cases),29263.258955636,26993.0190943881,31424.8473110372,58280.07568440919,51347.78792417665,65580.41342722443,50.21142922685732,52.569000896879295,47.91803782376247
US,leg_tot,Cancer (cases),2808.07095930982,2477.37540696042,3165.83491441622,58280.07568440919,51347.78792417665,65580.41342722443,4.818234922198329,4.824697435104055,4.827409204928839
US,pf_ns,Cancer (cases),80.8919030574992,55.5267255974901,116.087329812567,58280.07568440919,51347.78792417665,65580.41342722443,0.1387985552653272,0.10813849601366339,0.17701524547628975
US,pf_pm,Cancer (cases),3983.37567018598,3104.40407684691,4890.5680409383,58280.07568440919,51347.78792417665,65580.41342722443,6.8348841750931255,6.045838004610961,7.457360796246637
US,pf_redm,Cancer (cases),2239.23645955884,1530.1627781651,3222.40740200465,58280.07568440919,51347.78792417665,65580.41342722443,3.8421989560968774,2.9799974643983376,4.913673509516076
US,pf_seafood,Cancer (cases),0,0,0,58280.07568440919,51347.78792417665,65580.41342722443,0,0,0
US,sodium,Cancer (cases),0,0,0,58280.07568440919,51347.78792417665,65580.41342722443,0,0,0
US,ssb,Cancer (cases),337.809897750778,184.5432635719,535.68691265602,58280.07568440919,51347.78792417665,65580.41342722443,0.5796318789633064,0.3593986635693209,0.8168397920371147
US,veg_exc_sta,Cancer (cases),3807.41157824615,3133.13794133299,4581.13712585705,58280.07568440919,51347.78792417665,65580.41342722443,6.532955788979339,6.101797308113014,6.985526449815397
US,added_sugar,CED (mJ),-187.2160515970218,-191.13825259282592,-183.52555154659032,2192.143243189986,1962.5962938999146,2418.5525796707966,-8.540320171987792,-9.739050928961618,-7.588239060387558
US,dairy_cow,CED (mJ),1087.289898314381,1068.809783767052,1103.4606544347944,2192.143243189986,1962.5962938999146,2418.5525796707966,49.59940011639782,54.45897289672338,45.62483626405149
US,dairy_soy,CED (mJ),-1.0779529664252383,-1.3889565239100867,-0.727088876597947,2192.143243189986,1962.5962938999146,2418.5525796707966,-0.04917347302800392,-0.0707713821852819,-0.030062975794262668
US,dairy_tot,CED (mJ),0,0,0,2192.143243189986,1962.5962938999146,2418.5525796707966,0,0,0
US,fruit_exc_juice,CED (mJ),361.159140577345,348.95528715592445,373.01351518455556,2192.143243189986,1962.5962938999146,2418.5525796707966,16.475161543357434,17.780288704331973,15.423006236040923
US,fruit_juice,CED (mJ),194.98398635717916,186.4772894865071,202.94529805170038,2192.143243189986,1962.5962938999146,2418.5525796707966,8.89467360141303,9.50156127707519,8.39118817418162
US,gr_refined,CED (mJ),-128.27015444896503,-131.31749121516805,-125.05978618126758,2192.143243189986,1962.5962938999146,2418.5525796707966,-5.851358247114705,-6.691008824551707,-5.1708524855924445
US,gr_whole,CED (mJ),160.65909626749058,158.40576612105298,163.0194709468283,2192.143243189986,1962.5962938999146,2418.5525796707966,7.328859405816063,8.071235363757959,6.740373242950866
US,leg_tot,CED (mJ),26.1645762762178,24.32492093458605,27.861017856784418,2192.143243189986,1962.5962938999146,2418.5525796707966,1.1935614316035004,1.2394256022082621,1.1519707320391084
US,oil,CED (mJ),-3.351631090516256,-4.632645894570514,-2.0590511726927065,2192.143243189986,1962.5962938999146,2418.5525796707966,-0.15289288694652062,-0.23604680743408976,-0.08513567949690704
US,pf_egg,CED (mJ),-70.03668613462466,-81.42838385830933,-59.163404301371315,2192.143243189986,1962.5962938999146,2418.5525796707966,-3.1948955138856685,-4.149013432431453,-2.446231882600807
US,pf_ns,CED (mJ),-7.8198228706085855,-10.40317286635801,-5.2556213933700935,2192.143243189986,1962.5962938999146,2418.5525796707966,-0.3567204330693853,-0.5300719714335982,-0.21730440915555646
US,pf_pm,CED (mJ),0,0,0,2192.143243189986,1962.5962938999146,2418.5525796707966,0,0,0
US,pf_poultry,CED (mJ),0,0,0,2192.143243189986,1962.5962938999146,2418.5525796707966,0,0,0
US,pf_poultry_tot,CED (mJ),-134.45222504754722,-151.14159430145548,-117.6592023089525,2192.143243189986,1962.5962938999146,2418.5525796707966,-6.13336858643843,-7.701104642418283,-4.864860218377712
US,pf_redm,CED (mJ),0,0,0,2192.143243189986,1962.5962938999146,2418.5525796707966,0,0,0
US,pf_redm_tot,CED (mJ),-356.7374227369839,-403.0006054697468,-313.43027842058956,2192.143243189986,1962.5962938999146,2418.5525796707966,-16.273454020179035,-20.534055155527486,-12.959415522124079
US,pf_seafood,CED (mJ),1255.702457310787,1174.9275625068763,1340.5893206327514,2192.143243189986,1962.5962938999146,2418.5525796707966,57.28195277437712,59.86598294100281,55.429405666062756
US,sat_fat,CED (mJ),-310.61717806390214,-314.57555527669945,-306.2897076851496,2192.143243189986,1962.5962938999146,2418.5525796707966,-14.169565744795717,-16.028541185696422,-12.664174029528045
US,veg_dg,CED (mJ),15.6919746594159,12.279690101898888,18.91609942794648,2192.143243189986,1962.5962938999146,2418.5525796707966,0.7158279783113574,0.6256859925837152,0.7821247959191057
US,veg_oth,CED (mJ),3.3067959756774146,-0.17504116371577363,6.591667634973886,2192.143243189986,1962.5962938999146,2418.5525796707966,0.15084762302601157,-0.008918857345233533,0.2725459719329781
US,veg_ro,CED (mJ),170.14971861247872,166.50631893581368,173.65807141689666,2192.143243189986,1962.5962938999146,2418.5525796707966,7.761797461961402,8.483982133938795,7.18024792500208
US,veg_sta,CED (mJ),116.61472379560841,111.1113740529625,121.66715597014675,2192.143243189986,1962.5962938999146,2418.5525796707966,5.319667141181512,5.661448276363085,5.030577254876452
US,dairy_tot,CVD (deaths),0,0,0,209923.31621043666,181485.0480219618,240673.42284585914,0,0,0
US,fruit_exc_juice,CVD (deaths),39346.7270002041,35468.4109076334,43296.5708134953,209923.31621043666,181485.0480219618,240673.42284585914,18.743381016695235,19.54343418050688,17.989759858621728
US,gr_whole,CVD (deaths),50128.7648128309,45569.5439834725,54658.3668726959,209923.31621043666,181485.0480219618,240673.42284585914,23.87956026884577,25.109255269314556,22.71059522334637
US,leg_tot,CVD (deaths),9893.13840012968,8826.89979586921,10995.2485599773,209923.31621043666,181485.0480219618,240673.42284585914,4.712739193874181,4.863706344999316,4.568534585149968
US,pf_ns,CVD (deaths),5106.97662480966,3623.93554896742,7258.99830958204,209923.31621043666,181485.0480219618,240673.42284585914,2.432781987728412,1.9968232030491468,3.0161196129375334
US,pf_pm,CVD (deaths),21506.2753686045,16641.7979692144,26977.2839418632,209923.31621043666,181485.0480219618,240673.42284585914,10.244824518228187,9.169790101496709,11.20908308980214
US,pf_redm,CVD (deaths),8405.53315435494,6229.1517765246,10656.327429195,209923.31621043666,181485.0480219618,240673.42284585914,4.004096975072961,3.4323223011577246,4.427712583794478
US,pf_seafood,CVD (deaths),6357.31179999595,4794.56622901612,8138.3727564539,209923.31621043666,181485.0480219618,240673.42284585914,3.0283971855813734,2.6418519218376173,3.3815004000945192
US,sodium,CVD (deaths),42819.5613826702,39435.4714555325,46387.606546244,209923.31621043666,181485.0480219618,240673.42284585914,20.39771577338552,21.729322544940644,19.274087681859765
US,ssb,CVD (deaths),7170.48946306813,4395.62832913864,10421.6504350128,209923.31621043666,181485.0480219618,240673.42284585914,3.415766096168234,2.4220333173709814,4.330204104708068
US,veg_exc_sta,CVD (deaths),19188.5382037686,16499.642026593,21882.9971813397,209923.31621043666,181485.0480219618,240673.42284585914,9.140736984420128,9.091460815326425,9.092402859685428
US,added_sugar,FL (mrh-eq),-8.67338424349553,-8.854835465551105,-8.500489267500614,50.00327547057712,43.575849137646365,56.15581235814905,-17.3456321848338,-20.320511569563816,-15.137327572231381
US,dairy_cow,FL (mrh-eq),24.708982130082823,24.289016101869276,25.07646731009663,50.00327547057712,43.575849137646365,56.15581235814905,49.4147271304698,55.73962775836153,44.65515902461637
US,dairy_soy,FL (mrh-eq),-0.1808566736077413,-0.23303619408664836,-0.12198943714100739,50.00327547057712,43.575849137646365,56.15581235814905,-0.3616896531391444,-0.5347829100255491,-0.21723385704579679
US,dairy_tot,FL (mrh-eq),0,0,0,50.00327547057712,43.575849137646365,56.15581235814905,0,0,0
US,fruit_exc_juice,FL (mrh-eq),22.11090082884292,21.387006152108434,22.797600651724807,50.00327547057712,43.575849137646365,56.15581235814905,44.218904903246575,49.07995271544029,40.59704542483844
US,fruit_juice,FL (mrh-eq),12.37758038629166,11.847408491225606,12.880632998486217,50.00327547057712,43.575849137646365,56.15581235814905,24.753539182797862,27.188015209531063,22.937310418263486
US,gr_refined,FL (mrh-eq),-2.9003870151358826,-2.9663449462829443,-2.8290383113639836,50.00327547057712,43.575849137646365,56.15581235814905,-5.800394049870844,-6.807314154482507,-5.03783703336178
US,gr_whole,FL (mrh-eq),2.8722640173545146,2.8318506991427097,2.9161904826226204,50.00327547057712,43.575849137646365,56.15581235814905,5.7441517387088155,6.498670146845622,5.193034095961106
US,leg_tot,FL (mrh-eq),1.102214881252867,1.0275445232913711,1.1708791473628675,50.00327547057712,43.575849137646365,56.15581235814905,2.204285361068859,2.3580596675135066,2.0850542413940443
US,oil,FL (mrh-eq),-0.13055073652596189,-0.18152247873168756,-0.0806850017993011,50.00327547057712,43.575849137646365,56.15581235814905,-0.2610843695685104,-0.41656670454842687,-0.14368058872465497
US,pf_egg,FL (mrh-eq),-1.013595892032809,-1.1835378596093862,-0.8517672639389379,50.00327547057712,43.575849137646365,56.15581235814905,-2.0270589926238496,-2.7160408415011137,-1.5167927026085195
US,pf_ns,FL (mrh-eq),-2.171776947229804,-2.7945473103898313,-1.5764108148552016,50.00327547057712,43.575849137646365,56.15581235814905,-4.343269369439046,-6.413064497177051,-2.8072086372844374
US,pf_pm,FL (mrh-eq),0,0,0,50.00327547057712,43.575849137646365,56.15581235814905,0,0,0
US,pf_poultry,FL (mrh-eq),0,0,0,50.00327547057712,43.575849137646365,56.15581235814905,0,0,0
US,pf_poultry_tot,FL (mrh-eq),-2.0150096825404096,-2.264814235590455,-1.7625895778482756,50.00327547057712,43.575849137646365,56.15581235814905,-4.0297553781773345,-5.197407005050925,-3.1387482503269273
US,pf_redm,FL (mrh-eq),0,0,0,50.00327547057712,43.575849137646365,56.15581235814905,0,0,0
US,pf_redm_tot,FL (mrh-eq),-11.931929437815214,-13.476164628703383,-10.483129346157344,50.00327547057712,43.575849137646365,56.15581235814905,-23.86229567068299,-30.9257648339455,-18.66793285670648
US,pf_seafood,FL (mrh-eq),13.841724939321765,12.876405647322493,14.809269336327063,50.00327547057712,43.575849137646365,56.15581235814905,27.681636470927785,29.549408450191773,26.371748024722528
US,sat_fat,FL (mrh-eq),-8.096156196558415,-8.19878345944722,-7.98291111219655,50.00327547057712,43.575849137646365,56.15581235814905,-16.191251713744926,-18.814971186330983,-14.215645321419895
US,veg_dg,FL (mrh-eq),0.8312991979414618,0.6668145792427372,0.9786694759846122,50.00327547057712,43.575849137646365,56.15581235814905,1.6624894871749234,1.5302388649649008,1.7427750305576206
US,veg_oth,FL (mrh-eq),0.1965710878597388,-0.032599915709961624,0.4128085541847165,50.00327547057712,43.575849137646365,56.15581235814905,0.3931164228939462,-0.07481188859220111,0.7351127814729437
US,veg_ro,FL (mrh-eq),7.112949176170129,6.9579968208983125,7.260287558535822,50.00327547057712,43.575849137646365,56.15581235814905,14.224966483156734,15.967553033607116,12.928826516178507
US,veg_sta,FL (mrh-eq),1.9624356504010143,1.877992616648047,2.0420169756249087,50.00327547057712,43.575849137646365,56.15581235814905,3.924614201635148,4.3097097447622605,3.6363412617048207
US,added_sugar,Food_price ($),-304.38798076368926,-310.5765692800203,-298.4117440995011,697.5968972511714,484.9157775515454,906.0713433050456,-43.63379223203363,-64.04752818070696,-32.93468514421776
US,dairy_cow,Food_price ($),0,0,0,697.5968972511714,484.9157775515454,906.0713433050456,0,0,0
US,dairy_soy,Food_price ($),0,0,0,697.5968972511714,484.9157775515454,906.0713433050456,0,0,0
US,dairy_tot,Food_price ($),236.3111626832101,231.00715137975513,240.97223894164011,697.5968972511714,484.9157775515454,906.0713433050456,33.875030639381656,47.638613151785854,26.595283111223218
US,fruit_exc_juice,Food_price ($),555.6622484155922,536.92194409553,573.2410769430319,697.5968972511714,484.9157775515454,906.0713433050456,79.65377291744528,110.72478334414609,63.26666009014698
US,fruit_juice,Food_price ($),54.442739286392914,52.106492867344706,56.69356472867274,697.5968972511714,484.9157775515454,906.0713433050456,7.804326467179036,10.745472776827912,6.2570751351514495
US,gr_refined,Food_price ($),-380.70363941821677,-390.6592177384738,-370.79098837661604,697.5968972511714,484.9157775515454,906.0713433050456,-54.57358553605257,-80.56228232271688,-40.9229351657999
US,gr_whole,Food_price ($),271.8289844117271,268.03943085743754,275.7391139456737,697.5968972511714,484.9157775515454,906.0713433050456,38.96648415192914,55.27546086679879,30.43238437934363
US,leg_tot,Food_price ($),30.34823674770337,28.23724222292916,32.28974837709423,697.5968972511714,484.9157775515454,906.0713433050456,4.350397323624622,5.823123010248437,3.5637092614928103
US,oil,Food_price ($),-2.5557202503546588,-3.765054686819966,-1.3907507515456106,697.5968972511714,484.9157775515454,906.0713433050456,-0.36636061032170353,-0.7764347668435576,-0.15349241114641332
US,pf_egg,Food_price ($),-85.55926478691174,-104.77545272670976,-64.39502841554325,697.5968972511714,484.9157775515454,906.0713433050456,-12.264857416088237,-21.606938271991446,-7.107059382393851
US,pf_ns,Food_price ($),-11.182278015544846,-14.831638310940127,-7.601502335852439,697.5968972511714,484.9157775515454,906.0713433050456,-1.6029712946843342,-3.058600894742708,-0.8389518542904909
US,pf_pm,Food_price ($),-62.91712156222055,-73.5816705107313,-53.31593893573238,697.5968972511714,484.9157775515454,906.0713433050456,-9.019122907533102,-15.174113509414477,-5.884298110704356
US,pf_poultry,Food_price ($),-133.53534215419734,-152.28848875960136,-115.09184998993426,697.5968972511714,484.9157775515454,906.0713433050456,-19.142192673216208,-31.405142049314627,-12.702294454001562
US,pf_poultry_tot,Food_price ($),0,0,0,697.5968972511714,484.9157775515454,906.0713433050456,0,0,0
US,pf_redm,Food_price ($),-222.15128279702037,-262.7087748057595,-182.1178238847467,697.5968972511714,484.9157775515454,906.0713433050456,-31.8452223156942,-54.17616562864552,-20.099722304475684
US,pf_redm_tot,Food_price ($),0,0,0,697.5968972511714,484.9157775515454,906.0713433050456,0,0,0
US,pf_seafood,Food_price ($),476.754434025605,439.17402951734033,513.9839880759451,697.5968972511714,484.9157775515454,906.0713433050456,68.34239600322483,90.56707367510994,56.726657550067
US,sat_fat,Food_price ($),-31.885774848203006,-32.39032720385866,-31.3752662706814,697.5968972511714,484.9157775515454,906.0713433050456,-4.5708022747587504,-6.679577919160538,-3.4627809942906826
US,veg_dg,Food_price ($),27.174437911929605,20.91177327585554,32.90893240614084,697.5968972511714,484.9157775515454,906.0713433050456,3.8954356045745695,4.312454707381153,3.6320464883151526
US,veg_oth,Food_price ($),24.430399896236548,6.226142607487226,41.96389289059939,697.5968972511714,484.9157775515454,906.0713433050456,3.5020797816765983,1.2839637099301027,4.631411555024919
US,veg_ro,Food_price ($),178.8474218229825,174.95737824777848,182.58685323336144,697.5968972511714,484.9157775515454,906.0713433050456,25.63764582780076,36.07995168381192,20.151487471984886
US,veg_sta,Food_price ($),76.6752366461506,72.91138650300205,80.18282682303932,697.5968972511714,484.9157775515454,906.0713433050456,10.99133854354623,15.03588661749653,8.849504778570653
US,added_sugar,GHG (kgCO2eq),-19.257731063195564,-19.659142665556868,-18.87677773523973,100.71361402695786,60.33978280915909,139.49566876522022,-19.12127893458463,-32.58073156765286,-13.532160462279663
US,dairy_cow,GHG (kgCO2eq),201.8373937340721,198.40686599540516,204.83922726081926,100.71361402695786,60.33978280915909,139.49566876522022,200.40725941981052,328.8160095354016,146.84271495595772
US,dairy_soy,GHG (kgCO2eq),-0.16546489151933635,-0.21320368115504004,-0.1116075430360989,100.71361402695786,60.33978280915909,139.49566876522022,-0.16429247735568958,-0.35333849614499685,-0.08000789130158677
US,dairy_tot,GHG (kgCO2eq),0,0,0,100.71361402695786,60.33978280915909,139.49566876522022,0,0,0
US,fruit_exc_juice,GHG (kgCO2eq),47.442715301281076,45.88173794454266,48.99506598859354,100.71361402695786,60.33978280915909,139.49566876522022,47.10655630785145,76.03895110072915,35.12300161165236
US,fruit_juice,GHG (kgCO2eq),24.670348150079807,23.591894387983114,25.6730022928357,100.71361402695786,60.33978280915909,139.49566876522022,24.495544508487534,39.09840786566778,18.404157290392252
US,gr_refined,GHG (kgCO2eq),-22.366895066752573,-22.88022164642297,-21.82351024394655,100.71361402695786,60.33978280915909,139.49566876522022,-22.20841271842917,-37.91896586500464,-15.644579102077255
US,gr_whole,GHG (kgCO2eq),25.39687072969973,25.047579525093436,25.76285186386027,100.71361402695786,60.33978280915909,139.49566876522022,25.216919256717162,41.51088777417909,18.468567584862246
US,leg_tot,GHG (kgCO2eq),4.497364304667854,4.200115674192907,4.77058334546487,100.71361402695786,60.33978280915909,139.49566876522022,4.465497885384245,6.960773603506182,3.4198791888614513
US,oil,GHG (kgCO2eq),-0.4097349317750335,-0.5665455166556381,-0.25221725155864433,100.71361402695786,60.33978280915909,139.49566876522022,-0.4068317235298104,-0.9389253495450784,-0.18080651090546868
US,pf_egg,GHG (kgCO2eq),-11.430520340425415,-13.289732129690577,-9.655917970986186,100.71361402695786,60.33978280915909,139.49566876522022,-11.349528512963328,-22.024825929060693,-6.922019913921263
US,pf_ns,GHG (kgCO2eq),-1.3971856813123358,-1.8375052987472247,-0.9682966308327896,100.71361402695786,60.33978280915909,139.49566876522022,-1.3872858151414895,-3.045263362247811,-0.6941410005084045
US,pf_pm,GHG (kgCO2eq),0,0,0,100.71361402695786,60.33978280915909,139.49566876522022,0,0,0
US,pf_poultry,GHG (kgCO2eq),0,0,0,100.71361402695786,60.33978280915909,139.49566876522022,0,0,0
US,pf_poultry_tot,GHG (kgCO2eq),-19.50370555538842,-21.914741642336466,-17.053702014850494,100.71361402695786,60.33978280915909,139.49566876522022,-19.365510555671147,-36.3188938078345,-12.225255569442032
US,pf_redm,GHG (kgCO2eq),0,0,0,100.71361402695786,60.33978280915909,139.49566876522022,0,0,0
US,pf_redm_tot,GHG (kgCO2eq),-155.19061708856188,-175.0672593182372,-136.47102913241972,100.71361402695786,60.33978280915909,139.49566876522022,-154.0910020834147,-290.13571340144665,-97.83173222539895
US,pf_seafood,GHG (kgCO2eq),74.93561918197416,70.05763741851692,79.96037990726286,100.71361402695786,60.33978280915909,139.49566876522022,74.40465711211223,116.10521973553199,57.32104847057373
US,sat_fat,GHG (kgCO2eq),-84.1669963074048,-85.22535987045698,-83.00700017468448,100.71361402695786,60.33978280915909,139.49566876522022,-83.57062460778734,-141.24240410345075,-59.50507346173619
US,veg_dg,GHG (kgCO2eq),1.7865618361515678,1.3969724715297338,2.153488873925708,100.71361402695786,60.33978280915909,139.49566876522022,1.773903015408981,2.315176499637126,1.5437675542099893
US,veg_oth,GHG (kgCO2eq),0.33418260657586274,-0.2614090933075304,0.8859007197940186,100.71361402695786,60.33978280915909,139.49566876522022,0.3318147301182267,-0.43322842930062827,0.6350739973762511
US,veg_ro,GHG (kgCO2eq),20.50552732691668,20.067140246124225,20.927016646970056,100.71361402695786,60.33978280915909,139.49566876522022,20.360233842296633,33.2568983710001,15.001911408583954
US,veg_sta,GHG (kgCO2eq),13.195881781874387,12.60496000833745,13.748210563248625,100.71361402695786,60.33978280915909,139.49566876522022,13.10238135069035,20.88996582603562,9.855654075100862
US,added_sugar,WATER (litereq),-13719.100482838552,-14004.500516435788,-13447.453586995895,249363.5608916803,217629.12467130707,279807.45645997394,-5.501646043945418,-6.435030484815522,-4.80596684488983
US,dairy_cow,WATER (litereq),56505.369798548716,55544.9767074006,57345.74783932941,249363.5608916803,217629.12467130707,279807.45645997394,22.65983433846366,25.52276805381271,20.494717533566742
US,dairy_soy,WATER (litereq),-14.424953995553636,-18.58674226359825,-9.72975994526527,249363.5608916803,217629.12467130707,279807.45645997394,-0.005784708055969578,-0.008540558296905554,-0.0034773054543873814
US,dairy_tot,WATER (litereq),0,0,0,249363.5608916803,217629.12467130707,279807.45645997394,0,0,0
US,fruit_exc_juice,WATER (litereq),164575.13154578826,158565.02923577817,170204.12445082876,249363.5608916803,217629.12467130707,279807.45645997394,65.99806762355193,72.86020631441886,60.82901671177452
US,fruit_juice,WATER (litereq),67437.79567518839,64625.925077046646,70260.601655828,249363.5608916803,217629.12467130707,279807.45645997394,27.04396561953265,29.695439511900556,25.110339282855627
US,gr_refined,WATER (litereq),-34567.882122503725,-35368.74271112573,-33717.18725175549,249363.5608916803,217629.12467130707,279807.45645997394,-13.862443253094018,-16.25184256222341,-12.050138934227682
US,gr_whole,WATER (litereq),45701.64040735616,45024.420432602106,46419.35550439053,249363.5608916803,217629.12467130707,279807.45645997394,18.327313038013703,20.68860061841634,16.58974928390829
US,leg_tot,WATER (litereq),5324.1947539944695,4797.158276707746,5815.848869317726,249363.5608916803,217629.12467130707,279807.45645997394,2.1351133802212656,2.204281381893652,2.078518186362083
US,oil,WATER (litereq),-290.1858285128894,-398.75138028423817,-178.867940768957,249363.5608916803,217629.12467130707,279807.45645997394,-0.11637058256436339,-0.18322519142899021,-0.06392536604704235
US,pf_egg,WATER (litereq),-3143.880911191344,-3655.2434983747435,-2655.7895253159595,249363.5608916803,217629.12467130707,279807.45645997394,-1.2607619573402697,-1.679574599169751,-0.9491489465349063
US,pf_ns,WATER (litereq),-18434.224407276954,-24269.432531944047,-12782.25942409318,249363.5608916803,217629.12467130707,279807.45645997394,-7.392509290996409,-11.151739257601218,-4.5682340227132805
US,pf_pm,WATER (litereq),0,0,0,249363.5608916803,217629.12467130707,279807.45645997394,0,0,0
US,pf_poultry,WATER (litereq),0,0,0,249363.5608916803,217629.12467130707,279807.45645997394,0,0,0
US,pf_poultry_tot,WATER (litereq),-9239.741163438792,-10386.27124387914,-8084.809296866795,249363.5608916803,217629.12467130707,279807.45645997394,-3.7053293313582385,-4.772463823289227,-2.8894188164793655
US,pf_redm,WATER (litereq),0,0,0,249363.5608916803,217629.12467130707,279807.45645997394,0,0,0
US,pf_redm_tot,WATER (litereq),-45942.034433553985,-51826.62489036366,-40393.28364833991,249363.5608916803,217629.12467130707,279807.45645997394,-18.423716067124378,-23.814195351214703,-14.436099794973872
US,pf_seafood,WATER (litereq),2889.584054531812,2694.9026003108384,3087.1859504150825,249363.5608916803,217629.12467130707,279807.45645997394,1.1587836026238825,1.2383005281949486,1.1033251184486215
US,sat_fat,WATER (litereq),-25043.199579888333,-25356.92495568934,-24698.844135115934,249363.5608916803,217629.12467130707,279807.45645997394,-10.042846472972332,-11.651439114129047,-8.827085756611734
US,veg_dg,WATER (litereq),12210.259978014965,9714.187660073952,14584.710785846572,249363.5608916803,217629.12467130707,279807.45645997394,4.896569464421032,4.463643216295444,5.2124096228053505
US,veg_oth,WATER (litereq),1720.7317899831455,36.76739067346086,3285.9130192271805,249363.5608916803,217629.12467130707,279807.45645997394,0.6900494137275354,0.016894517555493524,1.1743479108095982
US,veg_ro,WATER (litereq),23322.81251339208,22781.842993433802,23828.192320759234,249363.5608916803,217629.12467130707,279807.45645997394,9.352935300568294,10.468195848254236,8.515924708449585
US,veg_sta,WATER (litereq),20070.714258082422,19128.992767640015,20944.000633228858,249363.5608916803,217629.12467130707,279807.45645997394,8.048775926327437,8.789720951426517,7.48514742895169
Veg,added_sugar,BLUEWATER (L),-3695.2353032972924,-3773.1616866410386,-3619.5128273017467,-3499.637122468255,-8886.283235024139,1981.6626204850832,105.58909892609336,42.460515682975405,-182.65030534893677
Veg,dairy_cow,BLUEWATER (L),13483.349380516323,13278.046236621329,13714.40432201472,-3499.637122468255,-8886.283235024139,1981.6626204850832,-385.27849913212344,-149.42182108586888,692.065550424402
Veg,dairy_soy,BLUEWATER (L),-8.129004661283298,-10.576300669705269,-5.460325836456541,-3499.637122468255,-8886.283235024139,1981.6626204850832,0.23228135880413803,0.11901827108121138,-0.27554265695943386
Veg,dairy_tot,BLUEWATER (L),0,0,0,-3499.637122468255,-8886.283235024139,1981.6626204850832,-0,-0,0
Veg,fruit_exc_juice,BLUEWATER (L),22254.7824675387,21446.102489355122,23108.616245053894,-3499.637122468255,-8886.283235024139,1981.6626204850832,-635.9168590554511,-241.33939828552928,1166.1226288558255
Veg,fruit_juice,BLUEWATER (L),7883.7968918993965,7575.746735169573,8202.658668595337,-3499.637122468255,-8886.283235024139,1981.6626204850832,-225.27469609017757,-85.25214124743115,413.9281118693878
Veg,gr_refined,BLUEWATER (L),-10993.96893094031,-11226.172702690643,-10748.160692623074,-3499.637122468255,-8886.283235024139,1981.6626204850832,314.1459684593352,126.33147521614134,-542.3809573595366
Veg,gr_whole,BLUEWATER (L),12173.889916544927,12011.319688543688,12322.350653799887,-3499.637122468255,-8886.283235024139,1981.6626204850832,-347.86149222119406,-135.1669688087661,621.8187963187977
Veg,leg_tot,BLUEWATER (L),10022.819715868374,9914.395781614627,10132.952580282503,-3499.637122468255,-8886.283235024139,1981.6626204850832,-286.3959709285342,-111.56965763299458,511.33590932860704
Veg,oil,BLUEWATER (L),-103.13193897381505,-143.45031100811303,-64.54912843244863,-3499.637122468255,-8886.283235024139,1981.6626204850832,2.946932363692532,1.6142892052182418,-3.257321794597302
Veg,pf_egg,BLUEWATER (L),-1925.8181314264307,-2163.639119925126,-1723.956758373552,-3499.637122468255,-8886.283235024139,1981.6626204850832,55.029080559877386,24.348077398629627,-86.99547241555939
Veg,pf_ns,BLUEWATER (L),4964.329261512823,3998.2307580968427,5972.463534443212,-3499.637122468255,-8886.283235024139,1981.6626204850832,-141.8526860868231,-44.99328518292476,301.386496001082
Veg,pf_pm,BLUEWATER (L),0,0,0,-3499.637122468255,-8886.283235024139,1981.6626204850832,-0,-0,0
Veg,pf_poultry,BLUEWATER (L),0,0,0,-3499.637122468255,-8886.283235024139,1981.6626204850832,-0,-0,0
Veg,pf_poultry_tot,BLUEWATER (L),-20917.025257735233,-21426.576967887406,-20414.948366581746,-3499.637122468255,-8886.283235024139,1981.6626204850832,597.6912612866184,241.11967175924934,-1030.1929377657866
Veg,pf_redm,BLUEWATER (L),0,0,0,-3499.637122468255,-8886.283235024139,1981.6626204850832,-0,-0,0
Veg,pf_redm_tot,BLUEWATER (L),-39593.82215376456,-40561.30662616456,-38582.781425067136,-3499.637122468255,-8886.283235024139,1981.6626204850832,1131.3693611136312,456.44850105944636,-1946.9904223970584
Veg,pf_seafood,BLUEWATER (L),-484.51182471326825,-511.2351608423789,-457.4474609672839,-3499.637122468255,-8886.283235024139,1981.6626204850832,13.844630393323392,5.753081995264471,-23.084023296322115
Veg,sat_fat,BLUEWATER (L),-5286.482659960616,-5364.43244079187,-5214.3664479336785,-3499.637122468255,-8886.283235024139,1981.6626204850832,151.05802330248795,60.36756086784013,-263.1308878731978
Veg,veg_dg,BLUEWATER (L),980.955918439638,783.5531081615065,1176.2817576894086,-3499.637122468255,-8886.283235024139,1981.6626204850832,-28.030218108664386,-8.817557210794643,59.35832595971716
Veg,veg_oth,BLUEWATER (L),195.6390446726951,9.238283164381055,368.4336066512887,-3499.637122468255,-8886.283235024139,1981.6626204850832,-5.5902665855456775,-0.10396116036420665,18.5921459507119
Veg,veg_ro,BLUEWATER (L),3018.498087742651,2951.957543323515,3085.226484135949,-3499.637122468255,-8886.283235024139,1981.6626204850832,-86.2517450270312,-33.21926012541166,155.68878638790332
Veg,veg_sta,BLUEWATER (L),4530.427398269025,4325.677457546116,4729.458200936007,-3499.637122468255,-8886.283235024139,1981.6626204850832,-129.4542045283188,-48.678140715760854,238.66111981151982
Veg,dairy_tot,Cancer (cases),10758.560465923,9945.73971038599,11508.3558715006,86509.0391906922,76492.9610101995,96980.6098471125,12.43634256786492,13.002163308934836,11.86665653025201
Veg,fruit_exc_juice,Cancer (cases),5001.45979474112,3923.87892692775,6135.48851900182,86509.0391906922,76492.9610101995,96980.6098471125,5.781430289286168,5.129725500369299,6.326510555743322
Veg,gr_whole,Cancer (cases),29263.258955636,26993.0190943881,31424.8473110372,86509.0391906922,76492.9610101995,96980.6098471125,33.8268222944089,35.288239254836625,32.403227161159
Veg,leg_tot,Cancer (cases),13214.9730852266,12122.7008912036,14378.5638062007,86509.0391906922,76492.9610101995,96980.6098471125,15.275829218374263,15.848126064288673,14.826225395847835
Veg,pf_ns,Cancer (cases),620.024655163077,506.657242665283,750.828480155817,86509.0391906922,76492.9610101995,96980.6098471125,0.7167166124644551,0.6623579947411445,0.7742047418958071
Veg,pf_pm,Cancer (cases),14009.0897748626,12201.6207775806,15859.8130578614,86509.0391906922,76492.9610101995,96980.6098471125,16.193787268845178,15.951298807681985,16.353591798261526
Veg,pf_redm,Cancer (cases),9496.45098314288,7481.6631621433,11805.8887628419,86509.0391906922,76492.9610101995,96980.6098471125,10.977408918170756,9.780851810855774,12.17345279788773
Veg,pf_seafood,Cancer (cases),0,0,0,86509.0391906922,76492.9610101995,96980.6098471125,0,0,0
Veg,sodium,Cancer (cases),0,0,0,86509.0391906922,76492.9610101995,96980.6098471125,0,0,0
Veg,ssb,Cancer (cases),337.809897750778,184.5432635719,535.68691265602,86509.0391906922,76492.9610101995,96980.6098471125,0.3904908676723855,0.2412552228789956,0.552364966048901
Veg,veg_exc_sta,Cancer (cases),3807.41157824615,3133.13794133299,4581.13712585705,86509.0391906922,76492.9610101995,96980.6098471125,4.401171962912983,4.09598203541267,4.723766052903872
Veg,added_sugar,CED (mJ),-186.35081981309995,-190.1915637152256,-182.51236291285855,-2264.7271396927936,-2483.9170339699795,-2041.0108204259832,8.228400523269135,7.656920948412171,8.94225356800245
Veg,dairy_cow,CED (mJ),1087.245179155832,1070.690327155339,1105.8765565810313,-2264.7271396927936,-2483.9170339699795,-2041.0108204259832,-48.00777807181288,-43.104915039939264,-54.182787543978904
Veg,dairy_soy,CED (mJ),-1.0591544742739818,-1.3780206362702256,-0.7114436246077614,-2264.7271396927936,-2483.9170339699795,-2041.0108204259832,0.04676742092725812,0.05547772399095679,0.034857415624052146
Veg,dairy_tot,CED (mJ),0,0,0,-2264.7271396927936,-2483.9170339699795,-2041.0108204259832,-0,-0,-0
Veg,fruit_exc_juice,CED (mJ),361.5839472331421,349.85738901672835,373.86660424774203,-2264.7271396927936,-2483.9170339699795,-2041.0108204259832,-15.965894561681736,-14.08490638906568,-18.317717892828792
Veg,fruit_juice,CED (mJ),194.86111233898438,187.0841766383489,202.69255456767988,-2264.7271396927936,-2483.9170339699795,-2041.0108204259832,-8.60417614659826,-7.531820671938353,-9.930988730641593
Veg,gr_refined,CED (mJ),-128.25499858657085,-131.0941880115608,-125.41094365696706,-2264.7271396927936,-2483.9170339699795,-2041.0108204259832,5.66315457340121,5.27772007755172,6.144550651171576
Veg,gr_whole,CED (mJ),198.60695431810683,196.10346182820157,200.97168157011083,-2264.7271396927936,-2483.9170339699795,-2041.0108204259832,-8.769575408764146,-7.894928016769326,-9.846673989124941
Veg,leg_tot,CED (mJ),169.13674218835337,167.40181382425723,170.8074866144278,-2264.7271396927936,-2483.9170339699795,-2041.0108204259832,-7.468305528907844,-6.739428553163199,-8.368769283583624
Veg,oil,CED (mJ),-3.3298872289307484,-4.6373973899691485,-2.0578765303405744,-2264.7271396927936,-2483.9170339699795,-2041.0108204259832,0.14703260143658817,0.18669695189284635,0.10082634103385454
Veg,pf_egg,CED (mJ),-98.44739235536736,-110.60474812173477,-88.1282840916962,-2264.7271396927936,-2483.9170339699795,-2041.0108204259832,4.346986912018089,4.45283584794127,4.31787441838759
Veg,pf_ns,CED (mJ),13.586366823125513,10.973499721211017,16.140762338418234,-2264.7271396927936,-2483.9170339699795,-2041.0108204259832,-0.5999118650986132,-0.44178205516278296,-0.7908219876585203
Veg,pf_pm,CED (mJ),0,0,0,-2264.7271396927936,-2483.9170339699795,-2041.0108204259832,-0,-0,-0
Veg,pf_poultry,CED (mJ),0,0,0,-2264.7271396927936,-2483.9170339699795,-2041.0108204259832,-0,-0,-0
Veg,pf_poultry_tot,CED (mJ),-653.5167152305787,-669.4297552066881,-637.8281367375484,-2264.7271396927936,-2483.9170339699795,-2041.0108204259832,28.85631137529562,26.950568237649875,31.250600455142425
Veg,pf_redm,CED (mJ),0,0,0,-2264.7271396927936,-2483.9170339699795,-2041.0108204259832,-0,-0,-0
Veg,pf_redm_tot,CED (mJ),-1742.7838334834166,-1785.3536519751215,-1697.9998993528677,-2264.7271396927936,-2483.9170339699795,-2041.0108204259832,76.95336903675832,71.87654126762992,83.19406650663788
Veg,pf_seafood,CED (mJ),-1484.7650312154522,-1561.7671323299153,-1405.1829261779417,-2264.7271396927936,-2483.9170339699795,-2041.0108204259832,65.56043795266471,62.875173001804484,68.84740208700428
Veg,sat_fat,CED (mJ),-296.8513394155717,-301.29620803065905,-292.698768521233,-2264.7271396927936,-2483.9170339699795,-2041.0108204259832,13.107598448077903,12.129882114021546,14.34087294354193
Veg,veg_dg,CED (mJ),15.761639387845413,12.311601721296888,19.176584245248478,-2264.7271396927936,-2483.9170339699795,-2041.0108204259832,-0.6959619599023065,-0.4956526950346477,-0.9395630857677716
Veg,veg_oth,CED (mJ),3.146374200570483,-0.3670551620870497,6.431533039045844,-2264.7271396927936,-2483.9170339699795,-2041.0108204259832,-0.13892950481430993,0.014777271425221278,-0.3151150878123961
Veg,veg_ro,CED (mJ),170.1368528251779,166.50918256940935,173.74676029786292,-2264.7271396927936,-2483.9170339699795,-2041.0108204259832,-7.51246584382155,-6.703492117177605,-8.512779969564292
Veg,veg_sta,CED (mJ),116.56686363933082,111.27123413445982,121.80929767851053,-2264.7271396927936,-2483.9170339699795,-2041.0108204259832,-5.147059952447204,-4.479667904069159,-5.968086815585205
Veg,dairy_tot,CVD (deaths),0,0,0,344129.99195613543,303677.19103956607,385641.92133136553,0,0,0
Veg,fruit_exc_juice,CVD (deaths),39346.7270002041,35468.4109076334,43296.5708134953,344129.99195613543,303677.19103956607,385641.92133136553,11.433681434316668,11.679642710806101,11.227143217215852
Veg,gr_whole,CVD (deaths),50128.7648128309,45569.5439834725,54658.3668726959,344129.99195613543,303677.19103956607,385641.92133136553,14.566810793759752,15.005915929173371,14.173346788647056
Veg,leg_tot,CVD (deaths),43246.502182224,40193.6984939308,46355.1373216092,344129.99195613543,303677.19103956607,385641.92133136553,12.566908782462768,13.235665924179985,12.020253701043623
Veg,pf_ns,CVD (deaths),38360.2537136558,31185.8175080339,46153.4702558378,344129.99195613543,303677.19103956607,385641.92133136553,11.147024267081433,10.26939738255505,11.967959836031442
Veg,pf_pm,CVD (deaths),66719.1490036747,56821.1621107491,75989.1892373499,344129.99195613543,303677.19103956607,385641.92133136553,19.387775132421197,18.71104046907029,19.704597719825085
Veg,pf_redm,CVD (deaths),37149.9801248133,34107.8162243897,40494.9408492254,344129.99195613543,303677.19103956607,385641.92133136553,10.795333447585303,11.231602909533564,10.50065841115594
Veg,pf_seafood,CVD (deaths),0.0260692257065251,9.25265957035037e-8,1.99181855553147,344129.99195613543,303677.19103956607,385641.92133136553,7.575400667154875e-6,3.0468734048402214e-11,5.164943034862608e-4
Veg,sodium,CVD (deaths),42819.5613826702,39435.4714555325,46387.606546244,344129.99195613543,303677.19103956607,385641.92133136553,12.442844966598612,12.98598400509917,12.02867322777005
Veg,ssb,CVD (deaths),7170.48946306813,4395.62832913864,10421.6504350128,344129.99195613543,303677.19103956607,385641.92133136553,2.0836572314749358,1.447467395918429,2.702416376060403
Veg,veg_exc_sta,CVD (deaths),19188.5382037686,16499.642026593,21882.9971813397,344129.99195613543,303677.19103956607,385641.92133136553,5.575956368898666,5.433283273633568,5.6744342279470645
Veg,added_sugar,FL (mrh-eq),-8.6342695131766,-8.8150989646229,-8.458487670088765,-22.651474840410597,-28.77696186261663,-16.431081182981696,38.11791317787804,30.632486524139836,51.47858242493224
Veg,dairy_cow,FL (mrh-eq),24.7079658740768,24.331752002430918,25.131369395595595,-22.651474840410597,-28.77696186261663,-16.431081182981696,-109.07883944932975,-84.55288684953096,-152.95018700062855
Veg,dairy_soy,FL (mrh-eq),-0.17770270227020615,-0.23120139393942868,-0.11936450978254741,-22.651474840410597,-28.77696186261663,-16.431081182981696,0.7845083091595505,0.8034253061292622,0.7264556023627821
Veg,dairy_tot,FL (mrh-eq),0,0,0,-22.651474840410597,-28.77696186261663,-16.431081182981696,-0,-0,-0
Veg,fruit_exc_juice,FL (mrh-eq),22.156413475359646,21.439160186293428,22.864025944572315,-22.651474840410597,-28.77696186261663,-16.431081182981696,-97.81444092034239,-74.50112450593494,-139.15107405259167
Veg,fruit_juice,FL (mrh-eq),12.369029462388568,11.887694037922023,12.85058610023431,-22.651474840410597,-28.77696186261663,-16.431081182981696,-54.60584597485908,-41.30976054621319,-78.2090110633995
Veg,gr_refined,FL (mrh-eq),-2.9005321800135215,-2.962175044037082,-2.8333283150696738,-22.651474840410597,-28.77696186261663,-16.431081182981696,12.805047796883077,10.293564199649454,17.24371198411618
Veg,gr_whole,FL (mrh-eq),3.5514870110362775,3.503007034482892,3.5935035140852367,-22.651474840410597,-28.77696186261663,-16.431081182981696,-15.678833436047915,-12.172956447614274,-21.870158598006118
Veg,leg_tot,FL (mrh-eq),7.009417988458829,6.9389320007872595,7.078738326637432,-22.651474840410597,-28.77696186261663,-16.431081182981696,-30.944642844861974,-24.11280257420585,-43.081390979731474
Veg,oil,FL (mrh-eq),-0.1299810206049277,-0.18147283728570718,-0.08133354347265155,-22.651474840410597,-28.77696186261663,-16.431081182981696,0.5738302760447168,0.630618472346289,0.4949981231721491
Veg,pf_egg,FL (mrh-eq),-1.424950951623877,-1.5962245610453891,-1.2735484708712737,-22.651474840410597,-28.77696186261663,-16.431081182981696,6.290764560203124,5.5468835406110095,7.750850091291235
Veg,pf_ns,FL (mrh-eq),3.139162447672358,2.5012793744912334,3.786922861631378,-22.651474840410597,-28.77696186261663,-16.431081182981696,-13.858534465367534,-8.691950826610983,-23.047313925718047
Veg,pf_pm,FL (mrh-eq),0,0,0,-22.651474840410597,-28.77696186261663,-16.431081182981696,-0,-0,-0
Veg,pf_poultry,FL (mrh-eq),0,0,0,-22.651474840410597,-28.77696186261663,-16.431081182981696,-0,-0,-0
Veg,pf_poultry_tot,FL (mrh-eq),-9.77388249286797,-10.010796368644568,-9.541153090807711,-22.651474840410597,-28.77696186261663,-16.431081182981696,43.148989466377735,34.78753739340817,58.06771316235629
Veg,pf_redm,FL (mrh-eq),0,0,0,-22.651474840410597,-28.77696186261663,-16.431081182981696,-0,-0,-0
Veg,pf_redm_tot,FL (mrh-eq),-58.24414388311935,-59.66806423078714,-56.74216025319622,-22.651474840410597,-28.77696186261663,-16.431081182981696,257.1317951412632,207.34664248313268,345.3343064969228
Veg,pf_seafood,FL (mrh-eq),-16.653527689084335,-17.522136231639358,-15.759249698116138,-22.651474840410597,-28.77696186261663,-16.431081182981696,73.52072130585586,60.88945843307347,95.91121559571259
Veg,sat_fat,FL (mrh-eq),-7.736467473880923,-7.851672527585855,-7.628088277038683,-22.651474840410597,-28.77696186261663,-16.431081182981696,34.154365348780466,27.284577729470982,46.424749485988706
Veg,veg_dg,FL (mrh-eq),0.8347535176466846,0.6790825938731564,0.9932703778122276,-22.651474840410597,-28.77696186261663,-16.431081182981696,-3.685206034167236,-2.359813371248666,-6.0450701128602295
Veg,veg_oth,FL (mrh-eq),0.18430883561371203,-0.0491392058637325,0.39967759690947885,-22.651474840410597,-28.77696186261663,-16.431081182981696,-0.8136725617746624,0.17075883860960286,-2.432448555627857
Veg,veg_ro,FL (mrh-eq),7.1111247720559145,6.95728187191549,7.264536254338904,-22.651474840410597,-28.77696186261663,-16.431081182981696,-31.393650180206162,-24.17656841305929,-44.212162142215355
Veg,veg_sta,FL (mrh-eq),1.9603196819223279,1.872830400638129,2.043002273645089,-22.651474840410597,-28.77696186261663,-16.431081182981696,-8.654269515489057,-6.508089386152581,-12.433766536076183
Veg,added_sugar,Food_price ($),-303.0630840573089,-309.5379288382319,-296.9628239425549,-1690.3533413806606,-1900.0301063947488,-1480.7533999422474,17.928978317028708,16.291211796931524,20.054846671575234
Veg,dairy_cow,Food_price ($),0,0,0,-1690.3533413806606,-1900.0301063947488,-1480.7533999422474,-0,-0,-0
Veg,dairy_soy,Food_price ($),0,0,0,-1690.3533413806606,-1900.0301063947488,-1480.7533999422474,-0,-0,-0
Veg,dairy_tot,Food_price ($),236.35784868321304,231.50462602417923,241.1576180061298,-1690.3533413806606,-1900.0301063947488,-1480.7533999422474,-13.982748038357398,-12.184260935920243,-16.286143122516922
Veg,fruit_exc_juice,Food_price ($),555.9992613439496,538.2168306072846,575.751885541819,-1690.3533413806606,-1900.0301063947488,-1480.7533999422474,-32.89248748961658,-28.326752760172585,-38.88236120641523
Veg,fruit_juice,Food_price ($),54.41176549457453,52.25437086709124,56.59285856210429,-1690.3533413806606,-1900.0301063947488,-1480.7533999422474,-3.2189580818724943,-2.7501864676366825,-3.821896243109186
Veg,gr_refined,Food_price ($),-380.8278167825838,-389.49672693610114,-371.7887337618314,-1690.3533413806606,-1900.0301063947488,-1480.7533999422474,22.529479929416894,20.499502909201777,25.108079020877618
Veg,gr_whole,Food_price ($),335.7818766735639,331.5697100361377,339.5757747130217,-1690.3533413806606,-1900.0301063947488,-1480.7533999422474,-19.86459685401049,-17.45076085479937,-22.93263515223169
Veg,leg_tot,Food_price ($),192.5279457810561,190.52542160932094,194.50543763569564,-1690.3533413806606,-1900.0301063947488,-1480.7533999422474,-11.389804786246737,-10.027494878533126,-13.135572583745663
Veg,oil,Food_price ($),-2.5434893019546085,-3.7404965341523364,-1.3135987013150456,-1690.3533413806606,-1900.0301063947488,-1480.7533999422474,0.15047086545095456,0.19686511921907482,0.08871151005739908
Veg,pf_egg,Food_price ($),-123.0398733047336,-144.20234048090282,-103.53238739991126,-1690.3533413806606,-1900.0301063947488,-1480.7533999422474,7.278944010856103,7.589476608585036,6.99187234038762
Veg,pf_ns,Food_price ($),23.348765040698087,19.654322907490638,27.064886216603032,-1690.3533413806606,-1900.0301063947488,-1480.7533999422474,-1.381294932196075,-1.0344216568643818,-1.8277780903733614
Veg,pf_pm,Food_price ($),-312.68543366860183,-323.4023327468729,-302.34909414889233,-1690.3533413806606,-1900.0301063947488,-1480.7533999422474,18.498229098846522,17.02090570346379,20.418598678259634
Veg,pf_poultry,Food_price ($),-606.2557371933776,-625.2864883196215,-586.4731825896063,-1690.3533413806606,-1900.0301063947488,-1480.7533999422474,35.86562184082738,32.90929371146041,39.60640459191112
Veg,pf_poultry_tot,Food_price ($),0,0,0,-1690.3533413806606,-1900.0301063947488,-1480.7533999422474,-0,-0,-0
Veg,pf_redm,Food_price ($),-1096.1431909074192,-1135.238217087334,-1057.6270641050587,-1690.3533413806606,-1900.0301063947488,-1480.7533999422474,64.84698577944079,59.748433104642494,71.42492896834196
Veg,pf_redm_tot,Food_price ($),0,0,0,-1690.3533413806606,-1900.0301063947488,-1480.7533999422474,-0,-0,-0
Veg,pf_seafood,Food_price ($),-540.5289129160357,-576.2350916879525,-503.05924246913196,-1690.3533413806606,-1900.0301063947488,-1480.7533999422474,31.977273608045643,30.327682164012735,33.973195164620414
Veg,sat_fat,Food_price ($),-30.467896122134704,-30.98701679428561,-29.949160901409176,-1690.3533413806606,-1900.0301063947488,-1480.7533999422474,1.8024572363816482,1.6308697788522182,2.022562359308259
Veg,veg_dg,Food_price ($),27.328167771485973,20.89388267743463,33.57055338634328,-1690.3533413806606,-1900.0301063947488,-1480.7533999422474,-1.6167133286561644,-1.09966061101422,-2.2671265443424007
Veg,veg_oth,Food_price ($),23.972209711437067,5.5255414131127,41.32740876132038,-1690.3533413806606,-1900.0301063947488,-1480.7533999422474,-1.4181774380885863,-0.29081336103653915,-2.7909717285087603
Veg,veg_ro,Food_price ($),178.8290590533574,175.005940634713,182.57151711537344,-1690.3533413806606,-1900.0301063947488,-1480.7533999422474,-10.579389212630062,-9.210693033005757,-12.329636867455049
Veg,veg_sta,Food_price ($),76.6451933201538,72.9458862539413,80.18394813905314,-1690.3533413806606,-1900.0301063947488,-1480.7533999422474,-4.534270524620072,-3.8391963373861464,-5.415077766640987
Veg,added_sugar,GHG (kgCO2eq),-19.168375880939852,-19.571028838254822,-18.780321689415416,-703.1271781255191,-741.4698855144923,-663.6421235510868,2.72616056913647,2.639490722495742,2.829886925941903
Veg,dairy_cow,GHG (kgCO2eq),201.82909236161782,198.75595778489426,205.2876995527715,-703.1271781255191,-741.4698855144923,-663.6421235510868,-28.70449310460137,-26.805668263517024,-30.93349446450088
Veg,dairy_soy,GHG (kgCO2eq),-0.1625793384744283,-0.21152503141951554,-0.1092060097559079,-703.1271781255191,-741.4698855144923,-663.6421235510868,0.023122323177416044,0.028527798033596768,0.016455557277099405
Veg,dairy_tot,GHG (kgCO2eq),0,0,0,-703.1271781255191,-741.4698855144923,-663.6421235510868,-0,-0,-0
Veg,fruit_exc_juice,GHG (kgCO2eq),47.49650900543112,45.93770350799013,49.08060138180095,-703.1271781255191,-741.4698855144923,-663.6421235510868,-6.7550381329382,-6.1954914697735575,-7.395642868354295
Veg,fruit_juice,GHG (kgCO2eq),24.658489262930146,23.676797303946902,25.647133266802232,-703.1271781255191,-741.4698855144923,-663.6421235510868,-3.5069742757871643,-3.1932244001410806,-3.8646029775154758
Veg,gr_refined,GHG (kgCO2eq),-22.36473279923704,-22.853374887481355,-21.85760930141251,-703.1271781255191,-741.4698855144923,-663.6421235510868,3.1807521448480527,3.0821716881493875,3.2935837744075815
Veg,gr_whole,GHG (kgCO2eq),31.412346578480793,31.00841570535282,31.79679491209184,-703.1271781255191,-741.4698855144923,-663.6421235510868,-4.467519896219003,-4.182019568311484,-4.791256278602415
Veg,leg_tot,GHG (kgCO2eq),28.16659942039074,27.877805202141023,28.442118511011785,-703.1271781255191,-741.4698855144923,-663.6421235510868,-4.005903952607925,-3.7598027575721606,-4.2857614822309165
Veg,oil,GHG (kgCO2eq),-0.4071855647823655,-0.567353684532031,-0.25358503280990685,-703.1271781255191,-741.4698855144923,-663.6421235510868,0.05791065648577114,0.07651742783030963,0.03821111165352149
Veg,pf_egg,GHG (kgCO2eq),-16.067363875795152,-18.051536886296166,-14.383206851629046,-703.1271781255191,-741.4698855144923,-663.6421235510868,2.285129116844759,2.4345610305900065,2.1673137284694732
Veg,pf_ns,GHG (kgCO2eq),2.340085924892444,1.8948379761723801,2.7883104679757036,-703.1271781255191,-741.4698855144923,-663.6421235510868,-0.332811189453795,-0.25555157575382675,-0.4201527252453047
Veg,pf_pm,GHG (kgCO2eq),0,0,0,-703.1271781255191,-741.4698855144923,-663.6421235510868,-0,-0,-0
Veg,pf_poultry,GHG (kgCO2eq),0,0,0,-703.1271781255191,-741.4698855144923,-663.6421235510868,-0,-0,-0
Veg,pf_poultry_tot,GHG (kgCO2eq),-94.50272979109411,-96.78659615022467,-92.25237937482564,-703.1271781255191,-741.4698855144923,-663.6421235510868,13.440346601738657,13.053341483055139,13.900922816832633
Veg,pf_redm,GHG (kgCO2eq),0,0,0,-703.1271781255191,-741.4698855144923,-663.6421235510868,-0,-0,-0
Veg,pf_redm_tot,GHG (kgCO2eq),-756.1688456038797,-774.5575829886179,-736.6996942881431,-703.1271781255191,-741.4698855144923,-663.6421235510868,107.54368045049338,104.46244657005413,111.00857949554678
Veg,pf_seafood,GHG (kgCO2eq),-85.55813997437421,-90.18496901298704,-80.79337141658289,-703.1271781255191,-741.4698855144923,-663.6421235510868,12.168231101870559,12.162998224858363,12.174237973964813
Veg,sat_fat,GHG (kgCO2eq),-80.41733063221486,-81.60643141509857,-79.2912663513222,-703.1271781255191,-741.4698855144923,-663.6421235510868,11.437096038102387,11.006034501114414,11.947895339590872
Veg,veg_dg,GHG (kgCO2eq),1.79310933213407,1.3964406364476238,2.178000207850826,-703.1271781255191,-741.4698855144923,-663.6421235510868,-0.25501920391050115,-0.1883341001069328,-0.3281889636837021
Veg,veg_oth,GHG (kgCO2eq),0.3044379293119366,-0.29555010765364376,0.8588592220292798,-703.1271781255191,-741.4698855144923,-663.6421235510868,-0.04329770470877598,0.03986002849577188,-0.1294160198019988
Veg,veg_ro,GHG (kgCO2eq),20.503717324583413,20.0698368205658,20.939060447956262,-703.1271781255191,-741.4698855144923,-663.6421235510868,-2.916075208363398,-2.7067635803765264,-3.155173504646346
Veg,veg_sta,GHG (kgCO2eq),13.185718195500224,12.598268550562521,13.75993879451937,-703.1271781255191,-741.4698855144923,-663.6421235510868,-1.8752963341073368,-1.6990937591242583,-2.0733974391033567
Veg,added_sugar,WATER (litereq),-13657.210060402997,-13945.169227074412,-13376.915724152619,123666.19557743528,92901.79008965871,154980.78878599018,-11.043608155513564,-15.010657182833667,-8.631338005786336
Veg,dairy_cow,WATER (litereq),56503.0457885538,55642.70666860237,57471.29986035167,123666.19557743528,92901.79008965871,154980.78878599018,45.689968487122776,59.89411680324144,37.082854146337205
Veg,dairy_soy,WATER (litereq),-14.173396281150806,-18.440400372051094,-9.520398268794606,123666.19557743528,92901.79008965871,154980.78878599018,-0.011461011002215185,-0.019849348816911305,-0.0061429538095467634
Veg,dairy_tot,WATER (litereq),0,0,0,123666.19557743528,92901.79008965871,154980.78878599018,0,0,0
Veg,fruit_exc_juice,WATER (litereq),164626.85664802507,158746.97298855465,170783.29141242034,123666.19557743528,92901.79008965871,154980.78878599018,133.1219545319818,170.876118571396,110.19642676374006
Veg,fruit_juice,WATER (litereq),67403.50324891564,64741.46140301706,70033.43465983414,123666.19557743528,92901.79008965871,154980.78878599018,54.50438815085082,69.6880666567734,45.18846187867961
Veg,gr_refined,WATER (litereq),-34568.085983543155,-35307.40878797578,-33796.68285410975,123666.19557743528,92901.79008965871,154980.78878599018,-27.95273665704212,-38.00508984154224,-21.80701435245558
Veg,gr_whole,WATER (litereq),56489.28034916283,55728.45406753523,57181.89528021077,123666.19557743528,92901.79008965871,154980.78878599018,45.678837361654985,59.98641577708265,36.89611836933678
Veg,leg_tot,WATER (litereq),41473.674319822836,41006.64890526322,41950.380895366725,123666.19557743528,92901.79008965871,154980.78878599018,33.53679162374937,44.13978338381646,27.06811678013534
Veg,oil,WATER (litereq),-287.7464613547246,-399.9393277857706,-180.91502511417528,123666.19557743528,92901.79008965871,154980.78878599018,-0.23267996562128268,-0.430496901512654,-0.11673383942057305
Veg,pf_egg,WATER (litereq),-4419.210768877191,-4964.9430248405,-3955.9957128661977,123666.19557743528,92901.79008965871,154980.78878599018,-3.573499409634577,-5.344292096039136,-2.5525716728213013
Veg,pf_ns,WATER (litereq),28974.83470425448,23266.62941217797,34767.72146758186,123666.19557743528,92901.79008965871,154980.78878599018,23.429874727658692,25.04432841361135,22.43356853447939
Veg,pf_pm,WATER (litereq),0,0,0,123666.19557743528,92901.79008965871,154980.78878599018,0,0,0
Veg,pf_poultry,WATER (litereq),0,0,0,123666.19557743528,92901.79008965871,154980.78878599018,0,0,0
Veg,pf_poultry_tot,WATER (litereq),-44906.074901384505,-46000.070137165945,-43828.4156707282,123666.19557743528,92901.79008965871,154980.78878599018,-36.312328273465766,-49.514729579238114,-28.279902311795542
Veg,pf_redm,WATER (litereq),0,0,0,123666.19557743528,92901.79008965871,154980.78878599018,0,0,0
Veg,pf_redm_tot,WATER (litereq),-223921.9472379001,-229371.1042513146,-218157.8746718646,123666.19557743528,92901.79008965871,154980.78878599018,-181.0696497877533,-246.89632355840564,-140.764462731645
Veg,pf_seafood,WATER (litereq),-3365.0868160812615,-3551.5279419704543,-3180.4374508303995,123666.19557743528,92901.79008965871,154980.78878599018,-2.72110482607526,-3.8228842937718484,-2.052149479779846
Veg,sat_fat,WATER (litereq),-23926.524536605004,-24278.993071055793,-23594.456553957596,123666.19557743528,92901.79008965871,154980.78878599018,-19.347667666887254,-26.13404224786664,-15.224116962353767
Veg,veg_dg,WATER (litereq),12271.397230093497,9740.446735535723,14847.463357072196,123666.19557743528,92901.79008965871,154980.78878599018,9.923000519903269,10.484670667955163,9.580196018730268
Veg,veg_oth,WATER (litereq),1625.2357963854495,-56.64251056011965,3240.881798038785,123666.19557743528,92901.79008965871,154980.78878599018,1.3142118497271842,-0.06097031123453537,2.091150666753963
Veg,veg_ro,WATER (litereq),23307.614297276086,22784.497286519345,23829.67358958437,123666.19557743528,92901.79008965871,154980.78878599018,18.847199259624432,24.525358730472497,15.375888699657015
Veg,veg_sta,WATER (litereq),20056.81335737569,19138.211302568558,20955.96052742168,123666.19557743528,92901.79008965871,154980.78878599018,16.218509240722007,20.60047635691243,13.521650452017855
Vegan,added_sugar,BLUEWATER (L),-3693.611298559918,-3765.099535195012,-3617.8764432626103,-26416.268263156635,-31913.652892813436,-21026.92941160485,13.982335664388604,11.79777052736845,17.20591900244783
Vegan,dairy_cow,BLUEWATER (L),-11516.702961268385,-11720.396218041167,-11305.148825795097,-26416.268263156635,-31913.652892813436,-21026.92941160485,43.597009413063056,36.72533588494489,53.76509619876185
Vegan,dairy_soy,BLUEWATER (L),2611.688483249993,2609.2669701250798,2614.489453210453,-26416.268263156635,-31913.652892813436,-21026.92941160485,-9.886667023640785,-8.176021024257786,-12.434004994412096
Vegan,dairy_tot,BLUEWATER (L),0,0,0,-26416.268263156635,-31913.652892813436,-21026.92941160485,-0,-0,-0
Vegan,fruit_exc_juice,BLUEWATER (L),22241.575555088017,21366.174872572385,23080.414783908855,-26416.268263156635,-31913.652892813436,-21026.92941160485,-84.19650850574094,-66.94995068202859,-109.76597834190034
Vegan,fruit_juice,BLUEWATER (L),7886.479114054098,7559.02418876685,8209.320317610453,-26416.268263156635,-31913.652892813436,-21026.92941160485,-29.85462986478506,-23.685863270353014,-39.04193597130589
Vegan,gr_refined,BLUEWATER (L),-10986.358628569089,-11247.569201298713,-10718.502701158726,-26416.268263156635,-31913.652892813436,-21026.92941160485,41.58936651885842,35.24375363445633,50.97512095723849
Vegan,gr_whole,BLUEWATER (L),12169.057928679455,12020.525618345788,12318.216683275265,-26416.268263156635,-31913.652892813436,-21026.92941160485,-46.06652918365428,-37.66577789988016,-58.58305053555175
Vegan,leg_tot,BLUEWATER (L),11234.188058888854,11130.950070971172,11339.164124085244,-26416.268263156635,-31913.652892813436,-21026.92941160485,-42.527536240073054,-34.87833281998792,-53.926866363222345
Vegan,oil,BLUEWATER (L),-101.84683030688576,-140.93309270959116,-63.292083671926434,-26416.268263156635,-31913.652892813436,-21026.92941160485,0.38554586625293263,0.44160752510198403,0.30100488013716004
Vegan,pf_egg,BLUEWATER (L),-6710.366812350737,-6914.682376835109,-6488.870934929045,-26416.268263156635,-31913.652892813436,-21026.92941160485,25.402402585795347,21.66684710164348,30.85981223367692
Vegan,pf_ns,BLUEWATER (L),8024.276067963847,7028.259601041907,8961.260575137883,-26416.268263156635,-31913.652892813436,-21026.92941160485,-30.37626657946795,-22.022736239713208,-42.61801806493023
Vegan,pf_pm,BLUEWATER (L),0,0,0,-26416.268263156635,-31913.652892813436,-21026.92941160485,-0,-0,-0
Vegan,pf_poultry,BLUEWATER (L),0,0,0,-26416.268263156635,-31913.652892813436,-21026.92941160485,-0,-0,-0
Vegan,pf_poultry_tot,BLUEWATER (L),-20917.739898495445,-21446.56230339368,-20401.522587697084,-26416.268263156635,-31913.652892813436,-21026.92941160485,79.18506766404204,67.20184109109985,97.02568638689297
Vegan,pf_redm,BLUEWATER (L),0,0,0,-26416.268263156635,-31913.652892813436,-21026.92941160485,-0,-0,-0
Vegan,pf_redm_tot,BLUEWATER (L),-39596.261534884114,-40555.36575295963,-38630.247496456235,-26416.268263156635,-31913.652892813436,-21026.92941160485,149.89347147912605,127.07841966311604,183.7179682314244
Vegan,pf_seafood,BLUEWATER (L),-484.44668109593374,-511.2129529895419,-457.0464499052896,-26416.268263156635,-31913.652892813436,-21026.92941160485,1.8338952204373336,1.6018628600947806,2.1736243127018047
Vegan,sat_fat,BLUEWATER (L),-5292.740590314435,-5367.6240634382075,-5215.330648037551,-26416.268263156635,-31913.652892813436,-21026.92941160485,20.035913239480312,16.819209262775843,24.80310151780501
Vegan,veg_dg,BLUEWATER (L),972.8628403372833,774.0663278240684,1154.6265917953783,-26416.268263156635,-31913.652892813436,-21026.92941160485,-3.6828170831917126,-2.425502121063611,-5.491180234609695
Vegan,veg_oth,BLUEWATER (L),191.0324481560562,5.4611174999086565,370.3125774318709,-26416.268263156635,-31913.652892813436,-21026.92941160485,-0.7231621296884445,-0.017112166752739338,-1.761134829451103
Vegan,veg_ro,BLUEWATER (L),3018.7667843451904,2946.678746800219,3089.334940764765,-26416.268263156635,-31913.652892813436,-21026.92941160485,-11.427680678710901,-9.233285693421122,-14.692278079650317
Vegan,veg_sta,BLUEWATER (L),4533.879691925513,4315.3850900998395,4733.7687120885475,-26416.268263156635,-31913.652892813436,-21026.92941160485,-17.163210362490968,-13.522065633143523,-22.51288630605266
Vegan,dairy_tot,Cancer (cases),0,0,0,75749.15145232982,66545.81816241353,85470.57756229809,0,0,0
Vegan,fruit_exc_juice,Cancer (cases),5001.45979474112,3923.87892692775,6135.48851900182,75749.15145232982,66545.81816241353,85470.57756229809,6.602661150453441,5.8965071514351575,7.178480237283718
Vegan,gr_whole,Cancer (cases),29263.258955636,26993.0190943881,31424.8473110372,75749.15145232982,66545.81816241353,85470.57756229809,38.63179770938008,40.56305841564409,36.76685966949521
Vegan,leg_tot,Cancer (cases),13214.9730852266,12122.7008912036,14378.5638062007,75749.15145232982,66545.81816241353,85470.57756229809,17.44570444930066,18.217073928847952,16.82282279620774
Vegan,pf_ns,Cancer (cases),618.697382723694,505.254105265298,749.152066842,75749.15145232982,66545.81816241353,85470.57756229809,0.8167713708490192,0.7592574848687879,0.8765028717583608
Vegan,pf_pm,Cancer (cases),14009.0897748626,12201.6207775806,15859.8130578614,75749.15145232982,66545.81816241353,85470.57756229809,18.494055057077105,18.33566873849382,18.55587444264249
Vegan,pf_redm,Cancer (cases),9496.45098314288,7481.6631621433,11805.8887628419,75749.15145232982,66545.81816241353,85470.57756229809,12.536709390228815,11.2428750126467,13.812810325561195
Vegan,pf_seafood,Cancer (cases),0,0,0,75749.15145232982,66545.81816241353,85470.57756229809,0,0,0
Vegan,sodium,Cancer (cases),0,0,0,75749.15145232982,66545.81816241353,85470.57756229809,0,0,0
Vegan,ssb,Cancer (cases),337.809897750778,184.5432635719,535.68691265602,75749.15145232982,66545.81816241353,85470.57756229809,0.44595865600338414,0.2773175966091494,0.6267500793071941
Vegan,veg_exc_sta,Cancer (cases),3807.41157824615,3133.13794133299,4581.13712585705,75749.15145232982,66545.81816241353,85470.57756229809,5.026342216707492,4.708241671454348,5.359899577744089
Vegan,added_sugar,CED (mJ),-186.27875379187864,-189.98154397576843,-182.5102219330013,-4156.2554280272925,-4376.6029853948985,-3933.088009649415,4.481888974766241,4.340844819823805,4.640379810602554
Vegan,dairy_cow,CED (mJ),-928.6624132504141,-945.0874501757924,-911.6035054499359,-4156.2554280272925,-4376.6029853948985,-3933.088009649415,22.343728130568493,21.59408685982326,23.177805917727067
Vegan,dairy_soy,CED (mJ),340.28539257933807,339.96988575314816,340.6503400716254,-4156.2554280272925,-4376.6029853948985,-3933.088009649415,-8.187307023640981,-7.767894115314022,-8.661142065366345
Vegan,dairy_tot,CED (mJ),0,0,0,-4156.2554280272925,-4376.6029853948985,-3933.088009649415,-0,-0,-0
Vegan,fruit_exc_juice,CED (mJ),361.2617255800907,348.41917370949477,373.9921705210336,-4156.2554280272925,-4376.6029853948985,-3933.088009649415,-8.692000090850009,-7.960949962155571,-9.508868593926282
Vegan,fruit_juice,CED (mJ),194.94909139624326,186.94820596223866,202.8530295579316,-4156.2554280272925,-4376.6029853948985,-3933.088009649415,-4.690498328895369,-4.2715367737512615,-5.157602094340455
Vegan,gr_refined,CED (mJ),-128.19645384001407,-131.20715858515098,-125.02701266595142,-4156.2554280272925,-4376.6029853948985,-3933.088009649415,3.084421928824059,2.997922338923603,3.17885113069453
Vegan,gr_whole,CED (mJ),198.54281287523528,196.15450983013514,200.88204415253108,-4156.2554280272925,-4376.6029853948985,-3933.088009649415,-4.776963695166127,-4.481889503907931,-5.107489170333546
Vegan,leg_tot,CED (mJ),189.08669157747184,187.44532222657696,190.7521248409941,-4156.2554280272925,-4376.6029853948985,-3933.088009649415,-4.549448291902,-4.282895269506925,-4.849932784951772
Vegan,oil,CED (mJ),-3.284631031911034,-4.553109138824205,-2.0424076191305724,-4156.2554280272925,-4376.6029853948985,-3933.088009649415,0.07902861334655838,0.10403294870515607,0.05192885626051951
Vegan,pf_egg,CED (mJ),-343.0324513221905,-353.4770173031961,-331.7096315845445,-4156.2554280272925,-4376.6029853948985,-3933.088009649415,8.253401583766616,8.076515472908541,8.433821739323658
Vegan,pf_ns,CED (mJ),21.54098001547876,19.0559790716123,23.926120342125547,-4156.2554280272925,-4376.6029853948985,-3933.088009649415,-0.5182785415501492,-0.43540570472587403,-0.6083291368874875
Vegan,pf_pm,CED (mJ),0,0,0,-4156.2554280272925,-4376.6029853948985,-3933.088009649415,-0,-0,-0
Vegan,pf_poultry,CED (mJ),0,0,0,-4156.2554280272925,-4376.6029853948985,-3933.088009649415,-0,-0,-0
Vegan,pf_poultry_tot,CED (mJ),-653.5404153233583,-670.0646493099363,-637.4100716270424,-4156.2554280272925,-4376.6029853948985,-3933.088009649415,15.724260133683648,15.310153823547617,16.206351601164894
Vegan,pf_redm,CED (mJ),0,0,0,-4156.2554280272925,-4376.6029853948985,-3933.088009649415,-0,-0,-0
Vegan,pf_redm_tot,CED (mJ),-1742.9320392183222,-1785.2980341510374,-1700.1124634155847,-4156.2554280272925,-4376.6029853948985,-3933.088009649415,41.935152191682796,40.7918662055647,43.22589423995951
Vegan,pf_seafood,CED (mJ),-1484.1872323953476,-1562.361578415164,-1404.1646011095222,-4156.2554280272925,-4376.6029853948985,-3933.088009649415,35.709721360888445,35.69804214887435,35.70132673524093
Vegan,sat_fat,CED (mJ),-297.18387189551953,-301.40158920012925,-292.7724754242436,-4156.2554280272925,-4376.6029853948985,-3933.088009649415,7.150279308906036,6.886655933972817,7.44383229426744
Vegan,veg_dg,CED (mJ),15.650495012427672,12.123621306227772,18.967919895262394,-4156.2554280272925,-4376.6029853948985,-3933.088009649415,-0.3765527716821764,-0.277009848658545,-0.4822653306696064
Vegan,veg_oth,CED (mJ),3.0696454160593123,-0.45452809030074376,6.421560361521166,-4156.2554280272925,-4376.6029853948985,-3933.088009649415,-0.07385603385584691,0.010385408313652008,-0.1632701924230159
Vegan,veg_ro,CED (mJ),170.05238216106852,166.32601028945706,173.91445479910413,-4156.2554280272925,-4376.6029853948985,-3933.088009649415,-4.091480543143169,-3.80034494434385,-4.4218297269835665
Vegan,veg_sta,CED (mJ),116.60361742824989,110.84096480151089,121.90461663741245,-4156.2554280272925,-4376.6029853948985,-3933.088009649415,-2.8054969057470593,-2.532579838093534,-3.099463229359027
Vegan,dairy_tot,CVD (deaths),0,0,0,344129.9321076215,303677.1731065194,385641.89389634767,0,0,0
Vegan,fruit_exc_juice,CVD (deaths),39346.7270002041,35468.4109076334,43296.5708134953,344129.9321076215,303677.1731065194,385641.89389634767,11.433683422777358,11.679643400523988,11.227144015928026
Vegan,gr_whole,CVD (deaths),50128.7648128309,45569.5439834725,54658.3668726959,344129.9321076215,303677.1731065194,385641.89389634767,14.566813327110959,15.005916815317654,14.173347796955616
Vegan,leg_tot,CVD (deaths),43246.502182224,40193.6984939308,46355.1373216092,344129.9321076215,303677.1731065194,385641.89389634767,12.566910968005917,13.235666705785704,12.020254556178608
Vegan,pf_ns,CVD (deaths),38360.1938651419,31185.7995749872,46153.4428208199,344129.9321076215,303677.1731065194,385641.89389634767,11.14700881443388,10.26939208369419,11.967953573328566
Vegan,pf_pm,CVD (deaths),66719.1490036747,56821.1621107491,75989.1892373499,344129.9321076215,303677.1731065194,385641.89389634767,19.387778504198604,18.711041574013272,19.70459912163334
Vegan,pf_redm,CVD (deaths),37149.9801248133,34107.8162243897,40494.9408492254,344129.9321076215,303677.1731065194,385641.89389634767,10.795335325029267,11.231603572793357,10.500659158185128
Vegan,pf_seafood,CVD (deaths),0.0260692257065251,9.25265957035037e-8,1.99181855553147,344129.9321076215,303677.1731065194,385641.89389634767,7.57540198461212e-6,3.046873584767222e-11,5.164943402302729e-4
Vegan,sodium,CVD (deaths),42819.5613826702,39435.4714555325,46387.606546244,344129.9321076215,303677.1731065194,385641.89389634767,12.442847130565504,12.985984771960421,12.02867408350401
Vegan,ssb,CVD (deaths),7170.48946306813,4395.62832913864,10421.6504350128,344129.9321076215,303677.1731065194,385641.89389634767,2.0836575938490776,1.4474674813957142,2.7024165683134824
Vegan,veg_exc_sta,CVD (deaths),19188.5382037686,16499.642026593,21882.9971813397,344129.9321076215,303677.1731065194,385641.89389634767,5.575957338627455,5.43328359448522,5.674434631632989
Vegan,added_sugar,FL (mrh-eq),-8.629473183804322,-8.799080890292785,-8.450848136193734,-11.937927148029107,-18.108597746448908,-5.717414766165009,72.28619405027116,48.590625367545556,147.80890458052585
Vegan,dairy_cow,FL (mrh-eq),-21.10412596443468,-21.477389750389367,-20.716457276760718,-11.937927148029107,-18.108597746448908,-5.717414766165009,176.78216412904536,118.60327371069401,362.33959095216045
Vegan,dairy_soy,FL (mrh-eq),57.09236496959171,57.039429900193994,57.153595089599136,-11.937927148029107,-18.108597746448908,-5.717414766165009,-478.24353643352043,-314.9853494944379,-999.6405268308924
Vegan,dairy_tot,FL (mrh-eq),0,0,0,-11.937927148029107,-18.108597746448908,-5.717414766165009,-0,-0,-0
Vegan,fruit_exc_juice,FL (mrh-eq),22.12722415446522,21.35985083991936,22.89086408190963,-11.937927148029107,-18.108597746448908,-5.717414766165009,-185.3523135138106,-117.95419578585549,-400.3708847113049
Vegan,fruit_juice,FL (mrh-eq),12.372000925637078,11.873894503360235,12.866448194327853,-11.937927148029107,-18.108597746448908,-5.717414766165009,-103.63609001986273,-65.57048021947864,-225.03961529028794
Vegan,gr_refined,FL (mrh-eq),-2.8987644940785775,-2.9681647296977793,-2.8309178265187422,-11.937927148029107,-18.108597746448908,-5.717414766165009,24.28197507100007,16.39091425662617,49.51394891397038
Vegan,gr_whole,FL (mrh-eq),3.5504412484533914,3.504811076218333,3.593009690965111,-11.937927148029107,-18.108597746448908,-5.717414766165009,-29.740852029236514,-19.354403500986848,-62.84325762454949
Vegan,leg_tot,FL (mrh-eq),7.834706886888469,7.766914813628229,7.903536754817981,-11.937927148029107,-18.108597746448908,-5.717414766165009,-65.62870412709748,-42.89075787301819,-138.23619726856595
Vegan,oil,FL (mrh-eq),-0.12821030540063819,-0.1775431707605883,-0.0791894350308412,-11.937927148029107,-18.108597746448908,-5.717414766165009,1.0739746005386293,0.9804357755718798,1.3850566780544764
Vegan,pf_egg,FL (mrh-eq),-4.962137295157557,-5.120058036905639,-4.796866647078721,-11.937927148029107,-18.108597746448908,-5.717414766165009,41.566154941536745,28.27418284173705,83.8992244443418
Vegan,pf_ns,FL (mrh-eq),5.14006077515296,4.516567789556115,5.740358525025241,-11.937927148029107,-18.108597746448908,-5.717414766165009,-43.056560082975196,-24.9415656186952,-100.40129603673343
Vegan,pf_pm,FL (mrh-eq),0,0,0,-11.937927148029107,-18.108597746448908,-5.717414766165009,-0,-0,-0
Vegan,pf_poultry,FL (mrh-eq),0,0,0,-11.937927148029107,-18.108597746448908,-5.717414766165009,-0,-0,-0
Vegan,pf_poultry_tot,FL (mrh-eq),-9.773295324509709,-10.019950617633006,-9.531753449479535,-11.937927148029107,-18.108597746448908,-5.717414766165009,81.8676073603216,55.33255947218727,166.71439521735127
Vegan,pf_redm,FL (mrh-eq),0,0,0,-11.937927148029107,-18.108597746448908,-5.717414766165009,-0,-0,-0
Vegan,pf_redm_tot,FL (mrh-eq),-58.25111796992106,-59.666798195637156,-56.81717186187274,-11.937927148029107,-18.108597746448908,-5.717414766165009,487.9500205321493,329.4943044794167,993.7563424313747
Vegan,pf_seafood,FL (mrh-eq),-16.644688314627317,-17.52334799298042,-15.705641383103295,-11.937927148029107,-18.108597746448908,-5.717414766165009,139.42695501685375,96.7681111389022,274.69830378665966
Vegan,sat_fat,FL (mrh-eq),-7.744922778637512,-7.855612925179025,-7.630236054385854,-11.937927148029107,-18.108597746448908,-5.717414766165009,64.87661285415165,43.3805700207765,133.45605254215064
Vegan,veg_dg,FL (mrh-eq),0.832806792887101,0.6695027202900362,0.9758290147654176,-11.937927148029107,-18.108597746448908,-5.717414766165009,-6.976142361738178,-3.6971538584279697,-17.067661778541225
Vegan,veg_oth,FL (mrh-eq),0.1792426663079308,-0.05291881831160465,0.40296525784960097,-11.937927148029107,-18.108597746448908,-5.717414766165009,-1.5014555214262877,0.2922303485480096,-7.048032621916852
Vegan,veg_ro,FL (mrh-eq),7.107882802921674,6.9459586896315395,7.267635919868041,-11.937927148029107,-18.108597746448908,-5.717414766165009,-59.5403432671739,-38.35724216135753,-127.11402298250354
Vegan,veg_sta,FL (mrh-eq),1.9620772602367276,1.8753370485406178,2.0474247751311556,-11.937927148029107,-18.108597746448908,-5.717414766165009,-16.435661199026974,-10.356058899747612,-35.81032440129367
Vegan,added_sugar,Food_price ($),-302.8812074206,-309.33948109055456,-296.52216137765026,-2423.3963013886687,-2628.4787321331355,-2212.2209576492137,12.498212003007565,11.768764848993502,13.403822088944745
Vegan,dairy_cow,Food_price ($),0,0,0,-2423.3963013886687,-2628.4787321331355,-2212.2209576492137,-0,-0,-0
Vegan,dairy_soy,Food_price ($),0,0,0,-2423.3963013886687,-2628.4787321331355,-2212.2209576492137,-0,-0,-0
Vegan,dairy_tot,Food_price ($),-206.40850685233502,-210.97214625893255,-201.06841801249038,-2423.3963013886687,-2628.4787321331355,-2212.2209576492137,8.517323672321263,8.026397310345313,9.088984412576625
Vegan,fruit_exc_juice,Food_price ($),555.6583761282781,535.9232089007996,574.5746139933738,-2423.3963013886687,-2628.4787321331355,-2212.2209576492137,-22.92891079390818,-20.389101967961235,-25.972749783725835
Vegan,fruit_juice,Food_price ($),54.42637104375713,52.30846286627584,56.66212819495888,-2423.3963013886687,-2628.4787321331355,-2212.2209576492137,-2.2458716724363,-1.9900660494911075,-2.561323180627044
Vegan,gr_refined,Food_price ($),-380.7086387230023,-390.21098454018323,-370.8612323739339,-2423.3963013886687,-2628.4787321331355,-2212.2209576492137,15.709714441044845,14.845506633546487,16.76420391424302
Vegan,gr_whole,Food_price ($),335.63477016276954,331.69955431404674,339.46292262568664,-2423.3963013886687,-2628.4787321331355,-2212.2209576492137,-13.849768193936837,-12.619449807944871,-15.344892265482027
Vegan,leg_tot,Food_price ($),215.15322631592687,213.23695673819086,217.18334976784146,-2423.3963013886687,-2628.4787321331355,-2212.2209576492137,-8.878169294582092,-8.11256161715788,-9.817434782763671
Vegan,oil,Food_price ($),-2.510397904437891,-3.7246093009622894,-1.3797893564030315,-2423.3963013886687,-2628.4787321331355,-2212.2209576492137,0.10359006915209733,0.1417020900884213,0.062371227052710226
Vegan,pf_egg,Food_price ($),-448.89713969503816,-468.0512414383695,-429.8635590421911,-2423.3963013886687,-2628.4787321331355,-2212.2209576492137,18.52347217984151,17.8069251889485,19.43131211897476
Vegan,pf_ns,Food_price ($),36.246727152466484,32.58142327949389,39.627464998497665,-2423.3963013886687,-2628.4787321331355,-2212.2209576492137,-1.4956995325814508,-1.239554381064081,-1.7912977843138802
Vegan,pf_pm,Food_price ($),-312.48603800221287,-323.5091888800561,-302.2592396992564,-2423.3963013886687,-2628.4787321331355,-2212.2209576492137,12.894549596496056,12.307848830015566,13.663157771565823
Vegan,pf_poultry,Food_price ($),-605.7826229813988,-625.4759944010975,-586.7712171454358,-2423.3963013886687,-2628.4787321331355,-2212.2209576492137,24.997257882842757,23.796121564715648,26.524078217257298
Vegan,pf_poultry_tot,Food_price ($),0,0,0,-2423.3963013886687,-2628.4787321331355,-2212.2209576492137,-0,-0,-0
Vegan,pf_redm,Food_price ($),-1094.997515755863,-1134.179527482441,-1055.1958531293692,-2423.3963013886687,-2628.4787321331355,-2212.2209576492137,45.18441804703594,43.149655868130246,47.69848371071661
Vegan,pf_redm_tot,Food_price ($),0,0,0,-2423.3963013886687,-2628.4787321331355,-2212.2209576492137,-0,-0,-0
Vegan,pf_seafood,Food_price ($),-541.142006899957,-572.3755827930776,-503.6165646084083,-2423.3963013886687,-2628.4787321331355,-2212.2209576492137,22.329901493613267,21.775925967967318,22.765201770060507
Vegan,sat_fat,Food_price ($),-30.499458447102192,-30.982092629417266,-29.96331323033125,-2423.3963013886687,-2628.4787321331355,-2212.2209576492137,1.2585419243903777,1.1787081345061454,1.3544448680285244
Vegan,veg_dg,Food_price ($),27.009169054266508,20.772658166859998,33.09988509119541,-2423.3963013886687,-2628.4787321331355,-2212.2209576492137,-1.114517218615443,-0.7902920390001406,-1.4962287097383142
Vegan,veg_oth,Food_price ($),23.329490401535473,6.060857054442825,41.60183338610677,-2423.3963013886687,-2628.4787321331355,-2212.2209576492137,-0.9626774782220751,-0.2305842151336013,-1.8805460296477068
Vegan,veg_ro,Food_price ($),178.76430840739428,174.92954298003806,182.76116671219592,-2423.3963013886687,-2628.4787321331355,-2212.2209576492137,-7.376602345433874,-6.655162959529615,-8.261433654728801
Vegan,veg_sta,Food_price ($),76.69479262688415,72.82945238180808,80.30702555639927,-2423.3963013886687,-2628.4787321331355,-2212.2209576492137,-3.164764780029418,-2.7707833999746128,-3.630153908393329
Vegan,added_sugar,GHG (kgCO2eq),-19.16072143148535,-19.537312569330897,-18.770365277272735,-1060.2764478618633,-1098.518626282742,-1021.3519575790294,1.807143926484886,1.7785144559125838,1.8377959857995705
Vegan,dairy_cow,GHG (kgCO2eq),-172.39082367990585,-175.43986023413493,-169.2241194773418,-1060.2764478618633,-1098.518626282742,-1021.3519575790294,16.259044896031263,15.970585845030486,16.568639069186656
Vegan,dairy_soy,GHG (kgCO2eq),52.23352717834975,52.185097140680966,52.28954631749843,-1060.2764478618633,-1098.518626282742,-1021.3519575790294,-4.926406437083749,-4.750497250762986,-5.119640289469206
Vegan,dairy_tot,GHG (kgCO2eq),0,0,0,-1060.2764478618633,-1098.518626282742,-1021.3519575790294,-0,-0,-0
Vegan,fruit_exc_juice,GHG (kgCO2eq),47.46697866295419,45.708182762309086,49.06997366082783,-1060.2764478618633,-1098.518626282742,-1021.3519575790294,-4.4768492932834025,-4.1608928304638955,-4.804413727971038
Vegan,fruit_juice,GHG (kgCO2eq),24.664024795800305,23.64968928369892,25.670548093967977,-1060.2764478618633,-1098.518626282742,-1021.3519575790294,-2.326188122497429,-2.1528710317572575,-2.513389033376544
Vegan,gr_refined,GHG (kgCO2eq),-22.353036069361846,-22.88741264843557,-21.826412606260586,-1060.2764478618633,-1098.518626282742,-1021.3519575790294,2.1082271623064552,2.0834797062917256,2.137011873751827
Vegan,gr_whole,GHG (kgCO2eq),31.402463156716966,31.020832296909063,31.7781131544047,-1060.2764478618633,-1098.518626282742,-1021.3519575790294,-2.961724106957452,-2.8238785901955907,-3.1113773189146503
Vegan,leg_tot,GHG (kgCO2eq),31.4663805496666,31.195798885631582,31.73685455633331,-1060.2764478618633,-1098.518626282742,-1021.3519575790294,-2.9677524774903,-2.839806093338126,-3.1073377126099646
Vegan,oil,GHG (kgCO2eq),-0.40083001389605954,-0.5558669256738626,-0.24975082807309618,-1060.2764478618633,-1098.518626282742,-1021.3519575790294,0.037804292899683574,0.05060150209331007,0.024452964154011634
Vegan,pf_egg,GHG (kgCO2eq),-55.985507434307834,-57.6901401130059,-54.13753705670669,-1060.2764478618633,-1098.518626282742,-1021.3519575790294,5.280274549831539,5.2516305807415,5.300576031109988
Vegan,pf_ns,GHG (kgCO2eq),3.7415716735249025,3.288592706235284,4.1522966871978975,-1060.2764478618633,-1098.518626282742,-1021.3519575790294,-0.35288642703231754,-0.29936613067395096,-0.40654905063679814
Vegan,pf_pm,GHG (kgCO2eq),0,0,0,-1060.2764478618633,-1098.518626282742,-1021.3519575790294,-0,-0,-0
Vegan,pf_poultry,GHG (kgCO2eq),0,0,0,-1060.2764478618633,-1098.518626282742,-1021.3519575790294,-0,-0,-0
Vegan,pf_poultry_tot,GHG (kgCO2eq),-94.48705336124803,-96.87596233506417,-92.1571219093863,-1060.2764478618633,-1098.518626282742,-1021.3519575790294,8.911548827835338,8.818781950277991,9.023052359720516
Vegan,pf_redm,GHG (kgCO2eq),0,0,0,-1060.2764478618633,-1098.518626282742,-1021.3519575790294,-0,-0,-0
Vegan,pf_redm_tot,GHG (kgCO2eq),-756.2245461806434,-774.5536711004354,-737.4636088436973,-1060.2764478618633,-1098.518626282742,-1021.3519575790294,71.32333720188106,70.50892470721539,72.20465025511389
Vegan,pf_seafood,GHG (kgCO2eq),-85.49633968442156,-90.0709092959624,-80.66390198700093,-1060.2764478618633,-1098.518626282742,-1021.3519575790294,8.063589439983518,8.19930651524333,7.897757613174142
Vegan,sat_fat,GHG (kgCO2eq),-80.5090543855599,-81.66613538078758,-79.30923422188616,-1060.2764478618633,-1098.518626282742,-1021.3519575790294,7.593213500866986,7.4342057955936705,7.765122848530834
Vegan,veg_dg,GHG (kgCO2eq),1.7793239733230908,1.3787141037219965,2.1583236798850303,-1060.2764478618633,-1098.518626282742,-1021.3519575790294,-0.16781698555232905,-0.12550666604419838,-0.21132026662004266
Vegan,veg_oth,GHG (kgCO2eq),0.29128469879490404,-0.30721937296507784,0.8717521683683255,-1060.2764478618633,-1098.518626282742,-1021.3519575790294,-0.027472523734947067,0.02796669675093923,-0.08535276815199834
Vegan,veg_ro,GHG (kgCO2eq),20.48976004424574,20.051017074103786,20.951074234852705,-1060.2764478618633,-1098.518626282742,-1021.3519575790294,-1.9324922368656843,-1.8252778418472588,-2.051307982462213
Vegan,veg_sta,GHG (kgCO2eq),13.196149645590163,12.587939439763225,13.771612075259991,-1060.2764478618633,-1098.518626282742,-1021.3519575790294,-1.2445951876231252,-1.1459013200676746,-1.348370850328975
Vegan,added_sugar,WATER (litereq),-13650.80972302541,-13915.31704500382,-13370.826657484355,35143.246119288335,3672.161755656575,65688.06422044316,-38.843337569585465,-378.9407431077553,-20.35503225154128
Vegan,dairy_cow,WATER (litereq),-48261.65787070963,-49115.25063089436,-47375.12347439139,35143.246119288335,3672.161755656575,65688.06422044316,-137.3284007598298,-1337.5023732339007,-72.12135726119861
Vegan,dairy_soy,WATER (litereq),4553.632010118223,4549.409959996522,4558.515665482592,35143.246119288335,3672.161755656575,65688.06422044316,12.95734604214312,123.88914929982697,6.939640739274382
Vegan,dairy_tot,WATER (litereq),0,0,0,35143.246119288335,3672.161755656575,65688.06422044316,0,0,0
Vegan,fruit_exc_juice,WATER (litereq),164573.54810786797,158232.52134251106,170492.5285135838,35143.246119288335,3672.161755656575,65688.06422044316,468.29353085155657,4308.974709481973,259.54871792450206
Vegan,fruit_juice,WATER (litereq),67424.49189021882,64642.06135985884,70090.93119257747,35143.246119288335,3672.161755656575,65688.06422044316,191.8561867089818,1760.327176772227,106.70268948306756
Vegan,gr_refined,WATER (litereq),-34551.50648161319,-35365.917086455054,-33714.446874151145,35143.246119288335,3672.161755656575,65688.06422044316,-98.3162066598328,-963.0816788497297,-51.32507294020498
Vegan,gr_whole,WATER (litereq),56475.65845711347,55716.592397051754,57174.599748650995,35143.246119288335,3672.161755656575,65688.06422044316,160.70131445858914,1517.2695568550666,87.03955646611573
Vegan,leg_tot,WATER (litereq),46526.470193984795,46075.559753919515,46977.949294194346,35143.246119288335,3672.161755656575,65688.06422044316,132.3909295005301,1254.7257669939243,71.51672050578416
Vegan,oil,WATER (litereq),-284.49122621924414,-391.44182800342315,-178.01805745755706,35143.246119288335,3672.161755656575,65688.06422044316,-0.8095189193780862,-10.659710929139997,-0.27100518118503947
Vegan,pf_egg,WATER (litereq),-15398.403824504285,-15867.25055934612,-14890.133105275509,35143.246119288335,3672.161755656575,65688.06422044316,-43.816111272808364,-432.09563235890425,-22.66794322832467
Vegan,pf_ns,WATER (litereq),46736.171264495046,41032.56165937332,52260.77743471788,35143.246119288335,3672.161755656575,65688.06422044316,132.98763325919384,1117.3952671384102,79.55901586524983
Vegan,pf_pm,WATER (litereq),0,0,0,35143.246119288335,3672.161755656575,65688.06422044316,0,0,0
Vegan,pf_poultry,WATER (litereq),0,0,0,35143.246119288335,3672.161755656575,65688.06422044316,0,0,0
Vegan,pf_poultry_tot,WATER (litereq),-44907.61962148523,-46042.90533104024,-43799.36166193791,35143.246119288335,3672.161755656575,65688.06422044316,-127.7844951176486,-1253.8365244972128,-66.67780849036933
Vegan,pf_redm,WATER (litereq),0,0,0,35143.246119288335,3672.161755656575,65688.06422044316,0,0,0
Vegan,pf_redm_tot,WATER (litereq),-223940.16621621943,-229367.934196566,-218390.49384663787,35143.246119288335,3672.161755656575,65688.06422044316,-637.2210622094756,-6246.128287874276,-332.46602170181063
Vegan,pf_seafood,WATER (litereq),-3364.740841524561,-3550.9760715637785,-3175.6833784170844,35143.246119288335,3672.161755656575,65688.06422044316,-9.574359836036393,-96.69988164584191,-4.834490734511189
Vegan,sat_fat,WATER (litereq),-23953.932408777622,-24297.457988148966,-23599.17407468228,35143.246119288335,3672.161755656575,65688.06422044316,-68.16084185128969,-661.6663318472099,-35.9261219747405
Vegan,veg_dg,WATER (litereq),12191.375851477702,9583.703124479378,14614.547630734765,35143.246119288335,3672.161755656575,65688.06422044316,34.69052292464946,260.98259723218075,22.24840662329411
Vegan,veg_oth,WATER (litereq),1608.502956165312,-76.24674010998115,3185.6294376622886,35143.246119288335,3672.161755656575,65688.06422044316,4.57699027205824,-2.0763448122221506,4.849632083800805
Vegan,veg_ro,WATER (litereq),23307.714572851877,22751.963976900654,23855.21439017558,35143.246119288335,3672.161755656575,65688.06422044316,66.32203096360942,619.5795689515493,36.31590407371368
Vegan,veg_sta,WATER (litereq),20059.009029073713,19078.48565869728,20970.632043098558,35143.246119288335,3672.161755656575,65688.06422044316,57.07784921457312,519.543716431034,31.92456999908389
