diet_pattern,food_group,outcome,impact_median_year,LB_year,UB_year,combined_consumed_impact_median_year,LB_consumed_year,UB_consumed_year,combined_unconsumed_impact_median_year,LB_unconsumed_year,UB_unconsumed_year,sum,sum_LB,sum_UB,sum_consumed,sum_consumed_LB,sum_consumed_UB,sum_unconsumed,sum_unconsumed_LB,sum_unconsumed_UB,prop,prop_LB,prop_UB,prop_consumed,prop_consumed_LB,prop_consumed_UB,prop_unconsumed,prop_unconsumed_LB,prop_unconsumed_UB
Med,added_sugar,BLUEWATER (L),-3716.049356920374,-3788.590810648434,-3633.183261387614,-2463.179687308112,-2511.309226969342,-2408.2478866926167,-1252.8696696122472,-1277.2815836790846,-1224.9353746949976,33091.111639906536,27616.53465259056,38384.54240460331,17798.48380876167,13697.314233735662,21723.03426734922,15291.057524987895,13897.316186079328,16692.62594790153,-11.229750748049726,-13.718559762504622,-9.465224889464622,-13.839266949781202,-18.3343185687026,-11.086148726066003,-8.193479539036911,-9.190850712301652,-7.338182611400256
Med,dairy_cow,BLUEWATER (L),5151.058899201854,4941.751411557123,5369.566001394045,3900.3659948479367,3742.7257865624038,4065.8935918652287,1250.684889907491,1199.4880650005744,1303.6678693094718,33091.111639906536,27616.53465259056,38384.54240460331,17798.48380876167,13697.314233735662,21723.03426734922,15291.057524987895,13897.316186079328,16692.62594790153,15.566291502247045,17.894176346609672,13.988875899039229,21.914035132183006,27.324523061201987,18.716969010063504,8.179191582162863,8.631077029117883,7.809842941298034
Med,dairy_soy,BLUEWATER (L),-8.139631741599558,-10.768977892583642,-5.470645046715406,-6.3992210930784585,-8.466362197803129,-4.300915359201103,-1.7404106485210988,-2.3026156947805285,-1.1697296875142995,33091.111639906536,27616.53465259056,38384.54240460331,17798.48380876167,13697.314233735662,21723.03426734922,15291.057524987895,13897.316186079328,16692.62594790153,-0.024597637668308168,-0.038994674849885495,-0.01425220858190909,-0.03595374281222938,-0.061810381607154685,-0.01979887020509648,-0.011381885429944956,-0.01656877964025179,-0.00700746360198258
Med,dairy_tot,BLUEWATER (L),0,0,0,0,0,0,0,0,0,33091.111639906536,27616.53465259056,38384.54240460331,17798.48380876167,13697.314233735662,21723.03426734922,15291.057524987895,13897.316186079328,16692.62594790153,0,0,0,0,0,0,0,0,0
Med,fruit_exc_juice,BLUEWATER (L),32421.615846598364,31671.119507134692,33238.86419111162,18151.094354359102,17734.658315537996,18592.614230065785,14269.252351464153,13919.9950652917,14665.61608682883,33091.111639906536,27616.53465259056,38384.54240460331,17798.48380876167,13697.314233735662,21723.03426734922,15291.057524987895,13897.316186079328,16692.62594790153,97.97681081072905,114.68172928120724,86.5944000080757,101.98112687230049,129.47544323586152,85.58939787712525,93.31762913157603,100.1631889129434,87.85685447335192
Med,fruit_juice,BLUEWATER (L),11640.704766256034,11329.239975905277,11937.316735232584,10141.992831507925,9867.838660410222,10403.396375394927,1499.1094925052387,1459.862487264335,1536.8028532071867,33091.111639906536,27616.53465259056,38384.54240460331,17798.48380876167,13697.314233735662,21723.03426734922,15291.057524987895,13897.316186079328,16692.62594790153,35.17773864150824,41.02339456569922,31.09928108404645,56.982341532458626,72.04214265674308,47.8910830197959,9.803831357350317,10.504636058627282,9.20647750691605
Med,gr_refined,BLUEWATER (L),-10990.762511755927,-11246.920888400986,-10745.620076877196,-8500.029672307695,-8702.087280271988,-8311.249139874952,-2489.9196482016387,-2546.90066252092,-2434.837863622163,33091.111639906536,27616.53465259056,38384.54240460331,17798.48380876167,13697.314233735662,21723.03426734922,15291.057524987895,13897.316186079328,16692.62594790153,-33.21363945507807,-40.725315575920646,-27.994654628443648,-47.757043597856246,-63.53134002605613,-38.26007470957759,-16.283501936558242,-18.326564844743913,-14.586308177164012
Med,gr_whole,BLUEWATER (L),9837.98320066876,9687.91888331277,9988.58455957218,7882.801574365807,7763.056094854935,8003.5091093966985,1954.7539594803484,1925.4038912277936,1984.3437692879497,33091.111639906536,27616.53465259056,38384.54240460331,17798.48380876167,13697.314233735662,21723.03426734922,15291.057524987895,13897.316186079328,16692.62594790153,29.729987036170012,35.080139507669905,26.022414060026122,44.28917462332008,56.67575381847482,36.843421645871835,12.78364139488708,13.85450158467599,11.887547085049288
Med,leg_tot,BLUEWATER (L),1354.8095216502895,1246.149073611759,1468.9058029753796,1088.2820316106734,998.1115923662866,1183.901723546722,266.38837698208084,246.87864772430544,285.89588419896114,33091.111639906536,27616.53465259056,38384.54240460331,17798.48380876167,13697.314233735662,21723.03426734922,15291.057524987895,13897.316186079328,16692.62594790153,4.094179537977335,4.512329621685045,3.8268159810059883,6.114464823542689,7.2869146121215325,5.449983225069916,1.742118728850258,1.7764483762094945,1.712707665595908
Med,oil,BLUEWATER (L),-102.96008113831232,-141.9409202097566,-63.63295576791086,-85.75332307348943,-118.29015824598838,-52.87216478346284,-17.213072515013753,-23.661062315860462,-10.759867202214389,33091.111639906536,27616.53465259056,38384.54240460331,17798.48380876167,13697.314233735662,21723.03426734922,15291.057524987895,13897.316186079328,16692.62594790153,-0.3111411978500796,-0.5139707859633356,-0.1657775546655458,-0.4818012814736252,-0.8636011135281311,-0.24339217133645225,-0.11256953606305514,-0.170256343016512,-0.06445880495852743
Med,pf_egg,BLUEWATER (L),-1368.73965167745,-1577.0799863415718,-1156.8801103589535,-1011.0008744844761,-1164.8886209800773,-854.5137139946168,-357.73877719297354,-412.1913653614945,-302.3663963643339,33091.111639906536,27616.53465259056,38384.54240460331,17798.48380876167,13697.314233735662,21723.03426734922,15291.057524987895,13897.316186079328,16692.62594790153,-4.1362758270919056,-5.710636784016761,-3.013921849489636,-5.680264034551022,-8.504503883768882,-3.933675671077832,-2.3395293399974095,-2.96597817767418,-1.8113770554017903
Med,pf_ns,BLUEWATER (L),-3149.2128004432257,-4145.1129960836815,-2262.5525366897564,-2765.6098335698416,-3641.4950085074875,-1987.4094821488627,-382.9314855820715,-507.6178761461077,-274.35537887723234,33091.111639906536,27616.53465259056,38384.54240460331,17798.48380876167,13697.314233735662,21723.03426734922,15291.057524987895,13897.316186079328,16692.62594790153,-9.516793617309014,-15.009533412603057,-5.894436653277433,-15.53845745112521,-26.585467387020323,-9.148857648933676,-2.5042838597415757,-3.6526324172906035,-1.6435723159046896
Med,pf_pm,BLUEWATER (L),0,0,0,0,0,0,0,0,0,33091.111639906536,27616.53465259056,38384.54240460331,17798.48380876167,13697.314233735662,21723.03426734922,15291.057524987895,13897.316186079328,16692.62594790153,0,0,0,0,0,0,0,0,0
Med,pf_poultry,BLUEWATER (L),0,0,0,0,0,0,0,0,0,33091.111639906536,27616.53465259056,38384.54240460331,17798.48380876167,13697.314233735662,21723.03426734922,15291.057524987895,13897.316186079328,16692.62594790153,0,0,0,0,0,0,0,0,0
Med,pf_poultry_tot,BLUEWATER (L),-4298.673213518297,-4841.482268540668,-3771.1919009022704,-3508.1071695633564,-3947.6945732650943,-3076.6303591458077,-791.4976940309621,-892.0386173566137,-692.3540492732434,33091.111639906536,27616.53465259056,38384.54240460331,17798.48380876167,13697.314233735662,21723.03426734922,15291.057524987895,13897.316186079328,16692.62594790153,-12.990416460758219,-17.531099862619854,-9.824767118885873,-19.710146140855088,-28.820938951244614,-14.162986262789879,-5.17621291226938,-6.418783349335834,-4.147664072951211
Med,pf_redm,BLUEWATER (L),0,0,0,0,0,0,0,0,0,33091.111639906536,27616.53465259056,38384.54240460331,17798.48380876167,13697.314233735662,21723.03426734922,15291.057524987895,13897.316186079328,16692.62594790153,0,0,0,0,0,0,0,0,0
Med,pf_redm_tot,BLUEWATER (L),-8084.6593030447875,-9136.311638128627,-7124.471768359936,-6193.443147399129,-7002.104501423836,-5460.634223939724,-1890.9534035193767,-2134.207136704777,-1665.599670138562,33091.111639906536,27616.53465259056,38384.54240460331,17798.48380876167,13697.314233735662,21723.03426734922,15291.057524987895,13897.316186079328,16692.62594790153,-24.431513184026784,-33.08275912623092,-18.560783383223363,-34.79758845722735,-51.12027352178337,-25.137529853034035,-12.36640042998513,-15.356973304259789,-9.978056630137024
Med,pf_seafood,BLUEWATER (L),1207.8255755972782,1179.6598689412742,1236.6405230631922,754.6269702500354,736.9411016124031,772.6302895803693,453.2000102351262,442.6938175968664,463.99009344962695,33091.111639906536,27616.53465259056,38384.54240460331,17798.48380876167,13697.314233735662,21723.03426734922,15291.057524987895,13897.316186079328,16692.62594790153,3.6500000022383343,4.271570940312081,3.2217149029107266,4.239838507359569,5.380186867563872,3.5567328213520812,2.9638238525656515,3.1854626581807515,2.779611158230957
Med,sat_fat,BLUEWATER (L),-5532.975374220354,-5612.784726162169,-5456.6629646724105,-4254.620520305116,-4316.398244636221,-4196.299587049431,-1278.0413832390054,-1296.2582079672663,-1260.2858107503896,33091.111639906536,27616.53465259056,38384.54240460331,17798.48380876167,13697.314233735662,21723.03426734922,15291.057524987895,13897.316186079328,16692.62594790153,-16.720427631532967,-20.324000808825822,-14.215782246808848,-23.904398633161613,-31.5127343286408,-19.317281073190927,-8.35809675786317,-9.32739955406428,-7.549955379601752
Med,veg_dg,BLUEWATER (L),980.3363486791234,773.8385183062484,1164.169773416567,713.6045466997432,559.8515022980191,851.735207203417,266.73775068110655,215.70242972018346,313.1159496422474,33091.111639906536,27616.53465259056,38384.54240460331,17798.48380876167,13697.314233735662,21723.03426734922,15291.057524987895,13897.316186079328,16692.62594790153,2.9625367662078705,2.8020840704344443,3.032912991759289,4.0093558213562925,4.087308597470433,3.920885069373649,1.7444035525026103,1.5521157238708319,1.8757740730517594
Med,veg_oth,BLUEWATER (L),197.06003872019315,23.042839114881172,378.9239499529303,118.63778381226217,10.794116520471675,229.97823508515867,78.64874909449804,12.26564880979515,148.13714811532685,33091.111639906536,27616.53465259056,38384.54240460331,17798.48380876167,13697.314233735662,21723.03426734922,15291.057524987895,13897.316186079328,16692.62594790153,0.5955074609296194,0.08343856100975235,0.9871785000294478,0.6665611806431527,0.07880462064516572,1.0586837559374804,0.5143447336194643,0.08825911885117367,0.8874406494081268
Med,veg_ro,BLUEWATER (L),3019.7293664120166,2946.9946511074504,3089.2753162059385,1835.322022912034,1789.461753491729,1880.2301763873595,1184.1662505271145,1155.911299237076,1211.6565362192207,33091.111639906536,27616.53465259056,38384.54240460331,17798.48380876167,13697.314233735662,21723.03426734922,15291.057524987895,13897.316186079328,16692.62594790153,9.125499920559772,10.671123977645793,8.048227548585949,10.311676222715999,13.064325771868418,8.655467524688468,7.7441749767274635,8.317514574468197,7.258633482837616
Med,veg_sta,BLUEWATER (L),4532.160000582953,4317.81313600756,4731.961771741631,1999.8991475004445,1906.6092865790333,2091.3028018122295,2531.0212386525486,2411.5739619536043,2646.0638982533615,33091.111639906536,27616.53465259056,38384.54240460331,17798.48380876167,13697.314233735662,21723.03426734922,15291.057524987895,13897.316186079328,16692.62594790153,13.696004080797794,15.63488392126175,12.32777955736199,11.236345572963653,13.919584920401176,9.627121036933408,16.552296886703083,17.352803445382005,15.85169347538159
Med,added_sugar,CED (mJ),-187.38254318754528,-191.0862157594125,-183.2172516115372,-124.20399160712127,-126.6554950440188,-121.43962354983199,-63.17965340933458,-64.43072071539372,-61.777630828726366,4177.503594429085,3950.030115699119,4399.68822917485,2557.510967047617,2399.0334843898077,2712.6221031224945,1619.7950475400128,1551.0990564271456,1687.8280871142092,-4.485514828459502,-4.8375888325497485,-4.164323517212017,-4.856440234565327,-5.27943840167923,-4.4768352882638185,-3.9004720693081323,-4.153875308505805,-3.66018502123351
Med,dairy_cow,CED (mJ),415.36148012286395,398.48373331969964,432.9810482854364,314.5104384055773,301.79894130922355,327.85794404348303,100.85039546330344,96.72208138515894,105.12273813621252,4177.503594429085,3950.030115699119,4399.68822917485,2557.510967047617,2399.0334843898077,2712.6221031224945,1619.7950475400128,1551.0990564271456,1687.8280871142092,9.94281562502471,10.088118866131015,9.841175686365416,12.297520615078621,12.580022049420702,12.086384744343354,6.2261207438845565,6.235712734424059,6.22828467773325
Med,dairy_soy,CED (mJ),-1.0605391111556681,-1.4031251787333747,-0.7127881480976666,-0.8337753433558099,-1.103109885683306,-0.560380260066476,-0.22676376779985447,-0.30001529305006885,-0.15240788803118685,4177.503594429085,3950.030115699119,4399.68822917485,2557.510967047617,2399.0334843898077,2712.6221031224945,1619.7950475400128,1551.0990564271456,1687.8280871142092,-0.0253869107993097,-0.03552188559668828,-0.016200878584329784,-0.032601046646471184,-0.045981429307306275,-0.02065825016398057,-0.013999534579651989,-0.019342110473662095,-0.009029822953815672
Med,dairy_tot,CED (mJ),0,0,0,0,0,0,0,0,0,4177.503594429085,3950.030115699119,4399.68822917485,2557.510967047617,2399.0334843898077,2712.6221031224945,1619.7950475400128,1551.0990564271456,1687.8280871142092,0,0,0,0,0,0,0,0,0
Med,fruit_exc_juice,CED (mJ),524.9982508313701,513.4862130562234,537.3182019275516,295.4926063516236,289.1360240679926,302.22300999394923,229.49419802729534,224.26639089828154,235.219036126237,4177.503594429085,3950.030115699119,4399.68822917485,2557.510967047617,2399.0334843898077,2712.6221031224945,1619.7950475400128,1551.0990564271456,1687.8280871142092,12.567272270728436,12.999551851906352,12.212642667826586,11.553913557318557,12.052187931071504,11.141360591512576,14.168100981406804,14.458547309987049,13.936196341441768
Med,fruit_juice,CED (mJ),288.30518682763926,280.46957824914864,295.7930970504676,251.25526245383924,244.4373197718736,257.8184212867756,37.04938751161003,36.076055510981874,37.979574121637974,4177.503594429085,3950.030115699119,4399.68822917485,2557.510967047617,2399.0334843898077,2712.6221031224945,1619.7950475400128,1551.0990564271456,1687.8280871142092,6.901374955418567,7.100441516494821,6.723046762473504,9.824210558279152,10.188991581918085,9.504398750935534,2.2872886028313912,2.325838273287374,2.2502039402943077
Med,gr_refined,CED (mJ),-128.25736494376468,-131.2048269080938,-125.4594923433707,-99.24972073841565,-101.57174787864274,-97.08280563636549,-28.995722469356586,-29.659347501701713,-28.367958749351487,4177.503594429085,3950.030115699119,4399.68822917485,2557.510967047617,2399.0334843898077,2712.6221031224945,1619.7950475400128,1551.0990564271456,1687.8280871142092,-3.070191611918718,-3.321615862791257,-2.8515541513017686,-3.8807153524346063,-4.2338612003357445,-3.578928503333127,-1.790085882370888,-1.9121504444738728,-1.6807374498580632
Med,gr_whole,CED (mJ),160.61209568161402,158.26115764744608,162.9913515725498,128.71339387908924,126.83038136160916,130.63770422205937,31.89811976196996,31.437148368022264,32.37697752743319,4177.503594429085,3950.030115699119,4399.68822917485,2557.510967047617,2399.0334843898077,2712.6221031224945,1619.7950475400128,1551.0990564271456,1687.8280871142092,3.8446907836488395,4.006581038925454,3.704611397047068,5.032760192918179,5.286728267315884,4.81591977266876,1.969268878208618,2.026766004257372,1.9182627528607041
Med,leg_tot,CED (mJ),26.042366678921834,24.409835114488747,27.85721896575954,20.91153561536972,19.57659478056847,22.389045217327464,5.133449055034722,4.82851103179224,5.463717582320461,4177.503594429085,3950.030115699119,4399.68822917485,2557.510967047617,2399.0334843898077,2712.6221031224945,1619.7950475400128,1551.0990564271456,1687.8280871142092,0.6233954343845608,0.617965797715657,0.6331634769262751,0.8176518452826003,0.8160200725813447,0.8253654348519638,0.3169196660300268,0.3112961104440613,0.32371291981887435
Med,oil,CED (mJ),-3.3191622371172618,-4.587017393188877,-2.044307263749518,-2.764447050458135,-3.8227043340950786,-1.6984592973165231,-0.5552305126258155,-0.7646194286473109,-0.34514817391933195,4177.503594429085,3950.030115699119,4399.68822917485,2557.510967047617,2399.0334843898077,2712.6221031224945,1619.7950475400128,1551.0990564271456,1687.8280871142092,-0.07945324670799887,-0.11612613724027311,-0.04646482107967279,-0.10809130776277391,-0.15934351725263143,-0.06261319242962113,-0.03427782505379588,-0.049295331944083656,-0.0204492493373217
Med,pf_egg,CED (mJ),-69.96966500737624,-80.61997634022035,-59.13945261709092,-51.68213869098406,-59.548845889713334,-43.682550029976284,-18.287526316392142,-21.07113045050682,-15.456902587114923,4177.503594429085,3950.030115699119,4399.68822917485,2557.510967047617,2399.0334843898077,2712.6221031224945,1619.7950475400128,1551.0990564271456,1687.8280871142092,-1.6749157343798429,-2.0409964982242004,-1.3441737126946918,-2.0207983213712573,-2.4822015314579713,-1.6103441013657367,-1.1290024836268922,-1.3584645263754322,-0.9157865487084413
Med,pf_ns,CED (mJ),-7.667099447393236,-10.313819547965783,-5.390480867728266,-6.721602518599454,-9.026610821575039,-4.7313622871562835,-0.9396183403735417,-1.260918885743971,-0.6525210581220132,4177.503594429085,3950.030115699119,4399.68822917485,2557.510967047617,2399.0334843898077,2712.6221031224945,1619.7950475400128,1551.0990564271456,1687.8280871142092,-0.18353304249977678,-0.26110736490271874,-0.12251961018472522,-0.26281813079999616,-0.3762603098418591,-0.17442025122887633,-0.05800847099764521,-0.0812919639477065,-0.03866039812370177
Med,pf_pm,CED (mJ),0,0,0,0,0,0,0,0,0,4177.503594429085,3950.030115699119,4399.68822917485,2557.510967047617,2399.0334843898077,2712.6221031224945,1619.7950475400128,1551.0990564271456,1687.8280871142092,0,0,0,0,0,0,0,0,0
Med,pf_poultry,CED (mJ),0,0,0,0,0,0,0,0,0,4177.503594429085,3950.030115699119,4399.68822917485,2557.510967047617,2399.0334843898077,2712.6221031224945,1619.7950475400128,1551.0990564271456,1687.8280871142092,0,0,0,0,0,0,0,0,0
Med,pf_poultry_tot,CED (mJ),-134.2975251139668,-151.25762552388798,-117.82349205781276,-109.60226114401745,-123.3309104045127,-96.12294821764277,-24.729188902030085,-27.870356676405958,-21.630993797880713,4177.503594429085,3950.030115699119,4399.68822917485,2557.510967047617,2399.0334843898077,2712.6221031224945,1619.7950475400128,1551.0990564271456,1687.8280871142092,-3.2147794030161805,-3.829277780002869,-2.6779963924832524,-4.28550503032806,-5.140858233409852,-3.5435436475650564,-1.5266862890824597,-1.7968134633904997,-1.2815875007071749
Med,pf_redm,CED (mJ),0,0,0,0,0,0,0,0,0,4177.503594429085,3950.030115699119,4399.68822917485,2557.510967047617,2399.0334843898077,2712.6221031224945,1619.7950475400128,1551.0990564271456,1687.8280871142092,0,0,0,0,0,0,0,0,0
Med,pf_redm_tot,CED (mJ),-356.492106898261,-403.1977351439438,-314.1630724641196,-273.1421228321687,-308.8966962712782,-240.80954295843134,-83.36307159214616,-94.21084619778654,-73.41117683686065,4177.503594429085,3950.030115699119,4399.68822917485,2557.510967047617,2399.0334843898077,2712.6221031224945,1619.7950475400128,1551.0990564271456,1687.8280871142092,-8.533615802836447,-10.207459774584061,-7.140575788549455,-10.679998105637964,-12.875880986290019,-8.877371554306658,-5.146519722896417,-6.073812359527509,-4.349446332675774
Med,pf_seafood,CED (mJ),3655.5941301863168,3574.5617907781325,3735.4502959964593,2284.6818583952577,2234.283568988261,2334.875858654668,1370.7298038397485,1340.1735447628182,1400.9596505353104,4177.503594429085,3950.030115699119,4399.68822917485,2557.510967047617,2399.0334843898077,2712.6221031224945,1619.7950475400128,1551.0990564271456,1687.8280871142092,87.50666630332141,90.4945452585611,84.90261358125899,89.33224091049304,93.13265460971877,86.07449802783057,84.62365692014428,86.40154471177487,83.00369339928591
Med,sat_fat,CED (mJ),-310.5936557514674,-315.1308561904427,-306.3048996625243,-238.95060096737274,-242.41951641866794,-235.65853428793127,-71.64901151766323,-72.68658838321592,-70.6481236061752,4177.503594429085,3950.030115699119,4399.68822917485,2557.510967047617,2399.0334843898077,2712.6221031224945,1619.7950475400128,1551.0990564271456,1687.8280871142092,-7.4349105567655265,-7.977935533655228,-6.961968296557481,-9.343091937674721,-10.10488257025421,-8.687481165056687,-4.423338102340588,-4.686134523906209,-4.185741672717803
Med,veg_dg,CED (mJ),15.767269062632696,12.1206949715624,19.18613944412304,11.536114079944374,8.761648157909164,14.174052697960194,4.2367528407564405,3.359173694195275,5.03885826655855,4177.503594429085,3950.030115699119,4399.68822917485,2557.510967047617,2399.0334843898077,2712.6221031224945,1619.7950475400128,1551.0990564271456,1687.8280871142092,0.3774328066086923,0.3068506977551777,0.4360795230193243,0.45106801998435336,0.36521575104808024,0.5225222002594636,0.2615610442315408,0.21656732239479984,0.29854096545897735
Med,veg_oth,CED (mJ),3.181936294927731,-0.0697236047053553,6.5505087451751045,1.9041123186474376,-0.10164302293058855,3.972749397256642,1.2751101904044433,0.03101498403266575,2.567844679251177,4177.503594429085,3950.030115699119,4399.68822917485,2557.510967047617,2399.0334843898077,2712.6221031224945,1619.7950475400128,1551.0990564271456,1687.8280871142092,0.07616836761483595,-0.0017651410916651926,0.14888574835230167,0.07445177530736218,-0.004236832190628693,0.14645421463917208,0.07872046481071521,0.0019995488943244364,0.15213899441865494
Med,veg_ro,CED (mJ),170.15879787747903,166.18077838685656,173.89859328799923,103.95286466884765,101.47184501629631,106.29730356025935,66.21817614677943,64.72168622907552,67.69115183002093,4177.503594429085,3950.030115699119,4399.68822917485,2557.510967047617,2399.0334843898077,2712.6221031224945,1619.7950475400128,1551.0990564271456,1687.8280871142092,4.073217270342855,4.207076237884431,3.952520820335796,4.064610709718696,4.229696904047406,3.918618204795305,4.088058933588243,4.172633975947201,4.010547777158807
Med,veg_sta,CED (mJ),116.52174256336673,110.92725576615585,121.9170109353592,51.70344177191418,49.21444090719187,54.16222057347434,64.83544153083248,61.73799309523913,67.8514018354089,4177.503594429085,3950.030115699119,4399.68822917485,2557.510967047617,2399.0334843898077,2712.6221031224945,1619.7950475400128,1551.0990564271456,1687.8280871142092,2.7892673202903873,2.8082635452647113,2.771037505042134,2.0216312828406156,2.051427844897693,1.9966740118768593,4.002694145120288,3.98027404113368,4.0200422278443595
Med,dairy_tot,CVD (deaths),0,0,0,NA,NA,NA,NA,NA,NA,235680.3031374776,204851.20938628016,269137.46313880454,NA,NA,NA,NA,NA,NA,0,0,0,NA,NA,NA,NA,NA,NA
Med,fruit_exc_juice,CVD (deaths),58259.9601887031,53282.8283369549,63585.6185776199,NA,NA,NA,NA,NA,NA,235680.3031374776,204851.20938628016,269137.46313880454,NA,NA,NA,NA,NA,NA,24.719910579340507,26.010502206253268,23.625703325005464,NA,NA,NA,NA,NA,NA
Med,gr_whole,CVD (deaths),50128.7648128309,45569.5439834725,54658.3668726959,NA,NA,NA,NA,NA,NA,235680.3031374776,204851.20938628016,269137.46313880454,NA,NA,NA,NA,NA,NA,21.269815145981745,22.245191580755446,20.30871742463682,NA,NA,NA,NA,NA,NA
Med,leg_tot,CVD (deaths),9893.13840012968,8826.89979586921,10995.2485599773,NA,NA,NA,NA,NA,NA,235680.3031374776,204851.20938628016,269137.46313880454,NA,NA,NA,NA,NA,NA,4.1976941935443755,4.3089322354083155,4.085365311742805,NA,NA,NA,NA,NA,NA
Med,pf_ns,CVD (deaths),5106.97662480966,3623.93554896742,7258.99830958204,NA,NA,NA,NA,NA,NA,235680.3031374776,204851.20938628016,269137.46313880454,NA,NA,NA,NA,NA,NA,2.166908543829667,1.7690574343322045,2.697134105718421,NA,NA,NA,NA,NA,NA
Med,pf_pm,CVD (deaths),21506.2753686045,16641.7979692144,26977.2839418632,NA,NA,NA,NA,NA,NA,235680.3031374776,204851.20938628016,269137.46313880454,NA,NA,NA,NA,NA,NA,9.125189963821205,8.123846580682661,10.023607872067211,NA,NA,NA,NA,NA,NA
Med,pf_redm,CVD (deaths),8405.53315435494,6229.1517765246,10656.327429195,NA,NA,NA,NA,NA,NA,235680.3031374776,204851.20938628016,269137.46313880454,NA,NA,NA,NA,NA,NA,3.566497939139107,3.0408176720980564,3.9594366777913494,NA,NA,NA,NA,NA,NA
Med,pf_seafood,CVD (deaths),13201.0655385379,10346.310164013,16313.3652852747,NA,NA,NA,NA,NA,NA,235680.3031374776,204851.20938628016,269137.46313880454,NA,NA,NA,NA,NA,NA,5.601259571885998,5.050646366701871,6.061350618015327,NA,NA,NA,NA,NA,NA
Med,sodium,CVD (deaths),42819.5613826702,39435.4714555325,46387.606546244,NA,NA,NA,NA,NA,NA,235680.3031374776,204851.20938628016,269137.46313880454,NA,NA,NA,NA,NA,NA,18.16849385062637,19.250787717425933,17.235655714834515,NA,NA,NA,NA,NA,NA
Med,ssb,CVD (deaths),7170.48946306813,4395.62832913864,10421.6504350128,NA,NA,NA,NA,NA,NA,235680.3031374776,204851.20938628016,269137.46313880454,NA,NA,NA,NA,NA,NA,3.0424644603776767,2.145766355154863,3.8722407179850524,NA,NA,NA,NA,NA,NA
Med,veg_exc_sta,CVD (deaths),19188.5382037686,16499.642026593,21882.9971813397,NA,NA,NA,NA,NA,NA,235680.3031374776,204851.20938628016,269137.46313880454,NA,NA,NA,NA,NA,NA,8.141765751453356,8.05445185118739,8.130788232203034,NA,NA,NA,NA,NA,NA
Med,dairy_tot,Cancer (cases),4477.11608444943,4067.11865759179,4898.22080274892,NA,NA,NA,NA,NA,NA,54425.416233756565,47362.79821311365,61869.95546640464,NA,NA,NA,NA,NA,NA,8.226149461531476,8.587158721685704,7.916961901497814,NA,NA,NA,NA,NA,NA
Med,fruit_exc_juice,Cancer (cases),7428.24472556207,5817.51026865895,9035.16562693371,NA,NA,NA,NA,NA,NA,54425.416233756565,47362.79821311365,61869.95546640464,NA,NA,NA,NA,NA,NA,13.648484916785645,12.282868597591046,14.603478471614226,NA,NA,NA,NA,NA,NA
Med,gr_whole,Cancer (cases),29263.258955636,26993.0190943881,31424.8473110372,NA,NA,NA,NA,NA,NA,54425.416233756565,47362.79821311365,61869.95546640464,NA,NA,NA,NA,NA,NA,53.76763464692787,56.99202773647433,50.79177296014199,NA,NA,NA,NA,NA,NA
Med,leg_tot,Cancer (cases),2808.07095930982,2477.37540696042,3165.83491441622,NA,NA,NA,NA,NA,NA,54425.416233756565,47362.79821311365,61869.95546640464,NA,NA,NA,NA,NA,NA,5.159484582073174,5.230635647440469,5.1169180429348575,NA,NA,NA,NA,NA,NA
Med,pf_ns,Cancer (cases),80.8919030574992,55.5267255974901,116.087329812567,NA,NA,NA,NA,NA,NA,54425.416233756565,47362.79821311365,61869.95546640464,NA,NA,NA,NA,NA,NA,0.14862891026881517,0.11723700391949403,0.187631183726328,NA,NA,NA,NA,NA,NA
Med,pf_pm,Cancer (cases),3983.37567018598,3104.40407684691,4890.5680409383,NA,NA,NA,NA,NA,NA,54425.416233756565,47362.79821311365,61869.95546640464,NA,NA,NA,NA,NA,NA,7.318962252998536,6.554519990306175,7.90459279317548,NA,NA,NA,NA,NA,NA
Med,pf_redm,Cancer (cases),2239.23645955884,1530.1627781651,3222.40740200465,NA,NA,NA,NA,NA,NA,54425.416233756565,47362.79821311365,61869.95546640464,NA,NA,NA,NA,NA,NA,4.1143212390720985,3.2307271442873353,5.208355780625083,NA,NA,NA,NA,NA,NA
Med,pf_seafood,Cancer (cases),0,0,0,NA,NA,NA,NA,NA,NA,54425.416233756565,47362.79821311365,61869.95546640464,NA,NA,NA,NA,NA,NA,0,0,0,NA,NA,NA,NA,NA,NA
Med,sodium,Cancer (cases),0,0,0,NA,NA,NA,NA,NA,NA,54425.416233756565,47362.79821311365,61869.95546640464,NA,NA,NA,NA,NA,NA,0,0,0,NA,NA,NA,NA,NA,NA
Med,ssb,Cancer (cases),337.809897750778,184.5432635719,535.68691265602,NA,NA,NA,NA,NA,NA,54425.416233756565,47362.79821311365,61869.95546640464,NA,NA,NA,NA,NA,NA,0.6206840868242297,0.3896375858992307,0.8658272155164194,NA,NA,NA,NA,NA,NA
Med,veg_exc_sta,Cancer (cases),3807.41157824615,3133.13794133299,4581.13712585705,NA,NA,NA,NA,NA,NA,54425.416233756565,47362.79821311365,61869.95546640464,NA,NA,NA,NA,NA,NA,6.995649903518163,6.615187572396213,7.404461650767804,NA,NA,NA,NA,NA,NA
Med,added_sugar,FL (mrh-eq),-8.680647735618866,-8.853266386778113,-8.48777940053812,-5.754300604363914,-5.868879801755822,-5.626478661714529,-2.9262391389856957,-2.984386585022292,-2.8613007388236085,77.41248283493171,71.09267784070978,83.55024234636623,47.72886711628813,43.143021939609355,52.16664875245459,29.676016074841048,27.95135031543285,31.376278062720743,-11.213498673242139,-12.453133931197158,-10.15889261619511,-12.056227084426608,-13.6033118170789,-10.785585802940401,-9.860619874331867,-10.677074815145925,-9.11931215392695
Med,dairy_cow,FL (mrh-eq),9.43921157162547,9.055659820798077,9.839621430618658,7.147342042205684,6.858469539033037,7.4506680261953235,2.2918548431083097,2.1980376937515573,2.3889450845629123,77.41248283493171,71.09267784070978,83.55024234636623,47.72886711628813,43.143021939609355,52.16664875245459,29.676016074841048,27.95135031543285,31.376278062720743,12.193397273864608,12.7378234944085,11.776891549670774,14.97488307189792,15.897054102128894,14.282435625778525,7.722919536532114,7.8637978807698214,7.613857449208744
Med,dairy_soy,FL (mrh-eq),-0.1779350137238352,-0.2354133810889112,-0.11959009109597062,-0.1398890673640002,-0.18507744842532978,-0.0940194173101637,-0.038045946359835,-0.050335932663577804,-0.02557067378580639,77.41248283493171,71.09267784070978,83.55024234636623,47.72886711628813,43.143021939609355,52.16664875245459,29.676016074841048,27.95135031543285,31.376278062720743,-0.22985312860104207,-0.3311359034982172,-0.14313554064893963,-0.2930911119745835,-0.42898582460078266,-0.18022897686280798,-0.12820435958750498,-0.18008408214820912,-0.0814968357135635
Med,dairy_tot,FL (mrh-eq),0,0,0,0,0,0,0,0,0,77.41248283493171,71.09267784070978,83.55024234636623,47.72886711628813,43.143021939609355,52.16664875245459,29.676016074841048,27.95135031543285,31.376278062720743,0,0,0,0,0,0,0,0,0
Med,fruit_exc_juice,FL (mrh-eq),32.17041206657843,31.470125906104762,32.87222045704163,18.15887058618263,17.773309212380333,18.54516158477705,14.006951744314248,13.695501463235477,14.330079935398858,77.41248283493171,71.09267784070978,83.55024234636623,47.72886711628813,43.143021939609355,52.16664875245459,29.676016074841048,27.95135031543285,31.376278062720743,41.55713767142192,44.26633918139461,39.3442550660313,38.04588644842497,41.19625472054094,35.54984272188741,47.19956920426784,48.997638070006744,45.67170110729267
Med,fruit_juice,FL (mrh-eq),18.278654046935188,17.783818939340645,18.759914527030343,15.917805477311907,15.482509035127116,16.333539245727117,2.3590466301574446,2.2970939160759944,2.4180741834848423,77.41248283493171,71.09267784070978,83.55024234636623,47.72886711628813,43.143021939609355,52.16664875245459,29.676016074841048,27.95135031543285,31.376278062720743,23.612024027069577,25.014979713082493,22.45345315607723,33.3504783143695,35.88647326744795,31.310309625665912,7.94933735110561,8.218185848458614,7.706695416999892
Med,gr_refined,FL (mrh-eq),-2.9003449080013715,-2.97033156180305,-2.833736591322246,-2.239633612201441,-2.2931845962568103,-2.188466751136116,-0.6607912780588349,-0.676814624122096,-0.6457701304733823,77.41248283493171,71.09267784070978,83.55024234636623,47.72886711628813,43.143021939609355,52.16664875245459,29.676016074841048,27.95135031543285,31.376278062720743,-3.7466114014012946,-4.178111800006146,-3.391655741194257,-4.692408907893679,-5.315308230996798,-4.195145372517613,-2.226684594024888,-2.4214022452732977,-2.058147652766516
Med,gr_whole,FL (mrh-eq),2.8726404351388726,2.82815668009968,2.915825104966428,2.302532643103779,2.266915039434589,2.337167728742676,0.5700612622057144,0.5614536395967219,0.578584575928895,77.41248283493171,71.09267784070978,83.55024234636623,47.72886711628813,43.143021939609355,52.16664875245459,29.676016074841048,27.95135031543285,31.376278062720743,3.7108232806125923,3.978126532856796,3.489906220593079,4.824192951183641,5.25441876233836,4.480195267733593,1.920949431918542,2.008681631694641,1.8440191496655929
Med,leg_tot,FL (mrh-eq),1.0969268747783496,1.0303325302686406,1.1723333828368192,0.8799964139237971,0.8260322278131573,0.9416096627592778,0.21676116952051697,0.2041013091698233,0.2304166979746638,77.41248283493171,71.09267784070978,83.55024234636623,47.72886711628813,43.143021939609355,52.16664875245459,29.676016074841048,27.95135031543285,31.376278062720743,1.4169896567164113,1.4492808001651072,1.4031477945650823,1.8437404176800298,1.9146369231376952,1.8050031682646135,0.7304254350511838,0.7302019647227287,0.7343659356730076
Med,oil,FL (mrh-eq),-0.1294716875357793,-0.17930435393667177,-0.0787216194535232,-0.1078367358702399,-0.1493929797694739,-0.06550744302766245,-0.021655733003428428,-0.029908500074651054,-0.01321417642585856,77.41248283493171,71.09267784070978,83.55024234636623,47.72886711628813,43.143021939609355,52.16664875245459,29.676016074841048,27.95135031543285,31.376278062720743,-0.16724910866359183,-0.2522121256121777,-0.09422069552733854,-0.22593608938486442,-0.3462737959769969,-0.1255734163383078,-0.07297385521295725,-0.10700198644119742,-0.042115181410120106
Med,pf_egg,FL (mrh-eq),-1.012850151071633,-1.1691815105997898,-0.8525165642289819,-0.7481279490955132,-0.863599975494844,-0.6296997320795884,-0.26472220197611984,-0.3055815351049423,-0.22281683214938985,77.41248283493171,71.09267784070978,83.55024234636623,47.72886711628813,43.143021939609355,52.16664875245459,29.676016074841048,27.95135031543285,31.376278062720743,-1.308380914782639,-1.644587805820815,-1.020363963391974,-1.5674538163094265,-2.0017141513723633,-1.2070925526914533,-0.8920409036998332,-1.0932621560548392,-0.7101442424241081
Med,pf_ns,FL (mrh-eq),-2.1465487324100314,-2.7864308639350717,-1.5668755142729325,-1.8877074191719714,-2.4448605416592204,-1.3785650096335529,-0.25847726035124363,-0.33747711091751575,-0.18644611933438493,77.41248283493171,71.09267784070978,83.55024234636623,47.72886711628813,43.143021939609355,52.16664875245459,29.676016074841048,27.95135031543285,31.376278062720743,-2.772871575488882,-3.919434389823305,-1.875369203331915,-3.9550643734591504,-5.666873648956446,-2.6426175393693225,-0.8709971705749864,-1.2073731934560015,-0.5942263737007996
Med,pf_pm,FL (mrh-eq),0,0,0,0,0,0,0,0,0,77.41248283493171,71.09267784070978,83.55024234636623,47.72886711628813,43.143021939609355,52.16664875245459,29.676016074841048,27.95135031543285,31.376278062720743,0,0,0,0,0,0,0,0,0
Med,pf_poultry,FL (mrh-eq),0,0,0,0,0,0,0,0,0,77.41248283493171,71.09267784070978,83.55024234636623,47.72886711628813,43.143021939609355,52.16664875245459,29.676016074841048,27.95135031543285,31.376278062720743,0,0,0,0,0,0,0,0,0
Med,pf_poultry_tot,FL (mrh-eq),-2.0138045966857714,-2.2659304176969797,-1.7661315030615707,-1.6425092207155743,-1.848625150380606,-1.4411056154686142,-0.37032867128673047,-0.41744881310092546,-0.32426638190586193,77.41248283493171,71.09267784070978,83.55024234636623,47.72886711628813,43.143021939609355,52.16664875245459,29.676016074841048,27.95135031543285,31.376278062720743,-2.601395179353503,-3.187290852616387,-2.1138556316089288,-3.4413329290085866,-4.284876365332662,-2.762503725909374,-1.2479056162821345,-1.4934835290244937,-1.0334762499798669
Med,pf_redm,FL (mrh-eq),0,0,0,0,0,0,0,0,0,77.41248283493171,71.09267784070978,83.55024234636623,47.72886711628813,43.143021939609355,52.16664875245459,29.676016074841048,27.95135031543285,31.376278062720743,0,0,0,0,0,0,0,0,0
Med,pf_redm_tot,FL (mrh-eq),-11.924187026791893,-13.486851359631812,-10.512999493370767,-9.135775479516047,-10.332715333496164,-8.058608716972062,-2.78797410553164,-3.1515765067906454,-2.4554647641426635,77.41248283493171,71.09267784070978,83.55024234636623,47.72886711628813,43.143021939609355,52.16664875245459,29.676016074841048,27.95135031543285,31.376278062720743,-15.40344217122979,-18.97080229535093,-12.582847395927391,-19.140985385756913,-23.949910944948805,-15.44781754184062,-9.39470479629255,-11.275220950776598,-7.825863728114034
Med,pf_seafood,FL (mrh-eq),40.5409183166674,39.6316153424183,41.47837466185457,25.300916330636902,24.740608010606724,25.8901390275532,15.237046936888527,14.893461886875931,15.57890198445909,77.41248283493171,71.09267784070978,83.55024234636623,47.72886711628813,43.143021939609355,52.16664875245459,29.676016074841048,27.95135031543285,31.376278062720743,52.370001364138744,55.74640954053929,49.64482866477113,53.009672886207305,57.34556110890442,49.62967652073873,51.344651177104275,53.28351481700248,49.65184829544499
Med,sat_fat,FL (mrh-eq),-8.094798997689436,-8.213518460366839,-7.981577488032615,-6.225931648472377,-6.317086831799722,-6.139172691373111,-1.8691011801004147,-1.896101813136363,-1.8430140932435664,77.41248283493171,71.09267784070978,83.55024234636623,47.72886711628813,43.143021939609355,52.16664875245459,29.676016074841048,27.95135031543285,31.376278062720743,-10.456710211646548,-11.553255145023575,-9.553027332876132,-13.044373404680485,-14.642198315737456,-11.768386197290939,-6.298356138460968,-6.783578581137324,-5.873909230277112
Med,veg_dg,FL (mrh-eq),0.8349297798665603,0.667880100238095,0.985636627909224,0.606112546209733,0.4803539179258359,0.7187426911431579,0.22944317819457694,0.18733271730691928,0.2688078284524372,77.41248283493171,71.09267784070978,83.55024234636623,47.72886711628813,43.143021939609355,52.16664875245459,29.676016074841048,27.95135031543285,31.376278062720743,1.078546701113952,0.9394499131606026,1.1796933201260682,1.269907673972192,1.11339886806776,1.3777819897034098,0.7731603110604054,0.6702099011062331,0.8567231202983799
Med,veg_oth,FL (mrh-eq),0.18717261009127312,-0.031850310128594676,0.4089006564016629,0.11138742640164007,-0.023096761040068102,0.24701247305751195,0.07521652595472805,-0.008585975405984356,0.16187336632786756,77.41248283493171,71.09267784070978,83.55024234636623,47.72886711628813,43.143021939609355,52.16664875245459,29.676016074841048,27.95135031543285,31.376278062720743,0.24178608311838454,-0.044801111866904865,0.48940690645339197,0.23337538293178467,-0.05353533434073866,0.47350650073317063,0.253458974294382,-0.030717569309142677,0.5159100324273165
Med,veg_ro,FL (mrh-eq),7.111328119041099,6.9459950438056826,7.27347609027519,4.329688717741442,4.224701882619226,4.431959008438459,2.7814858127603195,2.7179006742728644,2.84457869414568,77.41248283493171,71.09267784070978,83.55024234636623,47.72886711628813,43.143021939609355,52.16664875245459,29.676016074841048,27.95135031543285,31.376278062720743,9.186280892455983,9.770338176554379,8.705511661022163,9.071425699655622,9.792317952444012,8.495770984771037,9.37284103683455,9.723682911920799,9.066016971354623
Med,veg_sta,FL (mrh-eq),1.9608778637376798,1.8711720836017292,2.0438676728084286,0.8559266693416911,0.8166424947473955,0.8922733427762174,1.1054834873906045,1.0546844114865561,1.1538796222700187,77.41248283493171,71.09267784070978,83.55024234636623,47.72886711628813,43.143021939609355,52.16664875245459,29.676016074841048,27.95135031543285,31.376278062720743,2.533025413897267,2.6320180086538256,2.446273781391755,1.7933102565713201,1.892872724331906,1.7104287204844328,3.7251748502987887,3.773286083084975,3.6775541699478485
Med,added_sugar,Food_price ($),-304.6369429648561,-310.6029268216624,-297.9898194904722,-212.7365464015042,-216.9275295590464,-208.11502306898555,-91.89075649585617,-93.66326301223451,-89.86609195329288,1716.9431538686074,1509.1524638892788,1930.3936261339131,809.7298831472228,674.5102296418457,947.1760049105243,907.2457374487037,833.6707787416002,983.4815369153164,-17.74298364383525,-20.58128216026623,-15.436738676311831,-26.272532461646232,-32.16074716527746,-21.972159555355848,-10.128541000839007,-11.235042105423949,-9.137547435324237
Med,dairy_cow,Food_price ($),0,0,0,0,0,0,0,0,0,1716.9431538686074,1509.1524638892788,1930.3936261339131,809.7298831472228,674.5102296418457,947.1760049105243,907.2457374487037,833.6707787416002,983.4815369153164,0,0,0,0,0,0,0,0,0
Med,dairy_soy,Food_price ($),0,0,0,0,0,0,0,0,0,1716.9431538686074,1509.1524638892788,1930.3936261339131,809.7298831472228,674.5102296418457,947.1760049105243,907.2457374487037,833.6707787416002,983.4815369153164,0,0,0,0,0,0,0,0,0
Med,dairy_tot,Food_price ($),88.79820275994771,83.68069858236741,93.86134560747618,68.16284300814382,64.22267464795664,72.06454452550325,20.644769448277412,19.457313561608245,21.808069727598394,1716.9431538686074,1509.1524638892788,1930.3936261339131,809.7298831472228,674.5102296418457,947.1760049105243,907.2457374487037,833.6707787416002,983.4815369153164,5.171877855121066,5.544880360643719,4.862290485047682,8.417973008876919,9.521378894736387,7.608358335926265,2.2755432840426746,2.3339325376113633,2.2174356008755653
Med,fruit_exc_juice,Food_price ($),807.3554683975084,790.1711240729534,826.6134685123423,300.7424124552648,294.3746774064364,307.22209350304894,506.67576540662907,495.6015893434943,519.2841751964636,1716.9431538686074,1509.1524638892788,1930.3936261339131,809.7298831472228,674.5102296418457,947.1760049105243,907.2457374487037,833.6707787416002,983.4815369153164,47.0228421120629,52.35860146539345,42.820979997112744,37.14107861332131,43.64272986085692,32.435586618568415,55.847687621158634,59.44811812782851,52.80060231991697
Med,fruit_juice,Food_price ($),80.26167734763511,78.02395992674276,82.39786210366998,68.69680416766668,66.76763819939718,70.52699814896434,11.578205044614391,11.257674987940783,11.882946195477624,1716.9431538686074,1509.1524638892788,1930.3936261339131,809.7298831472228,674.5102296418457,947.1760049105243,907.2457374487037,833.6707787416002,983.4815369153164,4.674684608327883,5.1700515218763945,4.268448724040387,8.483916130235794,9.89868429939895,7.446028803868055,1.2761928292078673,1.3503741854708988,1.2082531038405062
Med,gr_refined,Food_price ($),-380.9164019381114,-389.6192557800488,-371.57974063992646,-278.4508469791613,-284.7780557796135,-271.71094470712893,-102.49079394205043,-105.21972462444414,-99.71094099401705,1716.9431538686074,1509.1524638892788,1930.3936261339131,809.7298831472228,674.5102296418457,947.1760049105243,907.2457374487037,833.6707787416002,983.4815369153164,-22.18573172209182,-25.81709039363393,-19.248910461028927,-34.38811544127416,-42.219975808347066,-28.686426102274027,-11.296916558711892,-12.62125617300273,-10.138567654941422
Med,gr_whole,Food_price ($),271.7238228196764,267.6878684077429,275.8000746373238,223.7048414316553,220.38605529640807,227.05657384366904,48.027207697815804,47.2993942574656,48.7553830188917,1716.9431538686074,1509.1524638892788,1930.3936261339131,809.7298831472228,674.5102296418457,947.1760049105243,907.2457374487037,833.6707787416002,983.4815369153164,15.82602325577464,17.737629219905127,14.287245404435007,27.62709467534643,32.673493389926726,23.971951640088065,5.293737486480205,5.673629862481512,4.957427383112107
Med,leg_tot,Food_price ($),30.221669450778307,28.313785956961954,32.19712796978822,26.14863912868266,24.412601341658657,27.86811331450289,4.096812858413561,3.8655403674348765,4.339087099087026,1716.9431538686074,1509.1524638892788,1930.3936261339131,809.7298831472228,674.5102296418457,947.1760049105243,907.2457374487037,833.6707787416002,983.4815369153164,1.7602021000335972,1.8761382056782856,1.667904801067483,3.229303953443001,3.6193077982851887,2.942231767910492,0.4515659527852229,0.46367708524818246,0.44119659965316127
Med,oil,Food_price ($),-2.553465097186026,-3.705165560677022,-1.3998771921130326,-2.096505187575134,-3.045678053352187,-1.1388417114791507,-0.45844908334780965,-0.6648529564945767,-0.25083110087073124,1716.9431538686074,1509.1524638892788,1930.3936261339131,809.7298831472228,674.5102296418457,947.1760049105243,907.2457374487037,833.6707787416002,983.4815369153164,-0.14872158646793704,-0.24551300477145543,-0.07251770691538337,-0.25891414300118565,-0.4515391938487566,-0.1202354900857874,-0.05053196332859383,-0.07975006122898433,-0.025504403637048582
Med,pf_egg,Food_price ($),-85.0564138767688,-104.88593495056722,-65.58890436974892,-54.0254299577371,-66.62640397394998,-41.71568800215877,-31.009316731046454,-38.260325691424576,-23.857359317039375,1716.9431538686074,1509.1524638892788,1930.3936261339131,809.7298831472228,674.5102296418457,947.1760049105243,907.2457374487037,833.6707787416002,983.4815369153164,-4.953944671092932,-6.949989312561751,-3.3976958627400147,-6.672031140527186,-9.8777455175628,-4.404217145059484,-3.4179622401146568,-4.5893806844444445,-2.4258065272753195
Med,pf_ns,Food_price ($),-10.95927810739191,-14.66273418773726,-7.507517507699816,-9.424891319296126,-12.56297403779171,-6.499509887783318,-1.5413308713807865,-2.1177880570807077,-1.0089504439573782,1716.9431538686074,1509.1524638892788,1930.3936261339131,809.7298831472228,674.5102296418457,947.1760049105243,907.2457374487037,833.6707787416002,983.4815369153164,-0.6383017447431805,-0.9715873338568801,-0.3889112254652157,-1.1639549824521567,-1.8625327661023687,-0.6861987480771643,-0.16989122216382244,-0.2540317006525576,-0.10258966804012865
Med,pf_pm,Food_price ($),-63.48235487149642,-73.69233797222235,-52.74006901399213,-45.93123982157152,-53.31287972632816,-38.13863139218374,-17.566322142344234,-20.405890023005263,-14.602698544578825,1716.9431538686074,1509.1524638892788,1930.3936261339131,809.7298831472228,674.5102296418457,947.1760049105243,907.2457374487037,833.6707787416002,983.4815369153164,-3.6974057486095746,-4.883028039612895,-2.732088849651719,-5.6724150580991255,-7.903939389419855,-4.026562243390713,-1.9362253706193298,-2.4477156382771756,-1.4847964091303734
Med,pf_poultry,Food_price ($),-133.09739153248358,-152.49130165134292,-113.2381687039472,-111.59533243836525,-127.75323793501661,-94.96515982241758,-21.449218984798687,-24.57251967163124,-18.277525239688817,1716.9431538686074,1509.1524638892788,1930.3936261339131,809.7298831472228,674.5102296418457,947.1760049105243,907.2457374487037,833.6707787416002,983.4815369153164,-7.7519975680376625,-10.10443313714993,-5.86606623493336,-13.781797456285222,-18.940148321079068,-10.026136571247763,-2.3642127043899657,-2.947508812618176,-1.858451282879815
Med,pf_poultry_tot,Food_price ($),0,0,0,0,0,0,0,0,0,1716.9431538686074,1509.1524638892788,1930.3936261339131,809.7298831472228,674.5102296418457,947.1760049105243,907.2457374487037,833.6707787416002,983.4815369153164,0,0,0,0,0,0,0,0,0
Med,pf_redm,Food_price ($),-222.15166812293634,-262.0114000194459,-181.53777335471847,-167.19616353959125,-197.35997760493507,-136.55858454115443,-55.010445029321005,-64.73754086915945,-44.971949281737956,1716.9431538686074,1509.1524638892788,1930.3936261339131,809.7298831472228,674.5102296418457,947.1760049105243,907.2457374487037,833.6707787416002,983.4815369153164,-12.938789943183929,-17.361493042539188,-9.404184250146557,-20.64838744616174,-29.259745654225306,-14.417445525771585,-6.06345588175677,-7.765360442029494,-4.572729389795378
Med,pf_redm_tot,Food_price ($),0,0,0,0,0,0,0,0,0,1716.9431538686074,1509.1524638892788,1930.3936261339131,809.7298831472228,674.5102296418457,947.1760049105243,907.2457374487037,833.6707787416002,983.4815369153164,0,0,0,0,0,0,0,0,0
Med,pf_seafood,Food_price ($),1367.1219084049555,1330.362144100973,1404.7436333864348,857.4368371457583,834.6901947003443,880.9255764523359,509.5660597758959,495.71278846838254,523.6176043083769,1716.9431538686074,1509.1524638892788,1930.3936261339131,809.7298831472228,674.5102296418457,947.1760049105243,907.2457374487037,833.6707787416002,983.4815369153164,79.62534492330533,88.1529319226276,72.76980271633919,105.89171216123458,123.74759611037354,93.0054785895419,56.166266618001835,59.46145662159892,53.2412236177509
Med,sat_fat,Food_price ($),-31.87534722663274,-32.43478174277517,-31.366958627848614,-27.1806866927759,-27.66509561434402,-26.74588564340066,-4.694495502257411,-4.771251404578518,-4.619253098505844,1716.9431538686074,1509.1524638892788,1930.3936261339131,809.7298831472228,674.5102296418457,947.1760049105243,907.2457374487037,833.6707787416002,983.4815369153164,-1.856517331678185,-2.1492051014638105,-1.6248996164926552,-3.3567597366088537,-4.101508679717688,-2.823750338346803,-0.5174447570797036,-0.5723184170831286,-0.4696837637637919
Med,veg_dg,Food_price ($),27.128042031950084,20.767984608948204,33.47801888311255,13.335477546767322,10.12596938710133,16.49642578424015,13.815329759447957,10.611235338217808,17.03954040099122,1716.9431538686074,1509.1524638892788,1930.3936261339131,809.7298831472228,674.5102296418457,947.1760049105243,907.2457374487037,833.6707787416002,983.4815369153164,1.5800198143325432,1.376135619553405,1.7342586729402174,1.6469044584269965,1.5012328860420783,1.7416431263795051,1.52277703704605,1.2728328266747138,1.7325734913576145
Med,veg_oth,Food_price ($),23.558141662822543,6.334252085697893,41.39353556170783,4.284300985786094,-1.1832969457063465,9.876673726218863,19.316960055194613,7.439716366491887,31.449866353119592,1716.9431538686074,1509.1524638892788,1930.3936261339131,809.7298831472228,674.5102296418457,947.1760049105243,907.2457374487037,833.6707787416002,983.4815369153164,1.3720979410262628,0.41972247584407185,2.14430544119691,0.5291024914548119,-0.17543054111049708,1.0427495708310168,2.129187193484809,0.8924045985780988,3.197809534052047
Med,veg_ro,Food_price ($),178.83997962356838,175.12198040749385,182.7153987796512,99.29662870886995,97.01038534618068,101.56109874833146,79.5409156747718,77.70310741430411,81.48086053237428,1716.9431538686074,1509.1524638892788,1930.3936261339131,809.7298831472228,674.5102296418457,947.1760049105243,907.2457374487037,833.6707787416002,983.4815369153164,10.416185254625761,11.603995262094468,9.465188669607432,12.262932463715941,14.382344563950003,10.72251600777466,8.76729560597898,9.320598657853225,8.28494053766769
Med,veg_sta,Food_price ($),76.66350510762828,72.79450442587654,80.14198959287317,56.55874090620575,53.73516254644653,59.16617564040159,20.094840510046197,19.13557494631298,20.989604056624916,1716.9431538686074,1509.1524638892788,1930.3936261339131,809.7298831472228,674.5102296418457,947.1760049105243,907.2457374487037,833.6707787416002,983.4815369153164,4.465116095130493,4.82353547223955,4.151587971898621,6.984889910000073,7.966545233121083,6.246587258720808,2.2149280708174586,2.2953395314152103,2.134214346560961
Med,added_sugar,GHG (kgCO2eq),-19.27578764493666,-19.65300100711415,-18.845232763879363,-12.776957143276292,-13.02692284364495,-12.491968796270898,-6.498624664416328,-6.626029449011633,-6.353263967608466,149.73597280613185,109.29279113066727,188.23375134943745,67.6013927217511,37.85621728018152,95.94696543731217,82.14415149048341,71.5089673383481,92.3407153130273,-12.873184234688656,-17.98197374575016,-10.011611960543165,-18.900434782263353,-34.41158092270567,-13.019660120916113,-7.911244497022054,-9.266011936181735,-6.880241230611473
Med,dairy_cow,GHG (kgCO2eq),77.10499171885527,73.97191706035353,80.37577324838762,58.38366316872329,56.023983888741185,60.86140691947669,18.72120858376457,17.954855327526133,19.51429836743276,149.73597280613185,109.29279113066727,188.23375134943745,67.6013927217511,37.85621728018152,95.94696543731217,82.14415149048341,71.5089673383481,92.3407153130273,51.49396652912902,67.68233869323996,42.69997950536399,86.36458631707752,147.99150024445484,63.43234165049342,22.7906774177751,25.108536727389552,21.132929608873965
Med,dairy_soy,GHG (kgCO2eq),-0.1627918790940658,-0.21537855798764094,-0.10941239300298286,-0.1279838277150247,-0.1693264578822915,-0.0860179078582329,-0.03480805137904135,-0.0460521001053458,-0.0233944851447478,149.73597280613185,109.29279113066727,188.23375134943745,67.6013927217511,37.85621728018152,95.94696543731217,82.14415149048341,71.5089673383481,92.3407153130273,-0.10871928504771386,-0.19706565799947465,-0.058125810179423934,-0.18932128845600726,-0.44728837175957686,-0.08965151473647542,-0.0423743513658108,-0.0644004546834638,-0.025334962010465756
Med,dairy_tot,GHG (kgCO2eq),0,0,0,0,0,0,0,0,0,149.73597280613185,109.29279113066727,188.23375134943745,67.6013927217511,37.85621728018152,95.94696543731217,82.14415149048341,71.5089673383481,92.3407153130273,0,0,0,0,0,0,0,0,0
Med,fruit_exc_juice,GHG (kgCO2eq),69.0128224310766,67.43960846683846,70.57624321464019,38.73439250573078,37.89201318494866,39.593428610965304,30.27746227096362,29.57459814590847,31.02214336905868,149.73597280613185,109.29279113066727,188.23375134943745,67.6013927217511,37.85621728018152,95.94696543731217,82.14415149048341,71.5089673383481,92.3407153130273,46.08967447016209,61.70544989212476,37.49393650643572,57.29821671746089,100.0945575319959,41.265951904267396,36.85893848994391,41.35788733457,33.59530328944952
Med,fruit_juice,GHG (kgCO2eq),36.519342730317945,35.520593592883465,37.4799734804982,31.82210070083648,30.9532007017101,32.664592085658846,4.695606368741893,4.574606808770077,4.8161465411012925,149.73597280613185,109.29279113066727,188.23375134943745,67.6013927217511,37.85621728018152,95.94696543731217,82.14415149048341,71.5089673383481,92.3407153130273,24.389157826223062,32.50039936340914,19.91139910446789,47.073143643381705,81.76517075813254,34.04442437212937,5.716300288628448,6.397249154955778,5.215626199964944
Med,gr_refined,GHG (kgCO2eq),-22.359492488707655,-22.874909883159972,-21.87612760189418,-17.28037832233219,-17.67764116629063,-16.905044283473313,-5.080133871468698,-5.197461478424154,-4.969823577778308,149.73597280613185,109.29279113066727,188.23375134943745,67.6013927217511,37.85621728018152,95.94696543731217,82.14415149048341,71.5089673383481,92.3407153130273,-14.932612430853363,-20.929934761947287,-11.62178804017102,-25.56216318420928,-46.696797610429044,-17.619154713671875,-6.184413350544187,-7.268265326545853,-5.382050118337314
Med,gr_whole,GHG (kgCO2eq),25.38609137270057,25.021510612716515,25.769419727250643,20.331305989542027,20.036123785415622,20.636383702881247,5.055766062483862,4.983271349951279,5.133044600707641,149.73597280613185,109.29279113066727,188.23375134943745,67.6013927217511,37.85621728018152,95.94696543731217,82.14415149048341,71.5089673383481,92.3407153130273,16.95390285777806,22.894017394799192,13.690116433695385,30.075276811568298,52.92690401981851,21.508115039202792,6.154748659214752,6.9687362794272945,5.55880965758934
Med,leg_tot,GHG (kgCO2eq),4.478445641686562,4.198713215650456,4.778391170218764,3.5974951379004216,3.372783716503525,3.842851206728741,0.880022592766292,0.8270249004135863,0.9350680029453743,149.73597280613185,109.29279113066727,188.23375134943745,67.6013927217511,37.85621728018152,95.94696543731217,82.14415149048341,71.5089673383481,92.3407153130273,2.99089494512114,3.8417110334666056,2.538541114950289,5.321628731389892,8.909457834999388,4.005182643571467,1.0713149710582193,1.1565331331110942,1.012628069617581
Med,oil,GHG (kgCO2eq),-0.4056823697820529,-0.5590771936821552,-0.24891538337053795,-0.33777269782782054,-0.46582654915218485,-0.20712010306685658,-0.06785090604498445,-0.09328600621210625,-0.04179528030367775,149.73597280613185,109.29279113066727,188.23375134943745,67.6013927217511,37.85621728018152,95.94696543731217,82.14415149048341,71.5089673383481,92.3407153130273,-0.27093180227793584,-0.5115407776655084,-0.1322373812273714,-0.4996534601263332,-1.2305153092938694,-0.21586936295778983,-0.08259980146346162,-0.13045357762015922,-0.045262027873614843
Med,pf_egg,GHG (kgCO2eq),-11.419581982251596,-13.157793868632519,-9.652008873776357,-8.434918471277108,-9.718824972427104,-7.129324703906061,-2.9846635109744724,-3.438968896205436,-2.5226841698702955,149.73597280613185,109.29279113066727,188.23375134943745,67.6013927217511,37.85621728018152,95.94696543731217,82.14415149048341,71.5089673383481,92.3407153130273,-7.6264786398635875,-12.03903179021336,-5.127671740366238,-12.477432981292898,-25.67299553596736,-7.430484821913488,-3.6334461514527328,-4.809143558085227,-2.7319305046734876
Med,pf_ns,GHG (kgCO2eq),-1.37497950068513,-1.8211106414663027,-0.9739124250364262,-1.207431555636083,-1.5984758258419205,-0.8561564760024463,-0.1670133870721856,-0.22086815240938243,-0.11865512365865956,149.73597280613185,109.29279113066727,188.23375134943745,67.6013927217511,37.85621728018152,95.94696543731217,82.14415149048341,71.5089673383481,92.3407153130273,-0.9182693209369012,-1.6662678504468205,-0.5173952163490879,-1.7861045564636506,-4.222492210490229,-0.8923226202102494,-0.20331744140242836,-0.30886776949852207,-0.12849708089917714
Med,pf_pm,GHG (kgCO2eq),0,0,0,0,0,0,0,0,0,149.73597280613185,109.29279113066727,188.23375134943745,67.6013927217511,37.85621728018152,95.94696543731217,82.14415149048341,71.5089673383481,92.3407153130273,0,0,0,0,0,0,0,0,0
Med,pf_poultry,GHG (kgCO2eq),0,0,0,0,0,0,0,0,0,149.73597280613185,109.29279113066727,188.23375134943745,67.6013927217511,37.85621728018152,95.94696543731217,82.14415149048341,71.5089673383481,92.3407153130273,0,0,0,0,0,0,0,0,0
Med,pf_poultry_tot,GHG (kgCO2eq),-19.48912993803272,-21.926275575563807,-17.091922128863054,-15.896798696827991,-17.894867925296378,-13.94753710984383,-3.5826348227994043,-4.038601617177769,-3.137672196904029,149.73597280613185,109.29279113066727,188.23375134943745,67.6013927217511,37.85621728018152,95.94696543731217,82.14415149048341,71.5089673383481,92.3407153130273,-13.015663218928655,-20.061959575494225,-9.080158051535392,-23.51548992823208,-47.27061817310705,-14.536715201229141,-4.361399756152403,-5.647685552595009,-3.397929273417021
Med,pf_redm,GHG (kgCO2eq),0,0,0,0,0,0,0,0,0,149.73597280613185,109.29279113066727,188.23375134943745,67.6013927217511,37.85621728018152,95.94696543731217,82.14415149048341,71.5089673383481,92.3407153130273,0,0,0,0,0,0,0,0,0
Med,pf_redm_tot,GHG (kgCO2eq),-155.1749485416912,-175.41548011740971,-136.90724935997156,-118.92273197927054,-134.38549013172548,-104.9388485724412,-36.26740330698417,-41.02105685612884,-31.992450679401113,149.73597280613185,109.29279113066727,188.23375134943745,67.6013927217511,37.85621728018152,95.94696543731217,82.14415149048341,71.5089673383481,92.3407153130273,-103.63237746657002,-160.50050355808747,-72.73257233545579,-175.9175768297545,-354.9892191739901,-109.3717222781829,-44.15092571890018,-57.364912937472226,-34.64609362289363
Med,pf_seafood,GHG (kgCO2eq),215.26401465535812,210.41239673381855,220.1641241877612,134.57421840780285,131.5524368960227,137.66979788544575,80.69665764398727,78.8906136035017,82.50300248898897,149.73597280613185,109.29279113066727,188.23375134943745,67.6013927217511,37.85621728018152,95.94696543731217,82.14415149048341,71.5089673383481,92.3407153130273,143.7623909747243,192.52175240200026,116.96314959958916,199.07018626334144,347.50549935398067,143.48530696928978,98.23786134468277,110.3226861467975,89.34628913075959
Med,sat_fat,GHG (kgCO2eq),-84.15525954150688,-85.38217361449223,-82.98269047403048,-64.70035299333678,-65.64952168291609,-63.8000268109439,-19.45153765527398,-19.72939302467852,-19.18246535553793,149.73597280613185,109.29279113066727,188.23375134943745,67.6013927217511,37.85621728018152,95.94696543731217,82.14415149048341,71.5089673383481,92.3407153130273,-56.20243283186566,-78.12242027235978,-44.08491563236248,-95.70860952472523,-173.41807079410682,-66.49509603576595,-23.679759669229146,-27.590096401935092,-20.77357240574862
Med,veg_dg,GHG (kgCO2eq),1.793576149465632,1.378611295488464,2.186044334326602,1.3118450150918233,0.9937563160495829,1.6159752061197092,0.4821775327244902,0.38283915211817027,0.5744133346123074,149.73597280613185,109.29279113066727,188.23375134943745,67.6013927217511,37.85621728018152,95.94696543731217,82.14415149048341,71.5089673383481,92.3407153130273,1.197825823583378,1.2613927059839076,1.1613455709483393,1.9405591545893262,2.6250808650388695,1.684237952450431,0.5869894861356644,0.5353722286419667,0.622058571525133
Med,veg_oth,GHG (kgCO2eq),0.30724730843181963,-0.253819971671119,0.8760232518761558,0.18085414891022747,-0.1628369431301064,0.5306702340074224,0.1269092327225696,-0.08903679638757515,0.34532856188225886,149.73597280613185,109.29279113066727,188.23375134943745,67.6013927217511,37.85621728018152,95.94696543731217,82.14415149048341,71.5089673383481,92.3407153130273,0.20519271533342423,-0.2322385301402535,0.4653911668847872,0.26753021147748735,-0.43014583819856395,0.5530870430228881,0.15449576192563427,-0.12451137207211131,0.3739721537911244
Med,veg_ro,GHG (kgCO2eq),20.504831976270793,20.029039123309925,20.958805726054155,12.522312512174663,12.223946515665967,12.801453309961563,7.9846260704564695,7.803769245173131,8.160727738887179,149.73597280613185,109.29279113066727,188.23375134943745,67.6013927217511,37.85621728018152,95.94696543731217,82.14415149048341,71.5089673383481,92.3407153130273,13.693991892528778,18.326038630822218,11.134456799485546,18.523749301610977,32.290459517373506,13.342218017645916,9.72026118180977,10.912993902218197,8.83762672968581
Med,veg_sta,GHG (kgCO2eq),13.182262708656491,12.57942146078751,13.756424412248874,5.828530822538358,5.557706773431307,6.092451039873634,7.358385308285647,7.0181431817263125,7.6787471436180725,149.73597280613185,109.29279113066727,188.23375134943745,67.6013927217511,37.85621728018152,95.94696543731217,82.14415149048341,71.5089673383481,92.3407153130273,8.803671196449237,11.509836404258284,7.308160366368847,8.62190938362576,14.681093814254066,6.349811077510516,8.957893136358141,9.81435397957802,8.3156678152078
Med,added_sugar,WATER (litereq),-13733.037955128573,-14002.500024806408,-13428.298959812624,-9103.107042709857,-9281.821847860885,-8901.07317029195,-4630.000074574824,-4720.678176945524,-4527.225789520637,327187.2271800132,295950.9692592118,357074.73158997815,199786.778534091,176625.47642774283,221598.07504609763,127386.17137556402,119121.09127099671,135596.25992021113,-4.19730258833511,-4.7313580556454164,-3.7606410568508317,-4.556411144672685,-5.255086658836594,-4.01676466207584,-3.634617497785147,-3.9629238840719907,-3.338754175214413
Med,dairy_cow,WATER (litereq),21585.9211704262,20708.801530155964,22501.592525655746,16344.793283890449,15684.189478745056,17038.449817559478,5241.094301361879,5026.549942960538,5463.123681946654,327187.2271800132,295950.9692592118,357074.73158997815,199786.778534091,176625.47642774283,221598.07504609763,127386.17137556402,119121.09127099671,135596.25992021113,6.597421713699713,6.997375809240193,6.301647956286607,8.181118592440502,8.87991347338923,7.688897935604847,4.114335366835005,4.219697695284957,4.028963398519486
Med,dairy_soy,WATER (litereq),-14.19192521881412,-18.776344408005876,-9.538390416960542,-11.157417201994994,-14.761598927447903,-7.498898118238041,-3.0345080168191285,-4.014745480557973,-2.039492298722536,327187.2271800132,295950.9692592118,357074.73158997815,199786.778534091,176625.47642774283,221598.07504609763,127386.17137556402,119121.09127099671,135596.25992021113,-0.004337554782053258,-0.006344410513337572,-0.0026712588635124388,-0.0055846624505690836,-0.008357570621182073,-0.0033840086908147075,-0.002382132992970402,-0.003370306163015712,-0.001504091853213823
Med,dairy_tot,WATER (litereq),0,0,0,0,0,0,0,0,0,327187.2271800132,295950.9692592118,357074.73158997815,199786.778534091,176625.47642774283,221598.07504609763,127386.17137556402,119121.09127099671,135596.25992021113,0,0,0,0,0,0,0,0,0
Med,fruit_exc_juice,WATER (litereq),239848.10514045347,234428.42703964788,245657.9902056038,134223.71707228347,131232.25900717248,137331.16603696987,105589.00392226105,103045.50130424414,108404.73558385446,327187.2271800132,295950.9692592118,357074.73158997815,199786.778534091,176625.47642774283,221598.07504609763,127386.17137556402,119121.09127099671,135596.25992021113,73.30607224728027,79.21191392832414,68.79736046057944,67.18348334015504,74.29973391231552,61.97308618696338,82.88890605791121,86.50483319517187,79.94670033498198
Med,fruit_juice,WATER (litereq),99116.92745697079,96503.31005597301,101636.67821786905,86305.3041895263,83994.4966948691,88484.36929857939,12821.287293366548,12490.198936429215,13137.541449062044,327187.2271800132,295950.9692592118,357074.73158997815,199786.778534091,176625.47642774283,221598.07504609763,127386.17137556402,119121.09127099671,135596.25992021113,30.293642056643684,32.60787092454141,28.463699395726614,43.19870655244558,47.555142323554385,39.93011639662147,10.064897276460579,10.485295931359802,9.688719627512265
Med,gr_refined,WATER (litereq),-34562.706749688885,-35356.233398515644,-33797.60403738828,-26726.642053055355,-27350.732934419957,-26132.39535903246,-7835.647499185987,-8015.6437199769325,-7662.991945208906,327187.2271800132,295950.9692592118,357074.73158997815,199786.778534091,176625.47642774283,221598.07504609763,127386.17137556402,119121.09127099671,135596.25992021113,-10.563586802449668,-11.946652341438528,-9.465134619550005,-13.377582965779093,-15.4851573439968,-11.792699622321315,-6.151097418639483,-6.728987817733803,-5.651329874229598
Med,gr_whole,WATER (litereq),45706.92268923956,44961.3119394141,46409.11014421644,36666.619093599176,36069.14153628386,37234.18618025135,9040.352440166138,8893.27649045448,9176.425715802083,327187.2271800132,295950.9692592118,357074.73158997815,199786.778534091,176625.47642774283,221598.07504609763,127386.17137556402,119121.09127099671,135596.25992021113,13.969653731040161,15.192148906271788,12.997030043981692,18.352875682082484,20.42125647204676,16.802576544270867,7.096808344693145,7.465744643173691,6.767462259801092
Med,leg_tot,WATER (litereq),5300.179021824122,4811.832152950946,5789.729316733856,4254.934443993617,3842.034508364661,4659.838294938544,1045.2325628254328,964.4928057696682,1129.8485482443482,327187.2271800132,295950.9692592118,357074.73158997815,199786.778534091,176625.47642774283,221598.07504609763,127386.17137556402,119121.09127099671,135596.25992021113,1.6199223507304117,1.6258882898729252,1.6214334996356135,2.1297377510231827,2.175243677225936,2.1028333815486384,0.8205227863736043,0.8096742528789277,0.8332446255591301
Med,oil,WATER (litereq),-287.78374335687874,-394.33657375261913,-179.90670557126776,-239.67385336492265,-328.54544750966846,-149.51426408469527,-48.09871554511837,-65.75056698570755,-30.174189983999884,327187.2271800132,295950.9692592118,357074.73158997815,199786.778534091,176625.47642774283,221598.07504609763,127386.17137556402,119121.09127099671,135596.25992021113,-0.08795690034640158,-0.13324388655988326,-0.050383488288342694,-0.1199648220585455,-0.18601249047108775,-0.06747092187221969,-0.0377581922949173,-0.05519641088254228,-0.022252966270423148
Med,pf_egg,WATER (litereq),-3140.872395879844,-3618.9548458862755,-2654.7143567556536,-2319.962554593237,-2673.0916353792177,-1960.868550054204,-820.9098412866066,-945.8632105070578,-693.8458067014496,327187.2271800132,295950.9692592118,357074.73158997815,199786.778534091,176625.47642774283,221598.07504609763,127386.17137556402,119121.09127099671,135596.25992021113,-0.9599618001444129,-1.2228224340487208,-0.7434618363877984,-1.1612192616626862,-1.5134235951928343,-0.8848761658449863,-0.6444261825456499,-0.7940350448563714,-0.5116998117128961
Med,pf_ns,WATER (litereq),-18104.02566098504,-24053.289654403823,-12969.143894180545,-15891.449769952183,-21137.25246811798,-11371.939842920645,-2204.5901694183503,-2941.4671421007024,-1565.3563706677944,327187.2271800132,295950.9692592118,357074.73158997815,199786.778534091,176625.47642774283,221598.07504609763,127386.17137556402,119121.09127099671,135596.25992021113,-5.533231176846795,-8.127457637530659,-3.632053110123949,-7.954204921143226,-11.967272726233915,-5.13178638422514,-1.7306353944171116,-2.469308424491308,-1.1544244447368215
Med,pf_pm,WATER (litereq),0,0,0,0,0,0,0,0,0,327187.2271800132,295950.9692592118,357074.73158997815,199786.778534091,176625.47642774283,221598.07504609763,127386.17137556402,119121.09127099671,135596.25992021113,0,0,0,0,0,0,0,0,0
Med,pf_poultry,WATER (litereq),0,0,0,0,0,0,0,0,0,327187.2271800132,295950.9692592118,357074.73158997815,199786.778534091,176625.47642774283,221598.07504609763,127386.17137556402,119121.09127099671,135596.25992021113,0,0,0,0,0,0,0,0,0
Med,pf_poultry_tot,WATER (litereq),-9228.945292729048,-10394.205709988386,-8096.484427616852,-7531.661498557487,-8475.532230614572,-6605.324104616672,-1699.2786047034783,-1915.1263418119095,-1486.4630252918853,327187.2271800132,295950.9692592118,357074.73158997815,199786.778534091,176625.47642774283,221598.07504609763,127386.17137556402,119121.09127099671,135596.25992021113,-2.820692412803581,-3.5121377490352166,-2.2674481589791924,-3.7698498137965157,-4.798589876178987,-2.980767817248687,-1.333958455893623,-1.607713899677982,-1.0962419067948956
Med,pf_redm,WATER (litereq),0,0,0,0,0,0,0,0,0,327187.2271800132,295950.9692592118,357074.73158997815,199786.778534091,176625.47642774283,221598.07504609763,127386.17137556402,119121.09127099671,135596.25992021113,0,0,0,0,0,0,0,0,0
Med,pf_redm_tot,WATER (litereq),-45928.924444626326,-51929.685621776734,-40524.303311670985,-35200.19351639023,-39782.691400112366,-31059.210100209155,-10735.933176466677,-12141.595027152955,-9468.32213638346,327187.2271800132,295950.9692592118,357074.73158997815,199786.778534091,176625.47642774283,221598.07504609763,127386.17137556402,119121.09127099671,135596.25992021113,-14.037505326990335,-17.546719225742276,-11.348969760818651,-17.618880375702027,-22.523756031530024,-14.01601078608111,-8.427863920028377,-10.192649259341664,-6.982731044318554
Med,pf_seafood,WATER (litereq),8360.065726656243,8164.530988063559,8563.452841378865,5222.862056292121,5099.846120987861,5350.2450356005475,3136.828501168122,3064.6555396676067,3212.3126411973003,327187.2271800132,295950.9692592118,357074.73158997815,199786.778534091,176625.47642774283,221598.07504609763,127386.17137556402,119121.09127099671,135596.25992021113,2.5551320565630355,2.7587444665243073,2.398224260576385,2.614218065186385,2.887378550440428,2.414391476319264,2.4624560635549857,2.5727228545074463,2.369027466603814
Med,sat_fat,WATER (litereq),-25039.661399676053,-25403.73663195802,-24692.4130020919,-19251.079712243434,-19532.221417344525,-18983.91266455058,-5788.039099361501,-5870.927942174603,-5708.4531762859215,327187.2271800132,295950.9692592118,357074.73158997815,199786.778534091,176625.47642774283,221598.07504609763,127386.17137556402,119121.09127099671,135596.25992021113,-7.653007000147848,-8.583765309350243,-6.915194724684611,-9.635812666631736,-11.058552714129618,-8.566822008991494,-4.543694999904674,-4.928537742168956,-4.209889844782552
Med,veg_dg,WATER (litereq),12286.825395787515,9615.16230696128,14778.006958314407,8966.78677629924,6943.921043987388,10829.145015830194,3321.5506968966574,2662.1795694153225,3919.3317060890577,327187.2271800132,295950.9692592118,357074.73158997815,199786.778534091,176625.47642774283,221598.07504609763,127386.17137556402,119121.09127099671,135596.25992021113,3.755288830094672,3.248903806947744,4.138631398674185,4.48817826789733,3.9314379694415904,4.886840742446647,2.6074656778120398,2.23485156239792,2.890442338450418
Med,veg_oth,WATER (litereq),1656.1679873727753,83.53522357308276,3274.842956676432,993.4755118494195,28.97907836459644,1996.765771387138,668.0034065252754,57.511485498721356,1285.0582821659955,327187.2271800132,295950.9692592118,357074.73158997815,199786.778534091,176625.47642774283,221598.07504609763,127386.17137556402,119121.09127099671,135596.25992021113,0.5061835700760954,0.02822603479967574,0.917130972022089,0.49726789687431494,0.016407077252217194,0.9010754136613163,0.5243924040670366,0.048279851103684525,0.9477092383832431
Med,veg_ro,WATER (litereq),23314.739278418798,22748.191185610638,23851.771176260772,14181.830140784374,13824.997587957096,14529.774648208755,9131.697953280654,8915.671157702462,9344.560838294974,327187.2271800132,295950.9692592118,357074.73158997815,199786.778534091,176625.47642774283,221598.07504609763,127386.17137556402,119121.09127099671,135596.25992021113,7.125809732661538,7.686472946025864,6.679770105841398,7.098482814949854,7.827295284671392,6.556814469253047,7.168515903000403,7.484544560979208,6.891459133012659
Med,veg_sta,WATER (litereq),20051.522880153167,19097.58564235722,20963.964332773867,8901.383383641532,8482.262351297339,9315.871900650953,11156.651986271621,10622.120911990502,11668.193405897002,327187.2271800132,295950.9692592118,357074.73158997815,199786.778534091,176625.47642774283,221598.07504609763,127386.17137556402,119121.09127099671,135596.25992021113,6.1284552740566305,6.452955937316224,5.87102992122287,4.455441670842411,4.802400266853586,4.203949830662126,8.758134313793937,8.917078242530128,8.605099737089294
US,added_sugar,BLUEWATER (L),-3712.2306816562495,-3789.4909450676196,-3638.759861596663,-2460.6758718484157,-2511.899951737715,-2411.9354174795353,-1251.553810321373,-1277.5909933299013,-1226.8244441171275,26666.060283830724,21101.393876632534,32044.261541391796,14609.329334443568,10460.346298561748,18630.41848986092,12053.283507132786,10619.992892009042,13437.972355434145,-13.92118161492046,-17.958486378779284,-11.355418057914836,-16.843181610308577,-24.013544867850985,-12.94622243076377,-10.383509270156464,-12.030055069916457,-9.129535406589934
US,dairy_cow,BLUEWATER (L),13483.903960155094,13254.724888303923,13684.443781989927,10209.456140443122,10035.672843664972,10361.05276537002,3274.506884498619,3219.0704465693134,3323.2537831484174,26666.060283830724,21101.393876632534,32044.261541391796,14609.329334443568,10460.346298561748,18630.41848986092,12053.283507132786,10619.992892009042,13437.972355434145,50.565789684092245,62.814451812029674,42.70481865938348,69.8831267796317,95.94015874067988,55.613634073806395,27.166928269469974,30.311418089474294,24.730321623295616
US,dairy_soy,BLUEWATER (L),-8.27328298331695,-10.660233546126003,-5.580403057904676,-6.504295115130722,-8.380869495221944,-4.387204985394781,-1.7689878681862417,-2.2793640509040465,-1.193198072509905,26666.060283830724,21101.393876632534,32044.261541391796,14609.329334443568,10460.346298561748,18630.41848986092,12053.283507132786,10619.992892009042,13437.972355434145,-0.0310255166877184,-0.050519096550920434,-0.01741467204883605,-0.044521517492222745,-0.08012038278669872,-0.023548612114013403,-0.01467639807144174,-0.021462952697634496,-0.008879301437373406
US,dairy_tot,BLUEWATER (L),0,0,0,0,0,0,0,0,0,26666.060283830724,21101.393876632534,32044.261541391796,14609.329334443568,10460.346298561748,18630.41848986092,12053.283507132786,10619.992892009042,13437.972355434145,0,0,0,0,0,0,0,0,0
US,fruit_exc_juice,BLUEWATER (L),22246.953869346795,21436.280565605844,23028.616916538256,12458.8428147858,12022.661060280016,12886.410863222252,9785.491025051686,9397.201294008792,10154.438874276002,26666.060283830724,21101.393876632534,32044.261541391796,14609.329334443568,10460.346298561748,18630.41848986092,12053.283507132786,10619.992892009042,13437.972355434145,83.42797410848311,101.58703586564563,71.86502608834357,85.28004626066105,114.93559311638735,69.16866022218083,81.18527220620766,88.48594711470726,75.56526093142078
US,fruit_juice,BLUEWATER (L),7891.914892850655,7545.939954143998,8226.394331484986,6869.053056324343,6563.128861672171,7159.602128319116,1022.3526250821793,980.3177888954109,1064.6071259029193,26666.060283830724,21101.393876632534,32044.261541391796,14609.329334443568,10460.346298561748,18630.41848986092,12053.283507132786,10619.992892009042,13437.972355434145,29.595353827486882,35.76038624870319,25.67197350096177,47.01826414529225,62.74294057142805,38.42963663009249,8.481942903584574,9.23087048045998,7.922379193408637
US,gr_refined,BLUEWATER (L),-10990.797751438777,-11248.133310078623,-10720.61879256992,-8501.159125472412,-8700.755647593385,-8290.577575266136,-2490.617245952833,-2547.962492701244,-2430.1645644559926,26666.060283830724,21101.393876632534,32044.261541391796,14609.329334443568,10460.346298561748,18630.41848986092,12053.283507132786,10619.992892009042,13437.972355434145,-41.21642880295735,-53.305167307145005,-33.45565875725369,-58.18993419109063,-83.17846655602311,-44.500221934241836,-20.663392215730735,-23.992129925232295,-18.084309895705843
US,gr_whole,BLUEWATER (L),9839.172516003144,9703.056811283546,9987.341902187736,7884.111734289209,7774.60340531227,8003.21393578853,1955.3956914696926,1928.0975623027116,1984.6277399344997,26666.060283830724,21101.393876632534,32044.261541391796,14609.329334443568,10460.346298561748,18630.41848986092,12053.283507132786,10619.992892009042,13437.972355434145,36.897735965778345,45.98301357726236,31.167333624733455,53.966281092050515,74.32453174500776,42.9577786464864,16.222929547061142,18.155356429226035,14.768803562331644
US,leg_tot,BLUEWATER (L),1361.1971416064189,1239.632970116969,1473.0546217819115,1093.5716262300878,992.9662290425085,1186.813840813115,267.8575214998422,246.71904809068974,287.0751119355631,26666.060283830724,21101.393876632534,32044.261541391796,14609.329334443568,10460.346298561748,18630.41848986092,12053.283507132786,10619.992892009042,13437.972355434145,5.104605356464287,5.874649690747329,4.596937332692646,7.4854334596444305,9.49267070803418,6.370301566006178,2.2222784467098267,2.3231564333374664,2.1362978308217278
US,oil,BLUEWATER (L),-103.97475262253585,-143.53964797880442,-64.3519208263285,-86.56383957170131,-119.5371910994269,-53.53882647297059,-17.375539303866237,-23.952588665849248,-10.804133554691433,26666.060283830724,21101.393876632534,32044.261541391796,14609.329334443568,10460.346298561748,18630.41848986092,12053.283507132786,10619.992892009042,13437.972355434145,-0.3899141887321921,-0.6802377549938005,-0.2008219810065046,-0.5925243903401832,-1.1427651407283022,-0.28737318220794444,-0.14415606580218487,-0.22554241711284237,-0.08040002813610773
US,pf_egg,BLUEWATER (L),-1370.0507123257378,-1592.893974083346,-1157.3486508328197,-1011.9692715498318,-1176.5694073271566,-854.8597950248798,-358.0814407759048,-416.3245667561893,-302.48885580794064,26666.060283830724,21101.393876632534,32044.261541391796,14609.329334443568,10460.346298561748,18630.41848986092,12053.283507132786,10619.992892009042,13437.972355434145,-5.137807001645774,-7.54876186566661,-3.6117189011763133,-6.926870141560644,-11.247901109057256,-4.588516331450703,-2.9708206943278364,-3.9201962844010048,-2.2510007299249875
US,pf_ns,BLUEWATER (L),-3199.5652975590506,-4180.226247295479,-2237.265195731589,-2809.4360495497504,-3671.8362414161297,-1965.2616189615078,-390.95721581199484,-509.12439315361695,-272.8745431989495,26666.060283830724,21101.393876632534,32044.261541391796,14609.329334443568,10460.346298561748,18630.41848986092,12053.283507132786,10619.992892009042,13437.972355434145,-11.99864270725865,-19.81019013120559,-6.981796702794034,-19.23042451323283,-35.102434820164525,-10.548671357173463,-3.2435743802146333,-4.7940182100941415,-2.030622894447334
US,pf_pm,BLUEWATER (L),0,0,0,0,0,0,0,0,0,26666.060283830724,21101.393876632534,32044.261541391796,14609.329334443568,10460.346298561748,18630.41848986092,12053.283507132786,10619.992892009042,13437.972355434145,0,0,0,0,0,0,0,0,0
US,pf_poultry,BLUEWATER (L),0,0,0,0,0,0,0,0,0,26666.060283830724,21101.393876632534,32044.261541391796,14609.329334443568,10460.346298561748,18630.41848986092,12053.283507132786,10619.992892009042,13437.972355434145,0,0,0,0,0,0,0,0,0
US,pf_poultry_tot,BLUEWATER (L),-4303.68206386876,-4837.751057791281,-3765.782603344522,-3510.47471561723,-3945.5615978757082,-3070.1897658333723,-792.317260234289,-892.3195529575327,-689.5301683226215,26666.060283830724,21101.393876632534,32044.261541391796,14609.329334443568,10460.346298561748,18630.41848986092,12053.283507132786,10619.992892009042,13437.972355434145,-16.139174733953286,-22.926215614355964,-11.751815839101907,-24.0289929486413,-37.71922539905018,-16.479446060238725,-6.573455770499537,-8.402261301219456,-5.131206926793419
US,pf_redm,BLUEWATER (L),0,0,0,0,0,0,0,0,0,26666.060283830724,21101.393876632534,32044.261541391796,14609.329334443568,10460.346298561748,18630.41848986092,12053.283507132786,10619.992892009042,13437.972355434145,0,0,0,0,0,0,0,0,0
US,pf_redm_tot,BLUEWATER (L),-8089.096578063031,-9133.556535601325,-7105.901384431462,-6197.32803847669,-6998.629580080535,-5445.780707439988,-1891.8525859075842,-2135.3606808851096,-1660.6835480830057,26666.060283830724,21101.393876632534,32044.261541391796,14609.329334443568,10460.346298561748,18630.41848986092,12053.283507132786,10619.992892009042,13437.972355434145,-30.334801961607916,-43.284138427062544,-22.175269588449463,-42.42034590777285,-66.90628952736311,-29.230587119681182,-15.695744522959576,-20.106987853935856,-12.358140827782298
US,pf_seafood,BLUEWATER (L),418.3173154175898,390.4758924279072,446.93440917254924,261.80861722626975,244.3244833462228,279.69725094592656,156.50304387603336,145.93907618817508,167.06581152071757,26666.060283830724,21101.393876632534,32044.261541391796,14609.329334443568,10460.346298561748,18630.41848986092,12053.283507132786,10619.992892009042,13437.972355434145,1.568725604626497,1.8504744033062015,1.394740860528931,1.7920645858055837,2.3357207913835163,1.5012934416805714,1.2984266385455827,1.3741918443089183,1.2432367555299983
US,sat_fat,BLUEWATER (L),-5533.6361837867835,-5603.587885681395,-5457.324192666409,-4255.351054457358,-4309.445775550655,-4196.648101570901,-1278.2267901387213,-1294.1951734589948,-1260.7670836044101,26666.060283830724,21101.393876632534,32044.261541391796,14609.329334443568,10460.346298561748,18630.41848986092,12053.283507132786,10619.992892009042,13437.972355434145,-20.751607567399706,-26.555534285755172,-17.03058185821241,-29.127627675726114,-41.19792646007508,-22.525785472048355,-10.60480149979301,-12.18640338669911,-9.382122914507796
US,veg_dg,BLUEWATER (L),975.8804619177096,776.9868191584231,1157.183718349947,710.1303343821625,563.0895126553094,849.3120544383952,265.5823724610222,216.128752701229,311.17825214316775,26666.060283830724,21101.393876632534,32044.261541391796,14609.329334443568,10460.346298561748,18630.41848986092,12053.283507132786,10619.992892009042,13437.972355434145,3.6596349499346403,3.682158741270881,3.6112041990894523,4.860800370267028,5.383086721829962,4.5587384679555605,2.2034026852837085,2.0351120278418824,2.3156637319419042
US,veg_oth,BLUEWATER (L),204.61587698850525,15.715768872807534,380.8503514119711,122.99769230552663,6.526859152158077,231.42289511262098,81.21325443319051,9.730519163176696,148.56817613744076,26666.060283830724,21101.393876632534,32044.261541391796,14609.329334443568,10460.346298561748,18630.41848986092,12053.283507132786,10619.992892009042,13437.972355434145,0.7673269872286925,0.07447739691836668,1.1885134282780212,0.8419119693300506,0.062396205305894056,1.2421776528453528,0.6737853165498915,0.09162453555405271,1.1055847728199981
US,veg_ro,BLUEWATER (L),3020.5490022372906,2951.1775076660992,3085.824215341224,1836.621992892778,1791.4424019172268,1877.1767379447433,1184.0691238994302,1157.4370459317267,1209.8860988730207,26666.060283830724,21101.393876632534,32044.261541391796,14609.329334443568,10460.346298561748,18630.41848986092,12053.283507132786,10619.992892009042,13437.972355434145,11.327316334272428,13.985699356733978,9.629880880092191,12.571569514575053,17.126033410227944,10.07586994874186,9.823622942235883,10.898661210994163,9.003487035629734
US,veg_sta,BLUEWATER (L),4534.862551611764,4327.242536177016,4726.550298190904,2002.1975872227883,1908.5469036948268,2088.895030940886,2533.062841175843,2418.46116411716,2642.601920779646,26666.060283830724,21101.393876632534,32044.261541391796,14609.329334443568,10460.346298561748,18630.41848986092,12053.283507132786,10619.992892009042,13437.972355434145,17.00612127679592,20.506903768897274,14.750067783854485,13.704924718907687,18.245542252814744,11.212281850124345,21.015541861907167,22.772719235404747,19.665183488125063
US,added_sugar,CED (mJ),-187.2160515970218,-191.13825259282592,-183.52555154659032,-124.0925306704724,-126.6913088949195,-121.64419398846795,-63.12422326422869,-64.4469436979064,-61.88135755812273,2192.143243189986,1962.5962938999146,2418.5525796707966,1394.1617686385007,1233.489989453231,1551.933723338225,798.1241150599155,728.9059084642581,866.6542264063419,-8.540320171987792,-9.739050928961618,-7.588239060387558,-8.900870290802601,-10.270963686626915,-7.838233821403795,-7.909073547976924,-8.841599848420842,-7.14025913364771
US,dairy_cow,CED (mJ),1087.289898314381,1068.809783767052,1103.4606544347944,823.2510822970785,809.2378689398025,835.475248190621,264.0435787734052,259.5733986877874,267.9743402674575,2192.143243189986,1962.5962938999146,2418.5525796707966,1394.1617686385007,1233.489989453231,1551.933723338225,798.1241150599155,728.9059084642581,866.6542264063419,49.59940011639782,54.45897289672338,45.62483626405149,59.04989656265229,65.60554814867314,53.83446700246357,33.0830222757501,35.611372561746165,30.92056002295595
US,dairy_soy,CED (mJ),-1.0779529664252383,-1.3889565239100867,-0.727088876597947,-0.8474657796667475,-1.0919707632163336,-0.5716232163046195,-0.23048718675849067,-0.29698576069375326,-0.15546566029332745,2192.143243189986,1962.5962938999146,2418.5525796707966,1394.1617686385007,1233.489989453231,1551.933723338225,798.1241150599155,728.9059084642581,866.6542264063419,-0.04917347302800392,-0.0707713821852819,-0.030062975794262668,-0.06078676081430341,-0.08852692543539584,-0.036832965719377005,-0.02887861454244969,-0.040744046281566935,-0.017938602911795574
US,dairy_tot,CED (mJ),0,0,0,0,0,0,0,0,0,2192.143243189986,1962.5962938999146,2418.5525796707966,1394.1617686385007,1233.489989453231,1551.933723338225,798.1241150599155,728.9059084642581,866.6542264063419,0,0,0,0,0,0,0,0,0
US,fruit_exc_juice,CED (mJ),361.159140577345,348.95528715592445,373.01351518455556,203.4132794256307,196.76438804813432,209.91778455102875,157.78117361689823,152.15827912927278,163.06243196207907,2192.143243189986,1962.5962938999146,2418.5525796707966,1394.1617686385007,1233.489989453231,1551.933723338225,798.1241150599155,728.9059084642581,866.6542264063419,16.475161543357434,17.780288704331973,15.423006236040923,14.59036418881852,15.95184312240378,13.526208071533718,19.769002168923755,20.874886231867315,18.815166071275254
US,fruit_juice,CED (mJ),194.98398635717916,186.4772894865071,202.94529805170038,169.81692731979965,162.28806650520474,176.67854037094514,25.222245003708252,24.19572285829345,26.239225832581322,2192.143243189986,1962.5962938999146,2418.5525796707966,1394.1617686385007,1233.489989453231,1551.933723338225,798.1241150599155,728.9059084642581,866.6542264063419,8.89467360141303,9.50156127707519,8.39118817418162,12.180575535767137,13.156820719488948,11.384412730648563,3.160190818418612,3.319457638815379,3.0276464399630965
US,gr_refined,CED (mJ),-128.27015444896503,-131.31749121516805,-125.05978618126758,-99.25668423026637,-101.64774941090393,-96.78927405429744,-29.00513434912626,-29.679580696555714,-28.29674469047307,2192.143243189986,1962.5962938999146,2418.5525796707966,1394.1617686385007,1233.489989453231,1551.933723338225,798.1241150599155,728.9059084642581,866.6542264063419,-5.851358247114705,-6.691008824551707,-5.1708524855924445,-7.119452452579996,-8.240662695281484,-6.236688629080289,-3.6341633840933163,-4.071798616516641,-3.2650558698372723
US,gr_whole,CED (mJ),160.65909626749058,158.40576612105298,163.0194709468283,128.7489644136914,126.93653474588871,130.6513362102529,31.91212624519648,31.469858466241657,32.36844573492089,2192.143243189986,1962.5962938999146,2418.5525796707966,1394.1617686385007,1233.489989453231,1551.933723338225,798.1241150599155,728.9059084642581,866.6542264063419,7.328859405816063,8.071235363757959,6.740373242950866,9.234865516318385,10.290844338522428,8.418615707971123,3.9983914334928747,4.317410258416746,3.7348742726542166
US,leg_tot,CED (mJ),26.1645762762178,24.32492093458605,27.861017856784418,21.007504631704567,19.51012681108946,22.395201348925966,5.155337076649376,4.825653777712044,5.462213313991991,2192.143243189986,1962.5962938999146,2418.5525796707966,1394.1617686385007,1233.489989453231,1551.933723338225,798.1241150599155,728.9059084642581,866.6542264063419,1.1935614316035004,1.2394256022082621,1.1519707320391084,1.5068197324202848,1.5817012685881395,1.4430514017540428,0.6459317516376963,0.6620406998592288,0.630264429291661
US,oil,CED (mJ),-3.351631090516256,-4.632645894570514,-2.0590511726927065,-2.790055665844321,-3.859465162790085,-1.7125053811332756,-0.5605414802296395,-0.773166192009761,-0.3465457915594278,2192.143243189986,1962.5962938999146,2418.5525796707966,1394.1617686385007,1233.489989453231,1551.933723338225,798.1241150599155,728.9059084642581,866.6542264063419,-0.15289288694652062,-0.23604680743408976,-0.08513567949690704,-0.20012424157700234,-0.31288986500011,-0.11034655381092302,-0.07023236983480437,-0.10607215321367823,-0.039986626846142605
US,pf_egg,CED (mJ),-70.03668613462466,-81.42838385830933,-59.163404301371315,-51.731642932476724,-60.14596507649682,-43.700241614875395,-18.305043202147974,-21.2824187818125,-15.463162686495878,2192.143243189986,1962.5962938999146,2418.5525796707966,1394.1617686385007,1233.489989453231,1551.933723338225,798.1241150599155,728.9059084642581,866.6542264063419,-3.1948955138856685,-4.149013432431453,-2.446231882600807,-3.7105911305397794,-4.876080518752951,-2.8158574659281026,-2.2935083474797406,-2.919775863341912,-1.7842366904059586
US,pf_ns,CED (mJ),-7.8198228706085855,-10.40317286635801,-5.2556213933700935,-6.863712230569368,-9.122605436621875,-4.6024209563981495,-0.954992056710198,-1.2769172770934556,-0.6494968201606754,2192.143243189986,1962.5962938999146,2418.5525796707966,1394.1617686385007,1233.489989453231,1551.933723338225,798.1241150599155,728.9059084642581,866.6542264063419,-0.3567204330693853,-0.5300719714335982,-0.21730440915555646,-0.49231820761175205,-0.7395767711633924,-0.296560406361832,-0.11965457986926085,-0.17518273103092416,-0.07494301653081083
US,pf_pm,CED (mJ),0,0,0,0,0,0,0,0,0,2192.143243189986,1962.5962938999146,2418.5525796707966,1394.1617686385007,1233.489989453231,1551.933723338225,798.1241150599155,728.9059084642581,866.6542264063419,0,0,0,0,0,0,0,0,0
US,pf_poultry,CED (mJ),0,0,0,0,0,0,0,0,0,2192.143243189986,1962.5962938999146,2418.5525796707966,1394.1617686385007,1233.489989453231,1551.933723338225,798.1241150599155,728.9059084642581,866.6542264063419,0,0,0,0,0,0,0,0,0
US,pf_poultry_tot,CED (mJ),-134.45222504754722,-151.14159430145548,-117.6592023089525,-109.67328042499236,-123.2674315255285,-95.92553221515007,-24.75486856147375,-27.877628714043833,-21.543017338886752,2192.143243189986,1962.5962938999146,2418.5525796707966,1394.1617686385007,1233.489989453231,1551.933723338225,798.1241150599155,728.9059084642581,866.6542264063419,-6.13336858643843,-7.701104642418283,-4.864860218377712,-7.866610811749357,-9.993387265361534,-6.181032783333897,-3.1016314498422832,-3.8245853669617786,-2.4857684509561295
US,pf_redm,CED (mJ),0,0,0,0,0,0,0,0,0,2192.143243189986,1962.5962938999146,2418.5525796707966,1394.1617686385007,1233.489989453231,1551.933723338225,798.1241150599155,728.9059084642581,866.6542264063419,0,0,0,0,0,0,0,0,0
US,pf_redm_tot,CED (mJ),-356.7374227369839,-403.0006054697468,-313.43027842058956,-273.3271241981613,-308.6476245598117,-240.15491439032746,-83.41595571703351,-94.18626958038696,-73.24182510772744,2192.143243189986,1962.5962938999146,2418.5525796707966,1394.1617686385007,1233.489989453231,1551.933723338225,798.1241150599155,728.9059084642581,866.6542264063419,-16.273454020179035,-20.534055155527486,-12.959415522124079,-19.60512261536801,-25.02230477740852,-15.474559949232358,-10.451501733006957,-12.92159502161662,-8.451101128466322
US,pf_seafood,CED (mJ),1255.702457310787,1174.9275625068763,1340.5893206327514,786.3151532066087,735.8113251698511,839.4196915080634,469.38335359741524,439.0189222221472,500.86495822069884,2192.143243189986,1962.5962938999146,2418.5525796707966,1394.1617686385007,1233.489989453231,1551.933723338225,798.1241150599155,728.9059084642581,866.6542264063419,57.28195277437712,59.86598294100281,55.429405666062756,56.40056777446293,59.65280070866357,54.08863013186305,58.810822119085884,60.2298482045676,57.79294013225776
US,sat_fat,CED (mJ),-310.61717806390214,-314.57555527669945,-306.2897076851496,-238.968572975707,-242.04947939620732,-235.61536695728788,-71.65597212257602,-72.56109879626345,-70.67434072786173,2192.143243189986,1962.5962938999146,2418.5525796707966,1394.1617686385007,1233.489989453231,1551.933723338225,798.1241150599155,728.9059084642581,866.6542264063419,-14.169565744795717,-16.028541185696422,-12.664174029528045,-17.140663182083742,-19.623140963105875,-15.182050844959852,-8.978048748370018,-9.954796353502392,-8.154848678338432
US,veg_dg,CED (mJ),15.6919746594159,12.279690101898888,18.91609942794648,11.46473442520372,8.854391858453225,13.896426908605305,4.215093307244955,3.3695533590133064,5.023799353324187,2192.143243189986,1962.5962938999146,2418.5525796707966,1394.1617686385007,1233.489989453231,1551.933723338225,798.1241150599155,728.9059084642581,866.6542264063419,0.7158279783113574,0.6256859925837152,0.7821247959191057,0.8223388908734643,0.7178324862107808,0.8954265700673061,0.5281250406684588,0.46227548986571737,0.5796774769282339
US,veg_oth,CED (mJ),3.3067959756774146,-0.17504116371577363,6.591667634973886,1.9811073223140188,-0.1634272847284072,4.015409365253381,1.319546591829135,-0.0099435995831235,2.585265300143954,2192.143243189986,1962.5962938999146,2418.5525796707966,1394.1617686385007,1233.489989453231,1551.933723338225,798.1241150599155,728.9059084642581,866.6542264063419,0.15084762302601157,-0.008918857345233533,0.2725459719329781,0.14210024739444066,-0.013249178033528233,0.2587358793013529,0.16533100139820683,-0.0013641815037655281,0.2983041242254116
US,veg_ro,CED (mJ),170.14971861247872,166.50631893581368,173.65807141689666,103.98288188005037,101.53392073781494,106.16327891276134,66.20760180661865,64.81684735037335,67.59537251350281,2192.143243189986,1962.5962938999146,2418.5525796707966,1394.1617686385007,1233.489989453231,1551.933723338225,798.1241150599155,728.9059084642581,866.6542264063419,7.761797461961402,8.483982133938795,7.18024792500208,7.458451681801398,8.231434515558727,6.840709581618154,8.295401749845437,8.892347640168929,7.79957801553602
US,veg_sta,CED (mJ),116.61472379560841,111.1113740529625,121.66715597014675,51.7312028245758,49.240394148216325,54.03687874601021,64.89127698123454,61.86862570976592,67.73013028922234,2192.143243189986,1962.5962938999146,2418.5525796707966,1394.1617686385007,1233.489989453231,1551.933723338225,798.1241150599155,728.9059084642581,866.6542264063419,5.319667141181512,5.661448276363085,5.030577254876452,3.71055956261769,3.991957338060207,3.4819063426095505,8.130474415794732,8.487875457083039,7.815127212852962
US,dairy_tot,CVD (deaths),0,0,0,NA,NA,NA,NA,NA,NA,209923.31621043666,181485.0480219618,240673.42284585914,NA,NA,NA,NA,NA,NA,0,0,0,NA,NA,NA,NA,NA,NA
US,fruit_exc_juice,CVD (deaths),39346.7270002041,35468.4109076334,43296.5708134953,NA,NA,NA,NA,NA,NA,209923.31621043666,181485.0480219618,240673.42284585914,NA,NA,NA,NA,NA,NA,18.743381016695235,19.54343418050688,17.989759858621728,NA,NA,NA,NA,NA,NA
US,gr_whole,CVD (deaths),50128.7648128309,45569.5439834725,54658.3668726959,NA,NA,NA,NA,NA,NA,209923.31621043666,181485.0480219618,240673.42284585914,NA,NA,NA,NA,NA,NA,23.87956026884577,25.109255269314556,22.71059522334637,NA,NA,NA,NA,NA,NA
US,leg_tot,CVD (deaths),9893.13840012968,8826.89979586921,10995.2485599773,NA,NA,NA,NA,NA,NA,209923.31621043666,181485.0480219618,240673.42284585914,NA,NA,NA,NA,NA,NA,4.712739193874181,4.863706344999316,4.568534585149968,NA,NA,NA,NA,NA,NA
US,pf_ns,CVD (deaths),5106.97662480966,3623.93554896742,7258.99830958204,NA,NA,NA,NA,NA,NA,209923.31621043666,181485.0480219618,240673.42284585914,NA,NA,NA,NA,NA,NA,2.432781987728412,1.9968232030491468,3.0161196129375334,NA,NA,NA,NA,NA,NA
US,pf_pm,CVD (deaths),21506.2753686045,16641.7979692144,26977.2839418632,NA,NA,NA,NA,NA,NA,209923.31621043666,181485.0480219618,240673.42284585914,NA,NA,NA,NA,NA,NA,10.244824518228187,9.169790101496709,11.20908308980214,NA,NA,NA,NA,NA,NA
US,pf_redm,CVD (deaths),8405.53315435494,6229.1517765246,10656.327429195,NA,NA,NA,NA,NA,NA,209923.31621043666,181485.0480219618,240673.42284585914,NA,NA,NA,NA,NA,NA,4.004096975072961,3.4323223011577246,4.427712583794478,NA,NA,NA,NA,NA,NA
US,pf_seafood,CVD (deaths),6357.31179999595,4794.56622901612,8138.3727564539,NA,NA,NA,NA,NA,NA,209923.31621043666,181485.0480219618,240673.42284585914,NA,NA,NA,NA,NA,NA,3.0283971855813734,2.6418519218376173,3.3815004000945192,NA,NA,NA,NA,NA,NA
US,sodium,CVD (deaths),42819.5613826702,39435.4714555325,46387.606546244,NA,NA,NA,NA,NA,NA,209923.31621043666,181485.0480219618,240673.42284585914,NA,NA,NA,NA,NA,NA,20.39771577338552,21.729322544940644,19.274087681859765,NA,NA,NA,NA,NA,NA
US,ssb,CVD (deaths),7170.48946306813,4395.62832913864,10421.6504350128,NA,NA,NA,NA,NA,NA,209923.31621043666,181485.0480219618,240673.42284585914,NA,NA,NA,NA,NA,NA,3.415766096168234,2.4220333173709814,4.330204104708068,NA,NA,NA,NA,NA,NA
US,veg_exc_sta,CVD (deaths),19188.5382037686,16499.642026593,21882.9971813397,NA,NA,NA,NA,NA,NA,209923.31621043666,181485.0480219618,240673.42284585914,NA,NA,NA,NA,NA,NA,9.140736984420128,9.091460815326425,9.092402859685428,NA,NA,NA,NA,NA,NA
US,dairy_tot,Cancer (cases),10758.560465923,9945.73971038599,11508.3558715006,NA,NA,NA,NA,NA,NA,58280.07568440919,51347.78792417665,65580.41342722443,NA,NA,NA,NA,NA,NA,18.46010036805954,19.36936353533377,17.548464960916412,NA,NA,NA,NA,NA,NA
US,fruit_exc_juice,Cancer (cases),5001.45979474112,3923.87892692775,6135.48851900182,NA,NA,NA,NA,NA,NA,58280.07568440919,51347.78792417665,65580.41342722443,NA,NA,NA,NA,NA,NA,8.581766128486835,7.641768195977584,9.355672217300771,NA,NA,NA,NA,NA,NA
US,gr_whole,Cancer (cases),29263.258955636,26993.0190943881,31424.8473110372,NA,NA,NA,NA,NA,NA,58280.07568440919,51347.78792417665,65580.41342722443,NA,NA,NA,NA,NA,NA,50.21142922685732,52.569000896879295,47.91803782376247,NA,NA,NA,NA,NA,NA
US,leg_tot,Cancer (cases),2808.07095930982,2477.37540696042,3165.83491441622,NA,NA,NA,NA,NA,NA,58280.07568440919,51347.78792417665,65580.41342722443,NA,NA,NA,NA,NA,NA,4.818234922198329,4.824697435104055,4.827409204928839,NA,NA,NA,NA,NA,NA
US,pf_ns,Cancer (cases),80.8919030574992,55.5267255974901,116.087329812567,NA,NA,NA,NA,NA,NA,58280.07568440919,51347.78792417665,65580.41342722443,NA,NA,NA,NA,NA,NA,0.1387985552653272,0.10813849601366339,0.17701524547628975,NA,NA,NA,NA,NA,NA
US,pf_pm,Cancer (cases),3983.37567018598,3104.40407684691,4890.5680409383,NA,NA,NA,NA,NA,NA,58280.07568440919,51347.78792417665,65580.41342722443,NA,NA,NA,NA,NA,NA,6.8348841750931255,6.045838004610961,7.457360796246637,NA,NA,NA,NA,NA,NA
US,pf_redm,Cancer (cases),2239.23645955884,1530.1627781651,3222.40740200465,NA,NA,NA,NA,NA,NA,58280.07568440919,51347.78792417665,65580.41342722443,NA,NA,NA,NA,NA,NA,3.8421989560968774,2.9799974643983376,4.913673509516076,NA,NA,NA,NA,NA,NA
US,pf_seafood,Cancer (cases),0,0,0,NA,NA,NA,NA,NA,NA,58280.07568440919,51347.78792417665,65580.41342722443,NA,NA,NA,NA,NA,NA,0,0,0,NA,NA,NA,NA,NA,NA
US,sodium,Cancer (cases),0,0,0,NA,NA,NA,NA,NA,NA,58280.07568440919,51347.78792417665,65580.41342722443,NA,NA,NA,NA,NA,NA,0,0,0,NA,NA,NA,NA,NA,NA
US,ssb,Cancer (cases),337.809897750778,184.5432635719,535.68691265602,NA,NA,NA,NA,NA,NA,58280.07568440919,51347.78792417665,65580.41342722443,NA,NA,NA,NA,NA,NA,0.5796318789633064,0.3593986635693209,0.8168397920371147,NA,NA,NA,NA,NA,NA
US,veg_exc_sta,Cancer (cases),3807.41157824615,3133.13794133299,4581.13712585705,NA,NA,NA,NA,NA,NA,58280.07568440919,51347.78792417665,65580.41342722443,NA,NA,NA,NA,NA,NA,6.532955788979339,6.101797308113014,6.985526449815397,NA,NA,NA,NA,NA,NA
US,added_sugar,FL (mrh-eq),-8.67338424349553,-8.854835465551105,-8.500489267500614,-5.7496199113961275,-5.869905096915853,-5.634900779060956,-2.923824437805945,-2.984930368635227,-2.8655884884396565,50.00327547057712,43.575849137646365,56.15581235814905,31.80795676195656,27.15239710787672,36.27927611862474,18.198612817344017,16.435828889175102,19.902130850956922,-17.3456321848338,-20.320511569563816,-15.137327572231381,-18.07604290468879,-21.618367886984956,-15.53200995696868,-16.066193984958137,-18.161118546331117,-14.398400401944272
US,dairy_cow,FL (mrh-eq),24.708982130082823,24.289016101869276,25.07646731009663,18.708622523381717,18.390168136040568,18.986420281906877,6.000467841731699,5.8988816869950504,6.089795550620349,50.00327547057712,43.575849137646365,56.15581235814905,31.80795676195656,27.15239710787672,36.27927611862474,18.198612817344017,16.435828889175102,19.902130850956922,49.4147271304698,55.73962775836153,44.65515902461637,58.81742943563697,67.7294459968903,52.33406592740639,32.97211662205929,35.89038147555885,30.59871124466827
US,dairy_soy,FL (mrh-eq),-0.1808566736077413,-0.23303619408664836,-0.12198943714100739,-0.1421860198735759,-0.1832085499677587,-0.09590573677871275,-0.0386706537341654,-0.049827644118886,-0.026083700362294834,50.00327547057712,43.575849137646365,56.15581235814905,31.80795676195656,27.15239710787672,36.27927611862474,18.198612817344017,16.435828889175102,19.902130850956922,-0.3616896531391444,-0.5347829100255491,-0.21723385704579679,-0.4470140001058961,-0.6747417152153067,-0.2643540528899293,-0.21249231533356597,-0.30316477772352135,-0.13105983755021233
US,dairy_tot,FL (mrh-eq),0,0,0,0,0,0,0,0,0,50.00327547057712,43.575849137646365,56.15581235814905,31.80795676195656,27.15239710787672,36.27927611862474,18.198612817344017,16.435828889175102,19.902130850956922,0,0,0,0,0,0,0,0,0
US,fruit_exc_juice,FL (mrh-eq),22.11090082884292,21.387006152108434,22.797600651724807,12.494157458175714,12.102810870029463,12.87373580740516,9.621168141246516,9.289275589977501,9.941961786884706,50.00327547057712,43.575849137646365,56.15581235814905,31.80795676195656,27.15239710787672,36.27927611862474,18.198612817344017,16.435828889175102,19.902130850956922,44.218904903246575,49.07995271544029,40.59704542483844,39.279974981351735,44.57363680247046,35.48509558269866,52.86759072140461,56.51844913094445,49.95425797035538
US,fruit_juice,FL (mrh-eq),12.37758038629166,11.847408491225606,12.880632998486217,10.771375585800229,10.306595513912713,11.207312899899966,1.6084436775261028,1.5426206050786544,1.6738493361327023,50.00327547057712,43.575849137646365,56.15581235814905,31.80795676195656,27.15239710787672,36.27927611862474,18.198612817344017,16.435828889175102,19.902130850956922,24.753539182797862,27.188015209531063,22.937310418263486,33.86377712473243,37.95832637893633,30.89177651520575,8.838276266821781,9.385718332068112,8.4104026280795
US,gr_refined,FL (mrh-eq),-2.9003870151358826,-2.9663449462829443,-2.8290383113639836,-2.2400027979890327,-2.2907087891436277,-2.1845774437594025,-0.6607171259804342,-0.6757734251879968,-0.6443405959795808,50.00327547057712,43.575849137646365,56.15581235814905,31.80795676195656,27.15239710787672,36.27927611862474,18.198612817344017,16.435828889175102,19.902130850956922,-5.800394049870844,-6.807314154482507,-5.03783703336178,-7.042271890498025,-8.436488240955747,-6.021557421973761,-3.630590598371014,-4.111587129220308,-3.2375457723844683
US,gr_whole,FL (mrh-eq),2.8722640173545146,2.8318506991427097,2.9161904826226204,2.3022120500312866,2.2696078185077426,2.3373073112449285,0.5700149398807991,0.5620920799940458,0.5786590480853113,50.00327547057712,43.575849137646365,56.15581235814905,31.80795676195656,27.15239710787672,36.27927611862474,18.198612817344017,16.435828889175102,19.902130850956922,5.7441517387088155,6.498670146845622,5.193034095961106,7.237849533248905,8.358775136834403,6.442541200663652,3.1321889508938385,3.4199192738265154,2.9075230809141654
US,leg_tot,FL (mrh-eq),1.102214881252867,1.0275445232913711,1.1708791473628675,0.8847383064076825,0.8233885967142583,0.9408098454744882,0.2175807089416477,0.20395390107318467,0.23007950893279908,50.00327547057712,43.575849137646365,56.15581235814905,31.80795676195656,27.15239710787672,36.27927611862474,18.198612817344017,16.435828889175102,19.902130850956922,2.204285361068859,2.3580596675135066,2.0850542413940443,2.781499965649666,3.032471105379492,2.5932431573283328,1.1955895272099224,1.2409103456139772,1.156054648900756
US,oil,FL (mrh-eq),-0.13055073652596189,-0.18152247873168756,-0.0806850017993011,-0.1087105479374904,-0.1511878501861964,-0.0671158328975635,-0.021850176633635233,-0.0301886088207154,-0.013569168901735958,50.00327547057712,43.575849137646365,56.15581235814905,31.80795676195656,27.15239710787672,36.27927611862474,18.198612817344017,16.435828889175102,19.902130850956922,-0.2610843695685104,-0.41656670454842687,-0.14368058872465497,-0.34177155342311094,-0.5568121650015861,-0.1849977179205848,-0.12006506678800884,-0.18367560908715774,-0.06817947788280938
US,pf_egg,FL (mrh-eq),-1.013595892032809,-1.1835378596093862,-0.8517672639389379,-0.7486787804847866,-0.8742040968741849,-0.6291462716405969,-0.2649171115480223,-0.30933376273519775,-0.22262099229834104,50.00327547057712,43.575849137646365,56.15581235814905,31.80795676195656,27.15239710787672,36.27927611862474,18.198612817344017,16.435828889175102,19.902130850956922,-2.0270589926238496,-2.7160408415011137,-1.5167927026085195,-2.3537468504743218,-3.219620328183048,-1.7341753721420345,-1.4556994766960782,-1.8820697442216003,-1.1185786786626273
US,pf_ns,FL (mrh-eq),-2.171776947229804,-2.7945473103898313,-1.5764108148552016,-1.9106212708411796,-2.4552123119252287,-1.3865713270292008,-0.26134619135961784,-0.3382983470126218,-0.18975461028290552,50.00327547057712,43.575849137646365,56.15581235814905,31.80795676195656,27.15239710787672,36.27927611862474,18.198612817344017,16.435828889175102,19.902130850956922,-4.343269369439046,-6.413064497177051,-2.8072086372844374,-6.006740027785595,-9.042340910714614,-3.8219376883249736,-1.4360775405394872,-2.0582980590375364,-0.9534386629448869
US,pf_pm,FL (mrh-eq),0,0,0,0,0,0,0,0,0,50.00327547057712,43.575849137646365,56.15581235814905,31.80795676195656,27.15239710787672,36.27927611862474,18.198612817344017,16.435828889175102,19.902130850956922,0,0,0,0,0,0,0,0,0
US,pf_poultry,FL (mrh-eq),0,0,0,0,0,0,0,0,0,50.00327547057712,43.575849137646365,56.15581235814905,31.80795676195656,27.15239710787672,36.27927611862474,18.198612817344017,16.435828889175102,19.902130850956922,0,0,0,0,0,0,0,0,0
US,pf_poultry_tot,FL (mrh-eq),-2.0150096825404096,-2.264814235590455,-1.7625895778482756,-1.6451702279657028,-1.8468474604623126,-1.4394254585611976,-0.3706115183159191,-0.4175149554104221,-0.32304269370927063,50.00327547057712,43.575849137646365,56.15581235814905,31.80795676195656,27.15239710787672,36.27927611862474,18.198612817344017,16.435828889175102,19.902130850956922,-4.0297553781773345,-5.197407005050925,-3.1387482503269273,-5.172197133810822,-6.801784214943421,-3.967624529923401,-2.036482242002046,-2.5402731935558425,-1.623156314911568
US,pf_redm,FL (mrh-eq),0,0,0,0,0,0,0,0,0,50.00327547057712,43.575849137646365,56.15581235814905,31.80795676195656,27.15239710787672,36.27927611862474,18.198612817344017,16.435828889175102,19.902130850956922,0,0,0,0,0,0,0,0,0
US,pf_redm_tot,FL (mrh-eq),-11.931929437815214,-13.476164628703383,-10.483129346157344,-9.1408838476712,-10.319565847134957,-8.032725250880686,-2.789749304210221,-3.150479892446158,-2.4499045549536587,50.00327547057712,43.575849137646365,56.15581235814905,31.80795676195656,27.15239710787672,36.27927611862474,18.198612817344017,16.435828889175102,19.902130850956922,-23.86229567068299,-30.9257648339455,-18.66793285670648,-28.737727217373543,-38.00609502776211,-22.14136033093812,-15.329461273836634,-19.168366339717217,-12.309760061877313
US,pf_seafood,FL (mrh-eq),13.841724939321765,12.876405647322493,14.809269336327063,8.650229208894181,8.05189437064942,9.265079014151677,5.187471060018303,4.831071473749812,5.545932208779583,50.00327547057712,43.575849137646365,56.15581235814905,31.80795676195656,27.15239710787672,36.27927611862474,18.198612817344017,16.435828889175102,19.902130850956922,27.681636470927785,29.549408450191773,26.371748024722528,27.195174068018606,29.654451276103433,25.53821356263294,28.504760841301223,29.39353717007624,27.866022238080735
US,sat_fat,FL (mrh-eq),-8.096156196558415,-8.19878345944722,-7.98291111219655,-6.2265838394743716,-6.305783719387305,-6.1395917588025615,-1.8693433928502494,-1.892702045523074,-1.8436550283492374,50.00327547057712,43.575849137646365,56.15581235814905,31.80795676195656,27.15239710787672,36.27927611862474,18.198612817344017,16.435828889175102,19.902130850956922,-16.191251713744926,-18.814971186330983,-14.215645321419895,-19.57555427427387,-23.22367227591129,-16.92313743727282,-10.271900455339592,-11.515707898186003,-9.263606204561718
US,veg_dg,FL (mrh-eq),0.8312991979414618,0.6668145792427372,0.9786694759846122,0.6030813979170844,0.4802741444701822,0.7113379884747116,0.2287082929767938,0.18551397541392656,0.26597602940632586,50.00327547057712,43.575849137646365,56.15581235814905,31.80795676195656,27.15239710787672,36.27927611862474,18.198612817344017,16.435828889175102,19.902130850956922,1.6624894871749234,1.5302388649649008,1.7427750305576206,1.8960079782250931,1.768809370907654,1.9607281748092298,1.2567347592494826,1.1287168822748515,1.3364198607584643
US,veg_oth,FL (mrh-eq),0.1965710878597388,-0.032599915709961624,0.4128085541847165,0.11698456128457134,-0.02392709783053943,0.2512050693538329,0.07880000516159125,-0.009796807703063777,0.16160348483087988,50.00327547057712,43.575849137646365,56.15581235814905,31.80795676195656,27.15239710787672,36.27927611862474,18.198612817344017,16.435828889175102,19.902130850956922,0.3931164228939462,-0.07481188859220111,0.7351127814729437,0.3677839546879949,-0.08812149341907771,0.6924202912220495,0.4330000640845089,-0.05960641090341425,0.8119908669131766
US,veg_ro,FL (mrh-eq),7.112949176170129,6.9579968208983125,7.260287558535822,4.332495143676193,4.229574923935655,4.425002234319769,2.78102289578812,2.7226121313695226,2.8420970168583204,50.00327547057712,43.575849137646365,56.15581235814905,31.80795676195656,27.15239710787672,36.27927611862474,18.198612817344017,16.435828889175102,19.902130850956922,14.224966483156734,15.967553033607116,12.928826516178507,13.620790471074868,15.57716951152237,12.197052167885177,15.281510320048636,16.565103894228773,14.280365444997908
US,veg_sta,FL (mrh-eq),1.9624356504010143,1.877992616648047,2.0420169756249087,0.856517770021367,0.8186335534446815,0.8910255258042087,1.1059651665106562,1.0586533031167678,1.150736713702628,50.00327547057712,43.575849137646365,56.15581235814905,31.80795676195656,27.15239710787672,36.27927611862474,18.198612817344017,16.435828889175102,19.902130850956922,3.924614201635148,4.3097097447622605,3.6363412617048207,2.6927783398077065,3.014958680046712,2.4560179285021118,6.0771948807912795,6.4411312033919605,5.781977429051518
US,added_sugar,Food_price ($),-304.38798076368926,-310.5765692800203,-298.4117440995011,-212.5956356239584,-216.91000221059778,-208.38281559350742,-91.7809221556014,-93.68465195957668,-90.00069561876863,697.5968972511714,484.9157775515454,906.0713433050456,249.2920558724532,112.13417401846111,383.9043073457243,448.39473749098835,372.28596028859107,523.1890814000482,-43.63379223203363,-64.04752818070696,-32.93468514421776,-85.27974743516495,-193.43790963750888,-54.27988475415793,-20.46877772677829,-25.164701856323994,-17.20232681040051
US,dairy_cow,Food_price ($),0,0,0,0,0,0,0,0,0,697.5968972511714,484.9157775515454,906.0713433050456,249.2920558724532,112.13417401846111,383.9043073457243,448.39473749098835,372.28596028859107,523.1890814000482,0,0,0,0,0,0,0,0,0
US,dairy_soy,Food_price ($),0,0,0,0,0,0,0,0,0,697.5968972511714,484.9157775515454,906.0713433050456,249.2920558724532,112.13417401846111,383.9043073457243,448.39473749098835,372.28596028859107,523.1890814000482,0,0,0,0,0,0,0,0,0
US,dairy_tot,Food_price ($),236.3111626832101,231.00715137975513,240.97223894164011,181.39326831377568,177.3102062716075,184.9754701723687,54.9130024095987,53.696995525722436,55.99457051147092,697.5968972511714,484.9157775515454,906.0713433050456,249.2920558724532,112.13417401846111,383.9043073457243,448.39473749098835,372.28596028859107,523.1890814000482,33.875030639381656,47.638613151785854,26.595283111223218,72.76335689035474,158.1232553087841,48.18270246855797,12.24657602291827,14.423588653221639,10.702549518355786
US,fruit_exc_juice,Food_price ($),555.6622484155922,536.92194409553,573.2410769430319,207.00744957762237,200.43302149973402,213.33453828065547,348.5670976548383,336.34435345537696,360.1403285036174,697.5968972511714,484.9157775515454,906.0713433050456,249.2920558724532,112.13417401846111,383.9043073457243,448.39473749098835,372.28596028859107,523.1890814000482,79.65377291744528,110.72478334414609,63.26666009014698,83.03812524356366,178.74392285329174,55.569717296382784,77.7366611404184,90.34569909503097,68.8355971687876
US,fruit_juice,Food_price ($),54.442739286392914,52.106492867344706,56.69356472867274,46.53750164438413,44.509465873607645,48.46289556953229,7.917162367463695,7.594886941858677,8.238039900822848,697.5968972511714,484.9157775515454,906.0713433050456,249.2920558724532,112.13417401846111,383.9043073457243,448.39473749098835,372.28596028859107,523.1890814000482,7.804326467179036,10.745472776827912,6.2570751351514495,18.66786387617357,39.69304296679429,12.62369154037366,1.7656679941795281,2.040068053055566,1.574581770471575
US,gr_refined,Food_price ($),-380.70363941821677,-390.6592177384738,-370.79098837661604,-278.3132882388219,-285.35653664298866,-271.17244255733965,-102.39073301984995,-105.2250294826791,-99.54526902443578,697.5968972511714,484.9157775515454,906.0713433050456,249.2920558724532,112.13417401846111,383.9043073457243,448.39473749098835,372.28596028859107,523.1890814000482,-54.57358553605257,-80.56228232271688,-40.9229351657999,-111.64145895656499,-254.47776214591747,-70.63542590397034,-22.83495421752307,-28.26457097686684,-19.026633498935748
US,gr_whole,Food_price ($),271.8289844117271,268.03943085743754,275.7391139456737,223.78303510384612,220.6644309643027,227.0074684899469,48.053784681577994,47.37690484854566,48.7566046980547,697.5968972511714,484.9157775515454,906.0713433050456,249.2920558724532,112.13417401846111,383.9043073457243,448.39473749098835,372.28596028859107,523.1890814000482,38.96648415192914,55.27546086679879,30.43238437934363,89.76741529956396,196.78606713415826,59.13126374107487,10.716848496140917,12.725944543226856,9.31911739587198
US,leg_tot,Food_price ($),30.34823674770337,28.23724222292916,32.28974837709423,26.248159837581948,24.37633616954658,27.972655060703403,4.105768275604166,3.8522287589596864,4.356083129478954,697.5968972511714,484.9157775515454,906.0713433050456,249.2920558724532,112.13417401846111,383.9043073457243,448.39473749098835,372.28596028859107,523.1890814000482,4.350397323624622,5.823123010248437,3.5637092614928103,10.529079936270193,21.738543475188397,7.286361347207465,0.9156593359186517,1.0347499422147133,0.8326020714771272
US,oil,Food_price ($),-2.5557202503546588,-3.765054686819966,-1.3907507515456106,-2.0992356495154496,-3.094239638031789,-1.140447049106179,-0.4574453352869524,-0.6694934715187807,-0.24293134221710375,697.5968972511714,484.9157775515454,906.0713433050456,249.2920558724532,112.13417401846111,383.9043073457243,448.39473749098835,372.28596028859107,523.1890814000482,-0.36636061032170353,-0.7764347668435576,-0.15349241114641332,-0.8420788388818512,-2.7594082402768416,-0.2970654476348845,-0.10201844424994973,-0.17983312370947277,-0.046432800464226466
US,pf_egg,Food_price ($),-85.55926478691174,-104.77545272670976,-64.39502841554325,-54.419070902852894,-66.56794008828905,-41.037947934175406,-31.18258751427217,-38.174766916943874,-23.412476332199276,697.5968972511714,484.9157775515454,906.0713433050456,249.2920558724532,112.13417401846111,383.9043073457243,448.39473749098835,372.28596028859107,523.1890814000482,-12.264857416088237,-21.606938271991446,-7.107059382393851,-21.829444469219528,-59.36454312075256,-10.689629459462866,-6.954271517269728,-10.254151643900649,-4.474955071605804
US,pf_ns,Food_price ($),-11.182278015544846,-14.831638310940127,-7.601502335852439,-9.598562235393864,-12.652104300609297,-6.599429598771086,-1.5708131808000663,-2.1210966454792897,-1.0048504543009267,697.5968972511714,484.9157775515454,906.0713433050456,249.2920558724532,112.13417401846111,383.9043073457243,448.39473749098835,372.28596028859107,523.1890814000482,-1.6029712946843342,-3.058600894742708,-0.8389518542904909,-3.850328163006058,-11.283004856776605,-1.719029839596976,-0.3503192721639905,-0.569749298049017,-0.1920625812014192
US,pf_pm,Food_price ($),-62.91712156222055,-73.5816705107313,-53.31593893573238,-45.51365019366633,-53.2124199336523,-38.4712164376781,-17.408804095514647,-20.315862648419266,-14.703472346910765,697.5968972511714,484.9157775515454,906.0713433050456,249.2920558724532,112.13417401846111,383.9043073457243,448.39473749098835,372.28596028859107,523.1890814000482,-9.019122907533102,-15.174113509414477,-5.884298110704356,-18.257160275076213,-47.45423988666624,-10.021043187471435,-3.8824728838091063,-5.457058502198333,-2.8103553513701844
US,pf_poultry,Food_price ($),-133.53534215419734,-152.28848875960136,-115.09184998993426,-112.0178228557898,-127.67913352814755,-96.67225032810734,-21.501897698409042,-24.577914328723086,-18.51364762030246,697.5968972511714,484.9157775515454,906.0713433050456,249.2920558724532,112.13417401846111,383.9043073457243,448.39473749098835,372.28596028859107,523.1890814000482,-19.142192673216208,-31.405142049314627,-12.702294454001562,-44.93437324497101,-113.86282071969175,-25.181340370075432,-4.79530554232724,-6.60189127456502,-3.5386150587776304
US,pf_poultry_tot,Food_price ($),0,0,0,0,0,0,0,0,0,697.5968972511714,484.9157775515454,906.0713433050456,249.2920558724532,112.13417401846111,383.9043073457243,448.39473749098835,372.28596028859107,523.1890814000482,0,0,0,0,0,0,0,0,0
US,pf_redm,Food_price ($),-222.15128279702037,-262.7087748057595,-182.1178238847467,-167.17162171174292,-197.8905367221034,-136.9704756586955,-54.937312460181836,-64.93278239565987,-45.0800877882785,697.5968972511714,484.9157775515454,906.0713433050456,249.2920558724532,112.13417401846111,383.9043073457243,448.39473749098835,372.28596028859107,523.1890814000482,-31.8452223156942,-54.17616562864552,-20.099722304475684,-67.05854349296791,-176.47656341547037,-35.67828571804666,-12.251997596489622,-17.441641458980847,-8.616404544919913
US,pf_redm_tot,Food_price ($),0,0,0,0,0,0,0,0,0,697.5968972511714,484.9157775515454,906.0713433050456,249.2920558724532,112.13417401846111,383.9043073457243,448.39473749098835,372.28596028859107,523.1890814000482,0,0,0,0,0,0,0,0,0
US,pf_seafood,Food_price ($),476.754434025605,439.17402951734033,513.9839880759451,299.4793935938992,275.8630800595207,322.6659577226481,177.40238713027347,163.33728079777978,191.39615940038294,697.5968972511714,484.9157775515454,906.0713433050456,249.2920558724532,112.13417401846111,383.9043073457243,448.39473749098835,372.28596028859107,523.1890814000482,68.34239600322483,90.56707367510994,56.726657550067,120.13194425542531,246.01160393271746,84.04853802071877,39.56388697221024,43.87414466856685,36.5825981857666
US,sat_fat,Food_price ($),-31.885774848203006,-32.39032720385866,-31.3752662706814,-27.1903140411728,-27.619624096820804,-26.756624418058554,-4.6959273269597235,-4.769192436795648,-4.6193171457714985,697.5968972511714,484.9157775515454,906.0713433050456,249.2920558724532,112.13417401846111,383.9043073457243,448.39473749098835,372.28596028859107,523.1890814000482,-4.5708022747587504,-6.679577919160538,-3.4627809942906826,-10.907011836383726,-24.630871309823597,-6.969607765813089,-1.0472752988217442,-1.2810562163286077,-0.8829154334433466
US,veg_dg,Food_price ($),27.174437911929605,20.91177327585554,32.90893240614084,13.3281464848087,10.27237150481233,16.206822404308667,13.83742424149159,10.573634864202031,16.862638619127313,697.5968972511714,484.9157775515454,906.0713433050456,249.2920558724532,112.13417401846111,383.9043073457243,448.39473749098835,372.28596028859107,523.1890814000482,3.8954356045745695,4.312454707381153,3.6320464883151526,5.34639839932479,9.160785812825578,4.221578683594618,3.085991668617585,2.8401916784628387,3.223048648875294
US,veg_oth,Food_price ($),24.430399896236548,6.226142607487226,41.96389289059939,4.504796496003914,-1.0931059721476166,9.813889792547359,19.913761388419243,7.219786077499116,32.167586837528994,697.5968972511714,484.9157775515454,906.0713433050456,249.2920558724532,112.13417401846111,383.9043073457243,448.39473749098835,372.28596028859107,523.1890814000482,3.5020797816765983,1.2839637099301027,4.631411555024919,1.8070357197056974,-0.9748196584278171,2.5563375051453847,4.441122904306936,1.9393119396451144,6.148367384015143
US,veg_ro,Food_price ($),178.8474218229825,174.95737824777848,182.58685323336144,99.35410511685794,96.99739094133655,101.48455940298778,79.50214924033824,77.61463383178342,81.41021676055493,697.5968972511714,484.9157775515454,906.0713433050456,249.2920558724532,112.13417401846111,383.9043073457243,448.39473749098835,372.28596028859107,523.1890814000482,25.63764582780076,36.07995168381192,20.151487471984886,39.854501086745856,86.50118644951847,26.434858234501668,17.730393020488123,20.848122709655126,15.560381448080317
US,veg_sta,Food_price ($),76.6752366461506,72.91138650300205,80.18282682303932,56.57540115658756,53.783513867381295,59.18370002546487,20.108642888258746,19.146045472658912,20.989600712194083,697.5968972511714,484.9157775515454,906.0713433050456,249.2920558724532,112.13417401846111,383.9043073457243,448.39473749098835,372.28596028859107,523.1890814000482,10.99133854354623,15.03588661749653,8.849504778570653,22.69442600510847,47.96353505803386,15.416263608672434,4.48458494423407,5.142833067843105,4.011857559417361
US,added_sugar,GHG (kgCO2eq),-19.257731063195564,-19.659142665556868,-18.87677773523973,-12.765115067422663,-13.031383570528217,-12.512569540954452,-6.492432919478635,-6.627759095028648,-6.3642081942852435,100.71361402695786,60.33978280915909,139.49566876522022,51.95134035862391,22.11131529202517,80.48441205778198,48.77966582382938,38.0693665708239,58.99100998462889,-19.12127893458463,-32.58073156765286,-13.532160462279663,-24.57129109529059,-58.93536136779801,-15.546575070923463,-13.309711761713244,-17.409691024667893,-10.788437417741358
US,dairy_cow,GHG (kgCO2eq),201.8373937340721,198.40686599540516,204.83922726081926,152.822952827206,150.2216314443287,155.0921671263099,49.01532503379513,48.1855100052531,49.74500591888354,100.71361402695786,60.33978280915909,139.49566876522022,51.95134035862391,22.11131529202517,80.48441205778198,48.77966582382938,38.0693665708239,58.99100998462889,200.40725941981052,328.8160095354016,146.84271495595772,294.1655629522895,679.3880393832054,192.6983911058019,100.48310952112062,126.57292291850777,84.32641843536067
US,dairy_soy,GHG (kgCO2eq),-0.16546489151933635,-0.21320368115504004,-0.1116075430360989,-0.1300852984002923,-0.1676166117683827,-0.08774369237040244,-0.03537959311904372,-0.045587069386653696,-0.023863850665697874,100.71361402695786,60.33978280915909,139.49566876522022,51.95134035862391,22.11131529202517,80.48441205778198,48.77966582382938,38.0693665708239,58.99100998462889,-0.16429247735568958,-0.35333849614499685,-0.08000789130158677,-0.2503983487284523,-0.7580580782041334,-0.10901948604334567,-0.07252938805857996,-0.11974738088127611,-0.040453368524993906
US,dairy_tot,GHG (kgCO2eq),0,0,0,0,0,0,0,0,0,100.71361402695786,60.33978280915909,139.49566876522022,51.95134035862391,22.11131529202517,80.48441205778198,48.77966582382938,38.0693665708239,58.99100998462889,0,0,0,0,0,0,0,0,0
US,fruit_exc_juice,GHG (kgCO2eq),47.442715301281076,45.88173794454266,48.99506598859354,26.643861274214466,25.787911892890662,27.494518010913584,20.811027581856163,20.064026643976383,21.493102039438174,100.71361402695786,60.33978280915909,139.49566876522022,51.95134035862391,22.11131529202517,80.48441205778198,48.77966582382938,38.0693665708239,58.99100998462889,47.10655630785145,76.03895110072915,35.12300161165236,51.28618643963744,116.627670277903,34.161295719194065,42.66332544592742,52.70386258371137,36.4345381525737
US,fruit_juice,GHG (kgCO2eq),24.670348150079807,23.591894387983114,25.6730022928357,21.47635573985606,20.53488862076701,22.35059581070874,3.194233916248093,3.0617483675194683,3.323166572761065,100.71361402695786,60.33978280915909,139.49566876522022,51.95134035862391,22.11131529202517,80.48441205778198,48.77966582382938,38.0693665708239,58.99100998462889,24.495544508487534,39.09840786566778,18.404157290392252,41.3393679385425,92.87049797608951,27.77009266671741,6.5482898709971815,8.042551382680402,5.633344086882006
US,gr_refined,GHG (kgCO2eq),-22.366895066752573,-22.88022164642297,-21.82351024394655,-17.284791144733077,-17.687246179692938,-16.86593365448991,-5.081334989613137,-5.196305332629785,-4.959317331389633,100.71361402695786,60.33978280915909,139.49566876522022,51.95134035862391,22.11131529202517,80.48441205778198,48.77966582382938,38.0693665708239,58.99100998462889,-22.20841271842917,-37.91896586500464,-15.644579102077255,-33.27111682858401,-79.9918319923381,-20.955528186478386,-10.41691226004843,-13.649571297601252,-8.40690358188793
US,gr_whole,GHG (kgCO2eq),25.39687072969973,25.047579525093436,25.76285186386027,20.338292330115827,20.05737977423496,20.632341315938845,5.057880443268865,4.987269354362438,5.1306436016840085,100.71361402695786,60.33978280915909,139.49566876522022,51.95134035862391,22.11131529202517,80.48441205778198,48.77966582382938,38.0693665708239,58.99100998462889,25.216919256717162,41.51088777417909,18.468567584862246,39.14873454605618,90.71093017007902,25.635201635226355,10.36882962982095,13.100478950928082,8.69733134425209
US,leg_tot,GHG (kgCO2eq),4.497364304667854,4.200115674192907,4.77058334546487,3.614565180685173,3.368004599392736,3.838338250454333,0.8833318567175904,0.8270967833715211,0.9341661475766543,100.71361402695786,60.33978280915909,139.49566876522022,51.95134035862391,22.11131529202517,80.48441205778198,48.77966582382938,38.0693665708239,58.99100998462889,4.465497885384245,6.960773603506182,3.4198791888614513,6.957597543650586,15.232040947864666,4.769045523621002,1.810860820383221,2.1726045318689446,1.5835737476270828
US,oil,GHG (kgCO2eq),-0.4097349317750335,-0.5665455166556381,-0.25221725155864433,-0.34122522811975486,-0.47180458744234166,-0.20978082640597273,-0.06841192439368415,-0.09473458495537945,-0.04244261601770345,100.71361402695786,60.33978280915909,139.49566876522022,51.95134035862391,22.11131529202517,80.48441205778198,48.77966582382938,38.0693665708239,58.99100998462889,-0.4068317235298104,-0.9389253495450784,-0.18080651090546868,-0.6568169863650333,-2.133769887549413,-0.26064777146581536,-0.14024680825153213,-0.24884728454605648,-0.07194760020003488
US,pf_egg,GHG (kgCO2eq),-11.430520340425415,-13.289732129690577,-9.655917970986186,-8.442997940346073,-9.816279369356549,-7.132212105241082,-2.9875224000793663,-3.473452760334034,-2.5237058657450757,100.71361402695786,60.33978280915909,139.49566876522022,51.95134035862391,22.11131529202517,80.48441205778198,48.77966582382938,38.0693665708239,58.99100998462889,-11.349528512963328,-22.024825929060693,-6.922019913921263,-16.251742268945208,-44.39482337306709,-8.861606766936024,-6.124524122139291,-9.124009862029235,-4.2781194395598074
US,pf_ns,GHG (kgCO2eq),-1.3971856813123358,-1.8375052987472247,-0.9682966308327896,-1.2274772127779665,-1.6126926204716567,-0.8515242890693074,-0.170443349975041,-0.22458566446987693,-0.11712574946132401,100.71361402695786,60.33978280915909,139.49566876522022,51.95134035862391,22.11131529202517,80.48441205778198,48.77966582382938,38.0693665708239,58.99100998462889,-1.3872858151414895,-3.045263362247811,-0.6941410005084045,-2.3627440684005485,-7.293517365080956,-1.0579990178197174,-0.34941475530112714,-0.5899380123702868,-0.19854847288060182
US,pf_pm,GHG (kgCO2eq),0,0,0,0,0,0,0,0,0,100.71361402695786,60.33978280915909,139.49566876522022,51.95134035862391,22.11131529202517,80.48441205778198,48.77966582382938,38.0693665708239,58.99100998462889,0,0,0,0,0,0,0,0,0
US,pf_poultry,GHG (kgCO2eq),0,0,0,0,0,0,0,0,0,100.71361402695786,60.33978280915909,139.49566876522022,51.95134035862391,22.11131529202517,80.48441205778198,48.77966582382938,38.0693665708239,58.99100998462889,0,0,0,0,0,0,0,0,0
US,pf_poultry_tot,GHG (kgCO2eq),-19.50370555538842,-21.914741642336466,-17.053702014850494,-15.922591093837971,-17.86839025843386,-13.939662113054863,-3.5845590224129547,-4.038148186875878,-3.1286983935871455,100.71361402695786,60.33978280915909,139.49566876522022,51.95134035862391,22.11131529202517,80.48441205778198,48.77966582382938,38.0693665708239,58.99100998462889,-19.365510555671147,-36.3188938078345,-12.225255569442032,-30.64904771257711,-80.81106900446761,-17.31970422179042,-7.348469822156632,-10.607342728866644,-5.303686772615659
US,pf_redm,GHG (kgCO2eq),0,0,0,0,0,0,0,0,0,100.71361402695786,60.33978280915909,139.49566876522022,51.95134035862391,22.11131529202517,80.48441205778198,48.77966582382938,38.0693665708239,58.99100998462889,0,0,0,0,0,0,0,0,0
US,pf_redm_tot,GHG (kgCO2eq),-155.19061708856188,-175.0672593182372,-136.47102913241972,-118.91799732002751,-134.13031438686818,-104.58978261808281,-36.28927838962731,-40.984972506265606,-31.902834445986475,100.71361402695786,60.33978280915909,139.49566876522022,51.95134035862391,22.11131529202517,80.48441205778198,48.77966582382938,38.0693665708239,58.99100998462889,-154.0910020834147,-290.13571340144665,-97.83173222539895,-228.9026548672813,-606.6139106398822,-129.9503592608652,-74.39427428774967,-107.65866679188774,-54.08084122360221
US,pf_seafood,GHG (kgCO2eq),74.93561918197416,70.05763741851692,79.96037990726286,46.93269493620374,43.82618501709828,50.085647260879185,28.01862066249375,26.176067203334664,29.869436425106116,100.71361402695786,60.33978280915909,139.49566876522022,51.95134035862391,22.11131529202517,80.48441205778198,48.77966582382938,38.0693665708239,58.99100998462889,74.40465711211223,116.10521973553199,57.32104847057373,90.3397190760121,198.2070466559036,62.23024555975052,57.439140242749176,68.75887245099534,50.633878675562784
US,sat_fat,GHG (kgCO2eq),-84.1669963074048,-85.22535987045698,-83.00700017468448,-64.70828612012998,-65.53417022521641,-63.810149522118174,-19.4552413542759,-19.69743307832451,-19.182849186409587,100.71361402695786,60.33978280915909,139.49566876522022,51.95134035862391,22.11131529202517,80.48441205778198,48.77966582382938,38.0693665708239,58.99100998462889,-83.57062460778734,-141.24240410345075,-59.50507346173619,-124.55556617681842,-296.3829575929951,-79.28261869678207,-39.88391684465334,-51.740900499827305,-32.518258615012705
US,veg_dg,GHG (kgCO2eq),1.7865618361515678,1.3969724715297338,2.153488873925708,1.3043179060666186,1.004336235778603,1.5816195156559811,0.4800427073054988,0.38383158840079484,0.5728397172190945,100.71361402695786,60.33978280915909,139.49566876522022,51.95134035862391,22.11131529202517,80.48441205778198,48.77966582382938,38.0693665708239,58.99100998462889,1.773903015408981,2.315176499637126,1.5437675542099893,2.510653040061751,4.542182237982171,1.9651252649028395,0.9841041327326865,1.0082426448748971,0.9710627388280988
US,veg_oth,GHG (kgCO2eq),0.33418260657586274,-0.2614090933075304,0.8859007197940186,0.1977628928253331,-0.17192132357736384,0.5391011829035913,0.13740754144872144,-0.08952067584249619,0.3483850462547474,100.71361402695786,60.33978280915909,139.49566876522022,51.95134035862391,22.11131529202517,80.48441205778198,48.77966582382938,38.0693665708239,58.99100998462889,0.3318147301182267,-0.43322842930062827,0.6350739973762511,0.3806694715866065,-0.7775264442969172,0.6698206138557062,0.28169020662211347,-0.23515147192153235,0.590573116726642
US,veg_ro,GHG (kgCO2eq),20.50552732691668,20.067140246124225,20.927016646970056,12.527380352611722,12.234227964446362,12.790844873749306,7.982163807701311,7.816220986520864,8.14876455889559,100.71361402695786,60.33978280915909,139.49566876522022,51.95134035862391,22.11131529202517,80.48441205778198,48.77966582382938,38.0693665708239,58.99100998462889,20.360233842296633,33.2568983710001,15.001911408583954,24.11368073688628,55.33016830011396,15.892325664957838,16.363711544333583,20.53152361224513,13.813570171147923
US,veg_sta,GHG (kgCO2eq),13.195881781874387,12.60496000833745,13.748210563248625,5.833723344634268,5.568568876443765,6.078597072055488,7.364236215969335,7.040094592197539,7.670545590357783,100.71361402695786,60.33978280915909,139.49566876522022,51.95134035862391,22.11131529202517,80.48441205778198,48.77966582382938,38.0693665708239,58.99100998462889,13.10238135069035,20.88996582603562,9.855654075100862,11.229206608267752,25.18424979653818,7.55251472507682,15.096938635384886,18.492807278787293,13.002906023064318
US,added_sugar,WATER (litereq),-13719.100482838552,-14004.500516435788,-13447.453586995895,-9093.839225183256,-9283.123415052545,-8913.687037993323,-4625.252351647448,-4721.377101383205,-4533.766549002571,249363.5608916803,217629.12467130707,279807.45645997394,152794.83608759433,129522.13391426057,175200.4053674863,96574.50915560767,88099.34755630512,104637.35813789669,-5.501646043945418,-6.435030484815522,-4.80596684488983,-5.951666599498123,-7.16721006248837,-5.087709140453579,-4.789309717531068,-5.359151040665458,-4.332837362949982
US,dairy_cow,WATER (litereq),56505.369798548716,55544.9767074006,57345.74783932941,42783.53630836489,42055.28360957134,43418.81399775067,13722.08100586025,13489.77021257916,13926.358753823968,249363.5608916803,217629.12467130707,279807.45645997394,152794.83608759433,129522.13391426057,175200.4053674863,96574.50915560767,88099.34755630512,104637.35813789669,22.65983433846366,25.52276805381271,20.494717533566742,28.000642825283645,32.469572835644115,24.782370740911734,14.20880222518166,15.311997860095072,13.309165102841252
US,dairy_soy,WATER (litereq),-14.424953995553636,-18.58674226359825,-9.72975994526527,-11.340619920587855,-14.612537387527698,-7.649349141205212,-3.084334074965784,-3.974204876070554,-2.0804108040600426,249363.5608916803,217629.12467130707,279807.45645997394,152794.83608759433,129522.13391426057,175200.4053674863,96574.50915560767,88099.34755630512,104637.35813789669,-0.005784708055969578,-0.008540558296905554,-0.0034773054543873814,-0.007422122508175928,-0.01128188437445041,-0.004366056759492394,-0.0031937351811916407,-0.00451104915791868,-0.0019882103687273588
US,dairy_tot,WATER (litereq),0,0,0,0,0,0,0,0,0,249363.5608916803,217629.12467130707,279807.45645997394,152794.83608759433,129522.13391426057,175200.4053674863,96574.50915560767,88099.34755630512,104637.35813789669,0,0,0,0,0,0,0,0,0
US,fruit_exc_juice,WATER (litereq),164575.13154578826,158565.02923577817,170204.12445082876,92105.74896110006,88964.99840815424,95169.0303042404,72441.43642546887,69641.39750735056,75036.26990672344,249363.5608916803,217629.12467130707,279807.45645997394,152794.83608759433,129522.13391426057,175200.4053674863,96574.50915560767,88099.34755630512,104637.35813789669,65.99806762355193,72.86020631441886,60.82901671177452,60.28066871860618,68.68710059011703,54.32009709373759,75.01092892819793,79.04870971132004,71.71078402785804
US,fruit_juice,WATER (litereq),67437.79567518839,64625.925077046646,70260.601655828,58680.222434667434,56185.367946018276,61109.67806130147,8779.156852831544,8426.689503076183,9136.733690048943,249363.5608916803,217629.12467130707,279807.45645997394,152794.83608759433,129522.13391426057,175200.4053674863,96574.50915560767,88099.34755630512,104637.35813789669,27.04396561953265,29.695439511900556,25.110339282855627,38.40458482577722,43.37897025632017,34.87987252833275,9.090552910484844,9.564985140997335,8.731808459850512
US,gr_refined,WATER (litereq),-34567.882122503725,-35368.74271112573,-33717.18725175549,-26726.73982927612,-27352.955595386855,-26069.176360897618,-7838.843301289971,-8017.607043040812,-7647.960886299917,249363.5608916803,217629.12467130707,279807.45645997394,152794.83608759433,129522.13391426057,175200.4053674863,96574.50915560767,88099.34755630512,104637.35813789669,-13.862443253094018,-16.25184256222341,-12.050138934227682,-17.49191302116663,-21.118363918782883,-14.879632445037446,-8.116886505381531,-9.100642928049703,-7.309015654065947
US,gr_whole,WATER (litereq),45701.64040735616,45024.420432602106,46419.35550439053,36662.60191009289,36118.99032193519,37239.21226774926,9038.249734391877,8906.871145255376,9179.45174859766,249363.5608916803,217629.12467130707,279807.45645997394,152794.83608759433,129522.13391426057,175200.4053674863,96574.50915560767,88099.34755630512,104637.35813789669,18.327313038013703,20.68860061841634,16.58974928390829,23.994660322862565,27.88634593207427,21.2552089646364,9.358835797786776,10.110030769028013,8.772633323273022
US,leg_tot,WATER (litereq),5324.1947539944695,4797.158276707746,5815.848869317726,4276.2092147514695,3837.3181045465485,4685.601568546875,1049.9905914058502,959.1005051689963,1134.4881749932154,249363.5608916803,217629.12467130707,279807.45645997394,152794.83608759433,129522.13391426057,175200.4053674863,96574.50915560767,88099.34755630512,104637.35813789669,2.1351133802212656,2.204281381893652,2.078518186362083,2.798660821429856,2.962673628498684,2.67442393110834,1.0872336816271375,1.0886578978987629,1.084209497623331
US,oil,WATER (litereq),-290.1858285128894,-398.75138028423817,-178.867940768957,-241.61884633828367,-332.32780079243827,-148.85063258762975,-48.51838817516244,-66.48598223424578,-30.04123653439188,249363.5608916803,217629.12467130707,279807.45645997394,152794.83608759433,129522.13391426057,175200.4053674863,96574.50915560767,88099.34755630512,104637.35813789669,-0.11637058256436339,-0.18322519142899021,-0.06392536604704235,-0.15813286137482307,-0.2565799302012955,-0.08496021015214698,-0.050239331889314794,-0.07546705404572261,-0.028709857615864056
US,pf_egg,WATER (litereq),-3143.880911191344,-3655.2434983747435,-2655.7895253159595,-2322.184753392766,-2699.895753572738,-1961.662708646272,-821.6961577985778,-955.3477448020201,-694.1268166696841,249363.5608916803,217629.12467130707,279807.45645997394,152794.83608759433,129522.13391426057,175200.4053674863,96574.50915560767,88099.34755630512,104637.35813789669,-1.2607619573402697,-1.679574599169751,-0.9491489465349063,-1.5198057819581694,-2.0845053057572236,-1.1196679051807248,-0.8508416609962811,-1.0843982064582809,-0.6633642410533022
US,pf_ns,WATER (litereq),-18434.224407276954,-24269.432531944047,-12782.25942409318,-16178.417665730105,-21290.911979683202,-11216.440606977141,-2252.6701011947366,-2951.715229096267,-1557.241059332952,249363.5608916803,217629.12467130707,279807.45645997394,152794.83608759433,129522.13391426057,175200.4053674863,96574.50915560767,88099.34755630512,104637.35813789669,-7.392509290996409,-11.151739257601218,-4.5682340227132805,-10.588327511575935,-16.43804910887053,-6.402063159300594,-2.3325721465123634,-3.3504393743776575,-1.4882266592403228
US,pf_pm,WATER (litereq),0,0,0,0,0,0,0,0,0,249363.5608916803,217629.12467130707,279807.45645997394,152794.83608759433,129522.13391426057,175200.4053674863,96574.50915560767,88099.34755630512,104637.35813789669,0,0,0,0,0,0,0,0,0
US,pf_poultry,WATER (litereq),0,0,0,0,0,0,0,0,0,249363.5608916803,217629.12467130707,279807.45645997394,152794.83608759433,129522.13391426057,175200.4053674863,96574.50915560767,88099.34755630512,104637.35813789669,0,0,0,0,0,0,0,0,0
US,pf_poultry_tot,WATER (litereq),-9239.741163438792,-10386.27124387914,-8084.809296866795,-7536.767231984193,-8470.825737345625,-6591.45120855465,-1701.038841175397,-1915.7228005408217,-1480.3703247762983,249363.5608916803,217629.12467130707,279807.45645997394,152794.83608759433,129522.13391426057,175200.4053674863,96574.50915560767,88099.34755630512,104637.35813789669,-3.7053293313582385,-4.772463823289227,-2.8894188164793655,-4.932605986542313,-6.540060359840146,-3.7622351356601897,-1.7613745656574482,-2.1745028240038504,-1.414762711062895
US,pf_redm,WATER (litereq),0,0,0,0,0,0,0,0,0,249363.5608916803,217629.12467130707,279807.45645997394,152794.83608759433,129522.13391426057,175200.4053674863,96574.50915560767,88099.34755630512,104637.35813789669,0,0,0,0,0,0,0,0,0
US,pf_redm_tot,WATER (litereq),-45942.034433553985,-51826.62489036366,-40393.28364833991,-35199.50986243174,-39705.01109815342,-30956.503146338473,-10742.356197683372,-12131.452093892402,-9442.223668545737,249363.5608916803,217629.12467130707,279807.45645997394,152794.83608759433,129522.13391426057,175200.4053674863,96574.50915560767,88099.34755630512,104637.35813789669,-18.423716067124378,-23.814195351214703,-14.436099794973872,-23.037106988519255,-30.655000730945993,-17.669196073722887,-11.123386793894577,-13.77019516079739,-9.023759617575848
US,pf_seafood,WATER (litereq),2889.584054531812,2694.9026003108384,3087.1859504150825,1808.279168538093,1687.0335760204532,1932.7090262756449,1080.9731348334021,1007.9648700649059,1154.417977265044,249363.5608916803,217629.12467130707,279807.45645997394,152794.83608759433,129522.13391426057,175200.4053674863,96574.50915560767,88099.34755630512,104637.35813789669,1.1587836026238825,1.2383005281949486,1.1033251184486215,1.183468770830345,1.3025060080752022,1.10314186900524,1.1193151736258498,1.1441229680171083,1.1032560433566092
US,sat_fat,WATER (litereq),-25043.199579888333,-25356.92495568934,-24698.844135115934,-19252.88475454571,-19496.646287609314,-18986.53852548268,-5789.261547680751,-5861.61473912275,-5708.118510914811,249363.5608916803,217629.12467130707,279807.45645997394,152794.83608759433,129522.13391426057,175200.4053674863,96574.50915560767,88099.34755630512,104637.35813789669,-10.042846472972332,-11.651439114129047,-8.827085756611734,-12.600481303902445,-15.052752528394459,-10.837040294317838,-5.994606235432876,-6.653414470948876,-5.4551439490591385
US,veg_dg,WATER (litereq),12210.259978014965,9714.187660073952,14584.710785846572,8910.249437255834,7009.653599073337,10690.189365987402,3304.569809820099,2674.806860781713,3897.301971632018,249363.5608916803,217629.12467130707,279807.45645997394,152794.83608759433,129522.13391426057,175200.4053674863,96574.50915560767,88099.34755630512,104637.35813789669,4.896569464421032,4.463643216295444,5.2124096228053505,5.831512154080757,5.411934923581092,6.101692141387756,3.421782661608503,3.036125618378977,3.7245798641972074
US,veg_oth,WATER (litereq),1720.7317899831455,36.76739067346086,3285.9130192271805,1033.6390851511321,-10.805782352158854,1999.7103246089923,688.1639285664749,48.091589578314114,1289.2470550673618,249363.5608916803,217629.12467130707,279807.45645997394,152794.83608759433,129522.13391426057,175200.4053674863,96574.50915560767,88099.34755630512,104637.35813789669,0.6900494137275354,0.016894517555493524,1.1743479108095982,0.676488231944283,-0.008342807538448934,1.1413845307118786,0.7125730532656982,0.054587906621644755,1.2321097149340519
US,veg_ro,WATER (litereq),23322.81251339208,22781.842993433802,23828.192320759234,14191.51252350521,13839.419400919918,14504.929707377698,9131.681090499509,8926.915527230267,9332.503308637206,249363.5608916803,217629.12467130707,279807.45645997394,152794.83608759433,129522.13391426057,175200.4053674863,96574.50915560767,88099.34755630512,104637.35813789669,9.352935300568294,10.468195848254236,8.515924708449585,9.287952974647316,10.68498408934581,8.279050312100205,9.455581157327861,10.132782789934955,8.918901886206202
US,veg_sta,WATER (litereq),20070.714258082422,19128.992767640015,20944.000633228858,8906.139832970075,8481.184935357101,9302.490320266863,11160.927802650176,10643.036774208244,11646.515013988259,249363.5608916803,217629.12467130707,279807.45645997394,152794.83608759433,129522.13391426057,175200.4053674863,96574.50915560767,88099.34755630512,104637.35813789669,8.048775926327437,8.789720951426517,7.48514742895169,5.828822531583696,6.548058373537429,5.309628308653,11.556805103370396,12.080721446212959,11.130360342851795
Veg,added_sugar,BLUEWATER (L),-3695.2353032972924,-3773.1616866410386,-3619.5128273017467,-2449.407935711076,-2501.0533237315267,-2399.254606577686,-1245.853102117766,-1272.1083629095158,-1220.2582207240607,-3499.637122468255,-8886.283235024139,1981.6626204850832,-7668.888662060368,-11654.30331480393,-3617.6409585921638,4169.645333425109,2763.720794907815,5601.649819761991,105.58909892609336,42.460515682975405,-182.65030534893677,31.939542268084043,21.460341782546134,66.32097087687156,-29.87911446881679,-46.02883059871276,-21.783907598420857
Veg,dairy_cow,BLUEWATER (L),13483.349380516323,13278.046236621329,13714.40432201472,10208.988665123257,10054.114539114607,10383.827061474463,3274.4434764482103,3224.611993324083,3330.432737473177,-3499.637122468255,-8886.283235024139,1981.6626204850832,-7668.888662060368,-11654.30331480393,-3617.6409585921638,4169.645333425109,2763.720794907815,5601.649819761991,-385.27849913212344,-149.42182108586888,692.065550424402,-133.12213953019435,-86.26954582813478,-287.033101966963,78.53050354665189,116.67647467376099,59.45449723979147
Veg,dairy_soy,BLUEWATER (L),-8.129004661283298,-10.576300669705269,-5.460325836456541,-6.390866288011528,-8.314883090646722,-4.292802595620537,-1.7381383732717726,-2.2614175790585134,-1.1675232408359966,-3499.637122468255,-8886.283235024139,1981.6626204850832,-7668.888662060368,-11654.30331480393,-3617.6409585921638,4169.645333425109,2763.720794907815,5601.649819761991,0.23228135880413803,0.11901827108121138,-0.27554265695943386,0.08333497289677069,0.07134603301498688,0.11866303607119481,-0.04168552081248594,-0.08182510994689475,-0.020842488880991914
Veg,dairy_tot,BLUEWATER (L),0,0,0,0,0,0,0,0,0,-3499.637122468255,-8886.283235024139,1981.6626204850832,-7668.888662060368,-11654.30331480393,-3617.6409585921638,4169.645333425109,2763.720794907815,5601.649819761991,-0,-0,0,-0,-0,-0,0,0,0
Veg,fruit_exc_juice,BLUEWATER (L),22254.7824675387,21446.102489355122,23108.616245053894,12466.213310348923,12036.49283732051,12907.799385045571,9790.374060032307,9410.86973193387,10197.345872133003,-3499.637122468255,-8886.283235024139,1981.6626204850832,-7668.888662060368,-11654.30331480393,-3617.6409585921638,4169.645333425109,2763.720794907815,5601.649819761991,-635.9168590554511,-241.33939828552928,1166.1226288558255,-162.5556695329526,-103.27938540977479,-356.8015602650837,234.80112280892996,340.5144886297305,182.0418305363879
Veg,fruit_juice,BLUEWATER (L),7883.7968918993965,7575.746735169573,8202.658668595337,6863.7643719447715,6593.461938526702,7141.336617773982,1021.655858948011,981.0116230538781,1061.0853168016433,-3499.637122468255,-8886.283235024139,1981.6626204850832,-7668.888662060368,-11654.30331480393,-3617.6409585921638,4169.645333425109,2763.720794907815,5601.649819761991,-225.27469609017757,-85.25214124743115,413.9281118693878,-89.50142158017343,-56.5753418323284,-197.40313368613272,24.50222446398776,35.49604666511185,18.94237146096233
Veg,gr_refined,BLUEWATER (L),-10993.96893094031,-11226.172702690643,-10748.160692623074,-8502.890615320764,-8682.273540377137,-8314.357974219929,-2490.2300531843216,-2544.254998187999,-2434.6428798503957,-3499.637122468255,-8886.283235024139,1981.6626204850832,-7668.888662060368,-11654.30331480393,-3617.6409585921638,4169.645333425109,2763.720794907815,5601.649819761991,314.1459684593352,126.33147521614134,-542.3809573595366,110.87513445574433,74.49843466274334,229.8281689473002,-59.722826620813564,-92.05904601057443,-43.462961059458756
Veg,gr_whole,BLUEWATER (L),12173.889916544927,12011.319688543688,12322.350653799887,9753.99178619309,9624.457327068852,9872.688632758487,2419.4994446764363,2387.5809362832024,2449.654464810802,-3499.637122468255,-8886.283235024139,1981.6626204850832,-7668.888662060368,-11654.30331480393,-3617.6409585921638,4169.645333425109,2763.720794907815,5601.649819761991,-347.86149222119406,-135.1669688087661,621.8187963187977,-127.18911717219437,-82.58286288845206,-272.90404840508353,58.02650468328838,86.39009196161732,43.730946125348574
Veg,leg_tot,BLUEWATER (L),10022.819715868374,9914.395781614627,10132.952580282503,8177.780398462664,8089.0212134281965,8269.15109694083,1845.0771614918503,1825.5997146205675,1864.52241353837,-3499.637122468255,-8886.283235024139,1981.6626204850832,-7668.888662060368,-11654.30331480393,-3617.6409585921638,4169.645333425109,2763.720794907815,5601.649819761991,-286.3959709285342,-111.56965763299458,511.33590932860704,-106.63579507836505,-69.40802032458758,-228.5785458421734,44.250218278786605,66.05586635177671,33.28523691289206
Veg,oil,BLUEWATER (L),-103.13193897381505,-143.45031100811303,-64.54912843244863,-85.9006386261516,-119.550806167879,-53.678195995423074,-17.237328540257465,-23.905612040755692,-10.870932437025614,-3499.637122468255,-8886.283235024139,1981.6626204850832,-7668.888662060368,-11654.30331480393,-3617.6409585921638,4169.645333425109,2763.720794907815,5601.649819761991,2.946932363692532,1.6142892052182418,-3.257321794597302,1.1201184736338712,1.0258082610225105,1.4837900336110859,-0.41340035331249747,-0.864979273043863,-0.19406661942119596
Veg,pf_egg,BLUEWATER (L),-1925.8181314264307,-2163.639119925126,-1723.956758373552,-1422.4792951559807,-1598.1425244985933,-1273.3771452832966,-503.33883627045003,-565.4965954265326,-450.5796130902554,-3499.637122468255,-8886.283235024139,1981.6626204850832,-7668.888662060368,-11654.30331480393,-3617.6409585921638,4169.645333425109,2763.720794907815,5601.649819761991,55.029080559877386,24.348077398629627,-86.99547241555939,18.548701876365605,13.71289626955689,35.19910239458485,-12.071502394593065,-20.461422748219217,-8.043694761151638
Veg,pf_ns,BLUEWATER (L),4964.329261512823,3998.2307580968427,5972.463534443212,4359.499274437102,3513.7560676313474,5246.85137345364,604.4133518869442,483.17705888434915,725.215241382481,-3499.637122468255,-8886.283235024139,1981.6626204850832,-7668.888662060368,-11654.30331480393,-3617.6409585921638,4169.645333425109,2763.720794907815,5601.649819761991,-141.8526860868231,-44.99328518292476,301.386496001082,-56.846558432964045,-30.149859435767247,-145.03516057866332,14.495557860564018,17.482846305408565,12.946458002854857
Veg,pf_pm,BLUEWATER (L),0,0,0,0,0,0,0,0,0,-3499.637122468255,-8886.283235024139,1981.6626204850832,-7668.888662060368,-11654.30331480393,-3617.6409585921638,4169.645333425109,2763.720794907815,5601.649819761991,-0,-0,0,-0,-0,-0,0,0,0
Veg,pf_poultry,BLUEWATER (L),0,0,0,0,0,0,0,0,0,-3499.637122468255,-8886.283235024139,1981.6626204850832,-7668.888662060368,-11654.30331480393,-3617.6409585921638,4169.645333425109,2763.720794907815,5601.649819761991,-0,-0,0,-0,-0,-0,0,0,0
Veg,pf_poultry_tot,BLUEWATER (L),-20917.025257735233,-21426.576967887406,-20414.948366581746,-17025.888465175933,-17438.526850896345,-16620.477807012285,-3891.853557641777,-3987.6229329453586,-3796.509826370167,-3499.637122468255,-8886.283235024139,1981.6626204850832,-7668.888662060368,-11654.30331480393,-3617.6409585921638,4169.645333425109,2763.720794907815,5601.649819761991,597.6912612866184,241.11967175924934,-1030.1929377657866,222.01246119801743,149.6316543327389,459.4286165280561,-93.33776008341835,-144.28457969750767,-67.77485113361615
Veg,pf_redm,BLUEWATER (L),0,0,0,0,0,0,0,0,0,-3499.637122468255,-8886.283235024139,1981.6626204850832,-7668.888662060368,-11654.30331480393,-3617.6409585921638,4169.645333425109,2763.720794907815,5601.649819761991,-0,-0,0,-0,-0,-0,0,0,0
Veg,pf_redm_tot,BLUEWATER (L),-39593.82215376456,-40561.30662616456,-38582.781425067136,-30304.0883355164,-31044.521963532647,-29529.67169419953,-9289.72993352589,-9516.784662631984,-9053.10973086772,-3499.637122468255,-8886.283235024139,1981.6626204850832,-7668.888662060368,-11654.30331480393,-3617.6409585921638,4169.645333425109,2763.720794907815,5601.649819761991,1131.3693611136312,456.44850105944636,-1946.9904223970584,395.1561910845988,266.37818773858584,816.2687240718121,-222.79424724824125,-344.34681969925333,-161.61506024402607
Veg,pf_seafood,BLUEWATER (L),-484.51182471326825,-511.2351608423789,-457.4474609672839,-301.6152620170561,-318.3390266041443,-284.73734909857257,-182.81478828372025,-192.89327453166038,-172.710111868711,-3499.637122468255,-8886.283235024139,1981.6626204850832,-7668.888662060368,-11654.30331480393,-3617.6409585921638,4169.645333425109,2763.720794907815,5601.649819761991,13.844630393323392,5.753081995264471,-23.084023296322115,3.93297223767521,2.7315148576901436,7.870801783750828,-4.384420584125534,-6.979477626215654,-3.0832007966547486
Veg,sat_fat,BLUEWATER (L),-5286.482659960616,-5364.43244079187,-5214.3664479336785,-4065.458982326321,-4125.310554931074,-4010.0191622440207,-1221.0220323055596,-1239.1094959543307,-1204.1963388802528,-3499.637122468255,-8886.283235024139,1981.6626204850832,-7668.888662060368,-11654.30331480393,-3617.6409585921638,4169.645333425109,2763.720794907815,5601.649819761991,151.05802330248795,60.36756086784013,-263.1308878731978,53.01236152298071,35.39731585405779,110.84624505701512,-29.28359451863894,-44.83482912736348,-21.497172754926297
Veg,veg_dg,BLUEWATER (L),980.955918439638,783.5531081615065,1176.2817576894086,712.1811933124212,565.1564940289322,859.7452641259438,266.57817941018493,216.83481044181107,316.9870354374017,-3499.637122468255,-8886.283235024139,1981.6626204850832,-7668.888662060368,-11654.30331480393,-3617.6409585921638,4169.645333425109,2763.720794907815,5601.649819761991,-28.030218108664386,-8.817557210794643,59.35832595971716,-9.286628411176888,-4.8493374401114115,-23.765356318293154,6.393305859210985,7.845756736401575,5.658815628194162
Veg,veg_oth,BLUEWATER (L),195.6390446726951,9.238283164381055,368.4336066512887,117.11726409059403,2.5089321565868716,223.77763531370758,78.13581077420693,6.2646469325024245,144.61896281798641,-3499.637122468255,-8886.283235024139,1981.6626204850832,-7668.888662060368,-11654.30331480393,-3617.6409585921638,4169.645333425109,2763.720794907815,5601.649819761991,-5.5902665855456775,-0.10396116036420665,18.5921459507119,-1.5271738742276724,-0.021527946277148026,-6.1857336832230185,1.873919830731098,0.2266743783975973,2.5817208763708677
Veg,veg_ro,BLUEWATER (L),3018.498087742651,2951.957543323515,3085.226484135949,1835.2821458483647,1793.111040305735,1877.0837557317254,1184.0002641878118,1157.6315297178066,1210.8642054236986,-3499.637122468255,-8886.283235024139,1981.6626204850832,-7668.888662060368,-11654.30331480393,-3617.6409585921638,4169.645333425109,2763.720794907815,5601.649819761991,-86.2517450270312,-33.21926012541166,155.68878638790332,-23.931526805544824,-15.385827808583185,-51.88695553862285,28.395706816992707,41.88670331137484,21.616206731665123
Veg,veg_sta,BLUEWATER (L),4530.427398269025,4325.677457546116,4729.458200936007,2000.4133243161382,1909.6497694445934,2089.964956015848,2529.28549581216,2414.5761019229403,2644.9687472728524,-3499.637122468255,-8886.283235024139,1981.6626204850832,-7668.888662060368,-11654.30331480393,-3617.6409585921638,4169.645333425109,2763.720794907815,5601.649819761991,-129.4542045283188,-48.678140715760854,238.66111981151982,-26.084787672203547,-16.385790877939932,-57.77148644483437,60.65948764362907,87.3668608772573,47.21767394208934
Veg,added_sugar,CED (mJ),-186.35081981309995,-190.1915637152256,-182.51236291285855,-123.51700338491642,-126.06781974747078,-120.97196051850028,-62.83362646295133,-64.12613683930931,-61.54040239435825,-2264.7271396927936,-2483.9170339699795,-2041.0108204259832,-1643.9577705487848,-1797.5572367627476,-1487.957244990515,-620.5973056641168,-687.294156731337,-552.8528837866634,8.228400523269135,7.656920948412171,8.94225356800245,7.513392715901945,7.0132854280906525,8.130069659311442,10.124701781570174,9.33023163535729,11.131424688037923
Veg,dairy_cow,CED (mJ),1087.245179155832,1070.690327155339,1105.8765565810313,823.2133868941341,810.7249359813236,837.3116794028833,264.03846579330065,260.020247599297,268.5532233966194,-2264.7271396927936,-2483.9170339699795,-2041.0108204259832,-1643.9577705487848,-1797.5572367627476,-1487.957244990515,-620.5973056641168,-687.294156731337,-552.8528837866634,-48.00777807181288,-43.104915039939264,-54.182787543978904,-50.07509326832219,-45.10148102106458,-56.27256308753823,-42.54586079949967,-37.83245427778878,-48.57589266012576
Veg,dairy_soy,CED (mJ),-1.0591544742739818,-1.3780206362702256,-0.7114436246077614,-0.8326867686117896,-1.0833731798024668,-0.5593232216954674,-0.22646770566219226,-0.29464745646775514,-0.1521204029122904,-2264.7271396927936,-2483.9170339699795,-2041.0108204259832,-1643.9577705487848,-1797.5572367627476,-1487.957244990515,-620.5973056641168,-687.294156731337,-552.8528837866634,0.04676742092725812,0.05547772399095679,0.034857415624052146,0.050651347834429025,0.060269189633901876,0.03759000627057889,0.036491893147979994,0.04287064768148942,0.0275155303288589
Veg,dairy_tot,CED (mJ),0,0,0,0,0,0,0,0,0,-2264.7271396927936,-2483.9170339699795,-2041.0108204259832,-1643.9577705487848,-1797.5572367627476,-1487.957244990515,-620.5973056641168,-687.294156731337,-552.8528837866634,-0,-0,-0,-0,-0,-0,-0,-0,-0
Veg,fruit_exc_juice,CED (mJ),361.5839472331421,349.85738901672835,373.86660424774203,203.75333214743006,197.07084440911564,210.20997884149784,157.92567083821314,152.41630253291237,163.71065481999753,-2264.7271396927936,-2483.9170339699795,-2041.0108204259832,-1643.9577705487848,-1797.5572367627476,-1487.957244990515,-620.5973056641168,-687.294156731337,-552.8528837866634,-15.965894561681736,-14.08490638906568,-18.317717892828792,-12.394073363539823,-10.963258380802603,-14.12742063316731,-25.44736649625201,-22.176283770224433,-29.611974472972218
Veg,fruit_juice,CED (mJ),194.86111233898438,187.0841766383489,202.69255456767988,169.6408158598624,162.9486271739455,176.43583931094986,25.206117002238347,24.206393729902455,26.156231404093447,-2264.7271396927936,-2483.9170339699795,-2041.0108204259832,-1643.9577705487848,-1797.5572367627476,-1487.957244990515,-620.5973056641168,-687.294156731337,-552.8528837866634,-8.60417614659826,-7.531820671938353,-9.930988730641593,-10.319049485269506,-9.065003541550785,-11.857587972030377,-4.061589821964285,-3.521984508790859,-4.731137735041045
Veg,gr_refined,CED (mJ),-128.25499858657085,-131.0941880115608,-125.41094365696706,-99.2652278071817,-101.45195699442182,-97.01793579857122,-29.002401681056337,-29.639375265907912,-28.34721988932552,-2264.7271396927936,-2483.9170339699795,-2041.0108204259832,-1643.9577705487848,-1797.5572367627476,-1487.957244990515,-620.5973056641168,-687.294156731337,-552.8528837866634,5.66315457340121,5.27772007755172,6.144550651171576,6.038185991483531,5.643879088775411,6.520209913638323,4.673304478823049,4.31247304747477,5.12744361486667
Veg,gr_whole,CED (mJ),198.60695431810683,196.10346182820157,200.97168157011083,159.1437136736441,157.14644907624844,161.04632323692843,39.45380425251024,38.95413012553064,39.93032374819399,-2264.7271396927936,-2483.9170339699795,-2041.0108204259832,-1643.9577705487848,-1797.5572367627476,-1487.957244990515,-620.5973056641168,-687.294156731337,-552.8528837866634,-8.769575408764146,-7.894928016769326,-9.846673989124941,-9.680523218094518,-8.742222270443873,-10.823316582456979,-6.357392127297383,-5.667752263570865,-7.2225948202890145
Veg,leg_tot,CED (mJ),169.13674218835337,167.40181382425723,170.8074866144278,137.28343618897327,135.85238483558973,138.6553331910785,31.84737843061835,31.532242824808076,32.16282957209563,-2264.7271396927936,-2483.9170339699795,-2041.0108204259832,-1643.9577705487848,-1797.5572367627476,-1487.957244990515,-620.5973056641168,-687.294156731337,-552.8528837866634,-7.468305528907844,-6.739428553163199,-8.368769283583624,-8.350788484253183,-7.557611076699214,-9.318502507910594,-5.131730051025225,-4.587881697520967,-5.817610889863193
Veg,oil,CED (mJ),-3.3298872289307484,-4.6373973899691485,-2.0578765303405744,-2.772150554069929,-3.864744295992736,-1.7116082850546084,-0.5575676302902898,-0.7726530939763765,-0.3462910343242771,-2264.7271396927936,-2483.9170339699795,-2041.0108204259832,-1643.9577705487848,-1797.5572367627476,-1487.957244990515,-620.5973056641168,-687.294156731337,-552.8528837866634,0.14703260143658817,0.18669695189284635,0.10082634103385454,0.16862662799084746,0.21499979065772737,0.11503074371370928,0.08984370786038504,0.11241956393911352,0.06263710373588374
Veg,pf_egg,CED (mJ),-98.44739235536736,-110.60474812173477,-88.1282840916962,-72.7168235683197,-81.6966885822055,-65.09475499911782,-25.730568787047467,-28.90805953952927,-23.033529092578604,-2264.7271396927936,-2483.9170339699795,-2041.0108204259832,-1643.9577705487848,-1797.5572367627476,-1487.957244990515,-620.5973056641168,-687.294156731337,-552.8528837866634,4.346986912018089,4.45283584794127,4.31787441838759,4.423278071434002,4.544872725684914,4.374773214638488,4.146097405226814,4.206067992344276,4.166303508234363
Veg,pf_ns,CED (mJ),13.586366823125513,10.973499721211017,16.140762338418234,11.938376929380889,9.663847841915047,14.189108501884531,1.6473611888508255,1.3356184978360108,1.954074733132392,-2264.7271396927936,-2483.9170339699795,-2041.0108204259832,-1643.9577705487848,-1797.5572367627476,-1487.957244990515,-620.5973056641168,-687.294156731337,-552.8528837866634,-0.5999118650986132,-0.44178205516278296,-0.7908219876585203,-0.7261972991797488,-0.5376100212151709,-0.9535965196348757,-0.26544768625573434,-0.19432996552567863,-0.35345293303859054
Veg,pf_pm,CED (mJ),0,0,0,0,0,0,0,0,0,-2264.7271396927936,-2483.9170339699795,-2041.0108204259832,-1643.9577705487848,-1797.5572367627476,-1487.957244990515,-620.5973056641168,-687.294156731337,-552.8528837866634,-0,-0,-0,-0,-0,-0,-0,-0,-0
Veg,pf_poultry,CED (mJ),0,0,0,0,0,0,0,0,0,-2264.7271396927936,-2483.9170339699795,-2041.0108204259832,-1643.9577705487848,-1797.5572367627476,-1487.957244990515,-620.5973056641168,-687.294156731337,-552.8528837866634,-0,-0,-0,-0,-0,-0,-0,-0,-0
Veg,pf_poultry_tot,CED (mJ),-653.5167152305787,-669.4297552066881,-637.8281367375484,-531.9424134398861,-544.8355223817817,-519.2756958242499,-121.59607655562587,-124.58755169725126,-118.6171487006599,-2264.7271396927936,-2483.9170339699795,-2041.0108204259832,-1643.9577705487848,-1797.5572367627476,-1487.957244990515,-620.5973056641168,-687.294156731337,-552.8528837866634,28.85631137529562,26.950568237649875,31.250600455142425,32.35742565712704,30.309773243325793,34.89856295081651,19.593394210034937,18.127253153114246,21.455463502010467
Veg,pf_redm,CED (mJ),0,0,0,0,0,0,0,0,0,-2264.7271396927936,-2483.9170339699795,-2041.0108204259832,-1643.9577705487848,-1797.5572367627476,-1487.957244990515,-620.5973056641168,-687.294156731337,-552.8528837866634,-0,-0,-0,-0,-0,-0,-0,-0,-0
Veg,pf_redm_tot,CED (mJ),-1742.7838334834166,-1785.3536519751215,-1697.9998993528677,-1333.9586152258323,-1366.5380150447388,-1299.5149826298032,-408.81118977293477,-418.8156369303824,-398.3920754125699,-2264.7271396927936,-2483.9170339699795,-2041.0108204259832,-1643.9577705487848,-1797.5572367627476,-1487.957244990515,-620.5973056641168,-687.294156731337,-552.8528837866634,76.95336903675832,71.87654126762992,83.19406650663788,81.14311931385751,76.02194729029944,87.33550557348757,65.8738260771944,60.9368831130769,72.0611372565984
Veg,pf_seafood,CED (mJ),-1484.7650312154522,-1561.7671323299153,-1405.1829261779417,-924.5478354621783,-973.1230307303741,-874.6851924493333,-560.0454183955804,-589.0907593095467,-530.4297700618739,-2264.7271396927936,-2483.9170339699795,-2041.0108204259832,-1643.9577705487848,-1797.5572367627476,-1487.957244990515,-620.5973056641168,-687.294156731337,-552.8528837866634,65.56043795266471,62.875173001804484,68.84740208700428,56.23914750276988,54.13585786469245,58.78429608069209,90.24296645894422,85.7115913964946,95.94410839078807
Veg,sat_fat,CED (mJ),-296.8513394155717,-301.29620803065905,-292.698768521233,-228.38919921808812,-231.83833814148485,-225.19070010808446,-68.46444474715967,-69.46706190608471,-67.50784422810311,-2264.7271396927936,-2483.9170339699795,-2041.0108204259832,-1643.9577705487848,-1797.5572367627476,-1487.957244990515,-620.5973056641168,-687.294156731337,-552.8528837866634,13.107598448077903,12.129882114021546,14.34087294354193,13.892643917601813,12.89741063038452,15.134218464020446,11.032024168054381,10.107326131864577,12.210815247217424
Veg,veg_dg,CED (mJ),15.761639387845413,12.311601721296888,19.176584245248478,11.525224434527,8.90186564862405,14.082084399674152,4.238633098995945,3.3691043337964897,5.096758672116035,-2264.7271396927936,-2483.9170339699795,-2041.0108204259832,-1643.9577705487848,-1797.5572367627476,-1487.957244990515,-620.5973056641168,-687.294156731337,-552.8528837866634,-0.6959619599023065,-0.4956526950346477,-0.9395630857677716,-0.7010657232806934,-0.4952201502443157,-0.9464038329786767,-0.6829925074296088,-0.4901983089481541,-0.9219014355513045
Veg,veg_oth,CED (mJ),3.146374200570483,-0.3670551620870497,6.431533039045844,1.8777211805615868,-0.27194508228137043,3.9217208086215174,1.2654679948853147,-0.0947599999578993,2.52345642440083,-2264.7271396927936,-2483.9170339699795,-2041.0108204259832,-1643.9577705487848,-1797.5572367627476,-1487.957244990515,-620.5973056641168,-687.294156731337,-552.8528837866634,-0.13892950481430993,0.014777271425221278,-0.3151150878123961,-0.1142195507816948,0.015128590996697335,-0.26356407899653844,-0.20391129373839378,0.013787400784630989,-0.4564426628503559
Veg,veg_ro,CED (mJ),170.1368528251779,166.50918256940935,173.74676029786292,103.90996771370259,101.64462998203712,106.11835356354207,66.21404289639607,64.78592501087304,67.61382646869264,-2264.7271396927936,-2483.9170339699795,-2041.0108204259832,-1643.9577705487848,-1797.5572367627476,-1487.957244990515,-620.5973056641168,-687.294156731337,-552.8528837866634,-7.51246584382155,-6.703492117177605,-8.512779969564292,-6.320720007242975,-5.654597689756501,-7.131814702392106,-10.669405473093176,-9.426229566534468,-12.229985309217211
Veg,veg_sta,CED (mJ),116.56686363933082,111.27123413445982,121.80929767851053,51.6982098580835,49.260612469007555,54.09448758683505,64.83351457818276,61.8825206521205,67.81213819070054,-2264.7271396927936,-2483.9170339699795,-2041.0108204259832,-1643.9577705487848,-1797.5572367627476,-1487.957244990515,-620.5973056641168,-687.294156731337,-552.8528837866634,-5.147059952447204,-4.479667904069159,-5.968086815585205,-3.14474074603666,-2.740419690764443,-3.6354866894834656,-10.446953924300844,-9.003789723227683,-12.265855922869365
Veg,dairy_tot,CVD (deaths),0,0,0,NA,NA,NA,NA,NA,NA,344129.99195613543,303677.19103956607,385641.92133136553,NA,NA,NA,NA,NA,NA,0,0,0,NA,NA,NA,NA,NA,NA
Veg,fruit_exc_juice,CVD (deaths),39346.7270002041,35468.4109076334,43296.5708134953,NA,NA,NA,NA,NA,NA,344129.99195613543,303677.19103956607,385641.92133136553,NA,NA,NA,NA,NA,NA,11.433681434316668,11.679642710806101,11.227143217215852,NA,NA,NA,NA,NA,NA
Veg,gr_whole,CVD (deaths),50128.7648128309,45569.5439834725,54658.3668726959,NA,NA,NA,NA,NA,NA,344129.99195613543,303677.19103956607,385641.92133136553,NA,NA,NA,NA,NA,NA,14.566810793759752,15.005915929173371,14.173346788647056,NA,NA,NA,NA,NA,NA
Veg,leg_tot,CVD (deaths),43246.502182224,40193.6984939308,46355.1373216092,NA,NA,NA,NA,NA,NA,344129.99195613543,303677.19103956607,385641.92133136553,NA,NA,NA,NA,NA,NA,12.566908782462768,13.235665924179985,12.020253701043623,NA,NA,NA,NA,NA,NA
Veg,pf_ns,CVD (deaths),38360.2537136558,31185.8175080339,46153.4702558378,NA,NA,NA,NA,NA,NA,344129.99195613543,303677.19103956607,385641.92133136553,NA,NA,NA,NA,NA,NA,11.147024267081433,10.26939738255505,11.967959836031442,NA,NA,NA,NA,NA,NA
Veg,pf_pm,CVD (deaths),66719.1490036747,56821.1621107491,75989.1892373499,NA,NA,NA,NA,NA,NA,344129.99195613543,303677.19103956607,385641.92133136553,NA,NA,NA,NA,NA,NA,19.387775132421197,18.71104046907029,19.704597719825085,NA,NA,NA,NA,NA,NA
Veg,pf_redm,CVD (deaths),37149.9801248133,34107.8162243897,40494.9408492254,NA,NA,NA,NA,NA,NA,344129.99195613543,303677.19103956607,385641.92133136553,NA,NA,NA,NA,NA,NA,10.795333447585303,11.231602909533564,10.50065841115594,NA,NA,NA,NA,NA,NA
Veg,pf_seafood,CVD (deaths),0.0260692257065251,9.25265957035037e-8,1.99181855553147,NA,NA,NA,NA,NA,NA,344129.99195613543,303677.19103956607,385641.92133136553,NA,NA,NA,NA,NA,NA,7.575400667154875e-6,3.0468734048402214e-11,5.164943034862608e-4,NA,NA,NA,NA,NA,NA
Veg,sodium,CVD (deaths),42819.5613826702,39435.4714555325,46387.606546244,NA,NA,NA,NA,NA,NA,344129.99195613543,303677.19103956607,385641.92133136553,NA,NA,NA,NA,NA,NA,12.442844966598612,12.98598400509917,12.02867322777005,NA,NA,NA,NA,NA,NA
Veg,ssb,CVD (deaths),7170.48946306813,4395.62832913864,10421.6504350128,NA,NA,NA,NA,NA,NA,344129.99195613543,303677.19103956607,385641.92133136553,NA,NA,NA,NA,NA,NA,2.0836572314749358,1.447467395918429,2.702416376060403,NA,NA,NA,NA,NA,NA
Veg,veg_exc_sta,CVD (deaths),19188.5382037686,16499.642026593,21882.9971813397,NA,NA,NA,NA,NA,NA,344129.99195613543,303677.19103956607,385641.92133136553,NA,NA,NA,NA,NA,NA,5.575956368898666,5.433283273633568,5.6744342279470645,NA,NA,NA,NA,NA,NA
Veg,dairy_tot,Cancer (cases),10758.560465923,9945.73971038599,11508.3558715006,NA,NA,NA,NA,NA,NA,86509.0391906922,76492.9610101995,96980.6098471125,NA,NA,NA,NA,NA,NA,12.43634256786492,13.002163308934836,11.86665653025201,NA,NA,NA,NA,NA,NA
Veg,fruit_exc_juice,Cancer (cases),5001.45979474112,3923.87892692775,6135.48851900182,NA,NA,NA,NA,NA,NA,86509.0391906922,76492.9610101995,96980.6098471125,NA,NA,NA,NA,NA,NA,5.781430289286168,5.129725500369299,6.326510555743322,NA,NA,NA,NA,NA,NA
Veg,gr_whole,Cancer (cases),29263.258955636,26993.0190943881,31424.8473110372,NA,NA,NA,NA,NA,NA,86509.0391906922,76492.9610101995,96980.6098471125,NA,NA,NA,NA,NA,NA,33.8268222944089,35.288239254836625,32.403227161159,NA,NA,NA,NA,NA,NA
Veg,leg_tot,Cancer (cases),13214.9730852266,12122.7008912036,14378.5638062007,NA,NA,NA,NA,NA,NA,86509.0391906922,76492.9610101995,96980.6098471125,NA,NA,NA,NA,NA,NA,15.275829218374263,15.848126064288673,14.826225395847835,NA,NA,NA,NA,NA,NA
Veg,pf_ns,Cancer (cases),620.024655163077,506.657242665283,750.828480155817,NA,NA,NA,NA,NA,NA,86509.0391906922,76492.9610101995,96980.6098471125,NA,NA,NA,NA,NA,NA,0.7167166124644551,0.6623579947411445,0.7742047418958071,NA,NA,NA,NA,NA,NA
Veg,pf_pm,Cancer (cases),14009.0897748626,12201.6207775806,15859.8130578614,NA,NA,NA,NA,NA,NA,86509.0391906922,76492.9610101995,96980.6098471125,NA,NA,NA,NA,NA,NA,16.193787268845178,15.951298807681985,16.353591798261526,NA,NA,NA,NA,NA,NA
Veg,pf_redm,Cancer (cases),9496.45098314288,7481.6631621433,11805.8887628419,NA,NA,NA,NA,NA,NA,86509.0391906922,76492.9610101995,96980.6098471125,NA,NA,NA,NA,NA,NA,10.977408918170756,9.780851810855774,12.17345279788773,NA,NA,NA,NA,NA,NA
Veg,pf_seafood,Cancer (cases),0,0,0,NA,NA,NA,NA,NA,NA,86509.0391906922,76492.9610101995,96980.6098471125,NA,NA,NA,NA,NA,NA,0,0,0,NA,NA,NA,NA,NA,NA
Veg,sodium,Cancer (cases),0,0,0,NA,NA,NA,NA,NA,NA,86509.0391906922,76492.9610101995,96980.6098471125,NA,NA,NA,NA,NA,NA,0,0,0,NA,NA,NA,NA,NA,NA
Veg,ssb,Cancer (cases),337.809897750778,184.5432635719,535.68691265602,NA,NA,NA,NA,NA,NA,86509.0391906922,76492.9610101995,96980.6098471125,NA,NA,NA,NA,NA,NA,0.3904908676723855,0.2412552228789956,0.552364966048901,NA,NA,NA,NA,NA,NA
Veg,veg_exc_sta,Cancer (cases),3807.41157824615,3133.13794133299,4581.13712585705,NA,NA,NA,NA,NA,NA,86509.0391906922,76492.9610101995,96980.6098471125,NA,NA,NA,NA,NA,NA,4.401171962912983,4.09598203541267,4.723766052903872,NA,NA,NA,NA,NA,NA
Veg,added_sugar,FL (mrh-eq),-8.6342695131766,-8.8150989646229,-8.458487670088765,-5.723723735954343,-5.843507194215813,-5.607084895711372,-2.9106145496826348,-2.9715917704070725,-2.8514615679479753,-22.651474840410597,-28.77696186261663,-16.431081182981696,-18.940227497158435,-23.391879219188752,-14.416906854302754,-3.7155326727579627,-5.4018618234097575,-2.008293617044294,38.11791317787804,30.632486524139836,51.47858242493224,30.219931290757003,24.980922393880547,38.89242645719062,78.33640035042798,55.01051058968679,141.98429670580808
Veg,dairy_cow,FL (mrh-eq),24.7079658740768,24.331752002430918,25.131369395595595,18.70776588428378,18.423962171110837,19.028153720318535,6.000351647757843,5.909036459688556,6.102950839670706,-22.651474840410597,-28.77696186261663,-16.431081182981696,-18.940227497158435,-23.391879219188752,-14.416906854302754,-3.7155326727579627,-5.4018618234097575,-2.008293617044294,-109.07883944932975,-84.55288684953096,-152.95018700062855,-98.77265670167093,-78.76221486299977,-131.98499451107674,-161.49371237540234,-109.38888577417664,-303.88737920965576
Veg,dairy_soy,FL (mrh-eq),-0.17770270227020615,-0.23120139393942868,-0.11936450978254741,-0.13970642859096372,-0.18176606556841368,-0.09384206964323234,-0.0379962736792388,-0.04943532837101135,-0.02552244013931618,-22.651474840410597,-28.77696186261663,-16.431081182981696,-18.940227497158435,-23.391879219188752,-14.416906854302754,-3.7155326727579627,-5.4018618234097575,-2.008293617044294,0.7845083091595505,0.8034253061292622,0.7264556023627821,0.7376174790504686,0.7770477261155997,0.65091680616099,1.0226332810319485,0.9151535153449525,1.2708520269500647
Veg,dairy_tot,FL (mrh-eq),0,0,0,0,0,0,0,0,0,-22.651474840410597,-28.77696186261663,-16.431081182981696,-18.940227497158435,-23.391879219188752,-14.416906854302754,-3.7155326727579627,-5.4018618234097575,-2.008293617044294,-0,-0,-0,-0,-0,-0,-0,-0,-0
Veg,fruit_exc_juice,FL (mrh-eq),22.156413475359646,21.439160186293428,22.864025944572315,12.517647422490116,12.112872432154449,12.908017206604963,9.63495992879171,9.31703720247525,9.96170818881541,-22.651474840410597,-28.77696186261663,-16.431081182981696,-18.940227497158435,-23.391879219188752,-14.416906854302754,-3.7155326727579627,-5.4018618234097575,-2.008293617044294,-97.81444092034239,-74.50112450593494,-139.15107405259167,-66.09026963571644,-51.78238276050116,-89.53388779613667,-259.31570995013965,-172.47825855334744,-496.02847433616574
Veg,fruit_juice,FL (mrh-eq),12.369029462388568,11.887694037922023,12.85058610023431,10.761497977644348,10.34237846679758,11.181089938730212,1.6070553367593572,1.5449202777965487,1.6672386219933015,-22.651474840410597,-28.77696186261663,-16.431081182981696,-18.940227497158435,-23.391879219188752,-14.416906854302754,-3.7155326727579627,-5.4018618234097575,-2.008293617044294,-54.60584597485908,-41.30976054621319,-78.2090110633995,-56.818208647487864,-44.21354252852654,-77.55540111153034,-43.25235378878995,-28.599774083472685,-83.0176727069949
Veg,gr_refined,FL (mrh-eq),-2.9005321800135215,-2.962175044037082,-2.8333283150696738,-2.239819553893262,-2.2873832634078646,-2.1871125061611125,-0.6607229973966484,-0.675011160778477,-0.6450498704020003,-22.651474840410597,-28.77696186261663,-16.431081182981696,-18.940227497158435,-23.391879219188752,-14.416906854302754,-3.7155326727579627,-5.4018618234097575,-2.008293617044294,12.805047796883077,10.293564199649454,17.24371198411618,11.825726772443984,9.778535713075525,15.17046983977957,17.782726074272613,12.495898318857721,32.11930092928107
Veg,gr_whole,FL (mrh-eq),3.5514870110362775,3.503007034482892,3.5935035140852367,2.846583714236035,2.807889680739244,2.8804580317001993,0.7049380077590642,0.6954513203811619,0.7134141074373052,-22.651474840410597,-28.77696186261663,-16.431081182981696,-18.940227497158435,-23.391879219188752,-14.416906854302754,-3.7155326727579627,-5.4018618234097575,-2.008293617044294,-15.678833436047915,-12.172956447614274,-21.870158598006118,-15.029300543845645,-12.003694335237011,-19.979722840759848,-18.972730691553934,-12.874289330529004,-35.5233966479101
Veg,leg_tot,FL (mrh-eq),7.009417988458829,6.9389320007872595,7.078738326637432,5.684995528120111,5.6271049657817755,5.7411598215115855,1.3246109539232607,1.311753529253523,1.3373232591918596,-22.651474840410597,-28.77696186261663,-16.431081182981696,-18.940227497158435,-23.391879219188752,-14.416906854302754,-3.7155326727579627,-5.4018618234097575,-2.008293617044294,-30.944642844861974,-24.11280257420585,-43.081390979731474,-30.01545535275656,-24.055805491530442,-39.82241044859165,-35.65063398944705,-24.283359555197197,-66.59002686868392
Veg,oil,FL (mrh-eq),-0.1299810206049277,-0.18147283728570718,-0.08133354347265155,-0.10824944632378265,-0.15120404134398605,-0.06762631211000089,-0.021722888831187045,-0.030268795941721476,-0.013690697091243762,-22.651474840410597,-28.77696186261663,-16.431081182981696,-18.940227497158435,-23.391879219188752,-14.416906854302754,-3.7155326727579627,-5.4018618234097575,-2.008293617044294,0.5738302760447168,0.630618472346289,0.4949981231721491,0.5715319224123527,0.6463954431670921,0.4690764308421518,0.5846507282914726,0.5603400629491712,0.681707942257619
Veg,pf_egg,FL (mrh-eq),-1.424950951623877,-1.5962245610453891,-1.2735484708712737,-1.0525205844834518,-1.1790294999583943,-0.9406892071631481,-0.37243036714042504,-0.4171950610869986,-0.3328592637081219,-22.651474840410597,-28.77696186261663,-16.431081182981696,-18.940227497158435,-23.391879219188752,-14.416906854302754,-3.7155326727579627,-5.4018618234097575,-2.008293617044294,6.290764560203124,5.5468835406110095,7.750850091291235,5.557064109400795,5.040336814800312,6.524903134006152,10.023606302026614,7.723171653133052,16.57423301469272
Veg,pf_ns,FL (mrh-eq),3.139162447672358,2.5012793744912334,3.786922861631378,2.7568210019336776,2.197330730855968,3.3251740103847798,0.3827910854053591,0.30491574208110744,0.45877328927683964,-22.651474840410597,-28.77696186261663,-16.431081182981696,-18.940227497158435,-23.391879219188752,-14.416906854302754,-3.7155326727579627,-5.4018618234097575,-2.008293617044294,-13.858534465367534,-8.691950826610983,-23.047313925718047,-14.555374281260761,-9.393562228439778,-23.0644065609148,-10.30245510184738,-5.64464164484383,-22.843935039341467
Veg,pf_pm,FL (mrh-eq),0,0,0,0,0,0,0,0,0,-22.651474840410597,-28.77696186261663,-16.431081182981696,-18.940227497158435,-23.391879219188752,-14.416906854302754,-3.7155326727579627,-5.4018618234097575,-2.008293617044294,-0,-0,-0,-0,-0,-0,-0,-0,-0
Veg,pf_poultry,FL (mrh-eq),0,0,0,0,0,0,0,0,0,-22.651474840410597,-28.77696186261663,-16.431081182981696,-18.940227497158435,-23.391879219188752,-14.416906854302754,-3.7155326727579627,-5.4018618234097575,-2.008293617044294,-0,-0,-0,-0,-0,-0,-0,-0,-0
Veg,pf_poultry_tot,FL (mrh-eq),-9.77388249286797,-10.010796368644568,-9.541153090807711,-7.957208622378692,-8.149081277020475,-7.767923369732112,-1.8174311157695613,-1.8619851850569573,-1.7730738314400656,-22.651474840410597,-28.77696186261663,-16.431081182981696,-18.940227497158435,-23.391879219188752,-14.416906854302754,-3.7155326727579627,-5.4018618234097575,-2.008293617044294,43.148989466377735,34.78753739340817,58.06771316235629,42.012212490966625,34.837223639286094,53.88065171145752,48.91441620456859,34.469322724764496,88.2875798833433
Veg,pf_redm,FL (mrh-eq),0,0,0,0,0,0,0,0,0,-22.651474840410597,-28.77696186261663,-16.431081182981696,-18.940227497158435,-23.391879219188752,-14.416906854302754,-3.7155326727579627,-5.4018618234097575,-2.008293617044294,-0,-0,-0,-0,-0,-0,-0,-0,-0
Veg,pf_redm_tot,FL (mrh-eq),-58.24414388311935,-59.66806423078714,-56.74216025319622,-44.58242062040541,-45.672166136733296,-43.43247536041968,-13.66151865727391,-13.99589809405369,-13.312892075286628,-22.651474840410597,-28.77696186261663,-16.431081182981696,-18.940227497158435,-23.391879219188752,-14.416906854302754,-3.7155326727579627,-5.4018618234097575,-2.008293617044294,257.1317951412632,207.34664248313268,345.3343064969228,235.3848211543078,195.24795639021445,301.2607059152718,367.68667807550855,259.0939670726197,662.895702217083
Veg,pf_seafood,FL (mrh-eq),-16.653527689084335,-17.522136231639358,-15.759249698116138,-10.362764958361906,-10.904743360979932,-9.802172701393907,-6.290895750436537,-6.6199923828888165,-5.955819280033137,-22.651474840410597,-28.77696186261663,-16.431081182981696,-18.940227497158435,-23.391879219188752,-14.416906854302754,-3.7155326727579627,-5.4018618234097575,-2.008293617044294,73.52072130585586,60.88945843307347,95.91121559571259,54.712990960201566,46.61764563162838,67.99081661867316,169.31342836953002,122.55019841862878,296.5611815665985
Veg,sat_fat,FL (mrh-eq),-7.736467473880923,-7.851672527585855,-7.628088277038683,-5.9506722813149135,-6.03994760024542,-5.867088657543362,-1.7860049070786637,-1.812239277298065,-1.7609914528161061,-22.651474840410597,-28.77696186261663,-16.431081182981696,-18.940227497158435,-23.391879219188752,-14.416906854302754,-3.7155326727579627,-5.4018618234097575,-2.008293617044294,34.154365348780466,27.284577729470982,46.424749485988706,31.418166873696112,25.820702747519103,40.695890712454165,48.0686099243194,33.548419721594165,87.68595577213681
Veg,veg_dg,FL (mrh-eq),0.8347535176466846,0.6790825938731564,0.9932703778122276,0.6058956373503589,0.48878394330430086,0.7246713812463508,0.22927281137870104,0.1870352933338463,0.2705697003184813,-22.651474840410597,-28.77696186261663,-16.431081182981696,-18.940227497158435,-23.391879219188752,-14.416906854302754,-3.7155326727579627,-5.4018618234097575,-2.008293617044294,-3.685206034167236,-2.359813371248666,-6.0450701128602295,-3.1989881718224358,-2.0895454303788608,-5.02653855344894,-6.170657926377931,-3.4624227617837526,-13.47261665436612
Veg,veg_oth,FL (mrh-eq),0.18430883561371203,-0.0491392058637325,0.39967759690947885,0.11011292317345149,-0.034315511875050386,0.2436056628182644,0.07451095921181675,-0.01507053884406697,0.1572003992369893,-22.651474840410597,-28.77696186261663,-16.431081182981696,-18.940227497158435,-23.391879219188752,-14.416906854302754,-3.7155326727579627,-5.4018618234097575,-2.008293617044294,-0.8136725617746624,0.17075883860960286,-2.432448555627857,-0.5813706471581269,0.1466983971381863,-1.6897221108532017,-2.0053910374177604,0.2789878626431463,-7.82756056698268
Veg,veg_ro,FL (mrh-eq),7.1111247720559145,6.95728187191549,7.264536254338904,4.3301489293000035,4.233388581110356,4.424840954202494,2.781043231386177,2.720714644036777,2.842120551949368,-22.651474840410597,-28.77696186261663,-16.431081182981696,-18.940227497158435,-23.391879219188752,-14.416906854302754,-3.7155326727579627,-5.4018618234097575,-2.008293617044294,-31.393650180206162,-24.17656841305929,-44.212162142215355,-22.86218013986182,-18.097684847986205,-30.692027068773708,-74.84911253174006,-50.366239140848855,-141.519174677867
Veg,veg_sta,FL (mrh-eq),1.9603196819223279,1.872830400638129,2.043002273645089,0.8553897160164065,0.8175537603053834,0.8919374980577898,1.104270872157553,1.0559613022703487,1.1517679039300408,-22.651474840410597,-28.77696186261663,-16.431081182981696,-18.940227497158435,-23.391879219188752,-14.416906854302754,-3.7155326727579627,-5.4018618234097575,-2.008293617044294,-8.654269515489057,-6.508089386152581,-12.433766536076183,-4.516258931656121,-3.4950324112255604,-6.186746623750221,-29.720391917261104,-19.548099096022526,-57.35057335018349
Veg,added_sugar,Food_price ($),-303.0630840573089,-309.5379288382319,-296.9628239425549,-211.6477726701805,-216.16531687183738,-207.4001457651558,-91.40380255703754,-93.34832486805931,-89.54424009231037,-1690.3533413806606,-1900.0301063947488,-1480.7533999422474,-1417.2426929156345,-1552.7601447143968,-1282.4851760972685,-273.1658545856281,-348.69155337872826,-197.88974580216498,17.928978317028708,16.291211796931524,20.054846671575234,14.933770604579117,13.921359174993327,16.17173824934923,33.460917981747826,26.771031292137394,45.24956042029073
Veg,dairy_cow,Food_price ($),0,0,0,0,0,0,0,0,0,-1690.3533413806606,-1900.0301063947488,-1480.7533999422474,-1417.2426929156345,-1552.7601447143968,-1282.4851760972685,-273.1658545856281,-348.69155337872826,-197.88974580216498,-0,-0,-0,-0,-0,-0,-0,-0,-0
Veg,dairy_soy,Food_price ($),0,0,0,0,0,0,0,0,0,-1690.3533413806606,-1900.0301063947488,-1480.7533999422474,-1417.2426929156345,-1552.7601447143968,-1282.4851760972685,-273.1658545856281,-348.69155337872826,-197.88974580216498,-0,-0,-0,-0,-0,-0,-0,-0,-0
Veg,dairy_tot,Food_price ($),236.35784868321304,231.50462602417923,241.1576180061298,181.42953216963772,177.68780659090248,185.12272603751197,54.92478442819953,53.806945550290834,56.035300045187114,-1690.3533413806606,-1900.0301063947488,-1480.7533999422474,-1417.2426929156345,-1552.7601447143968,-1282.4851760972685,-273.1658545856281,-348.69155337872826,-197.88974580216498,-13.982748038357398,-12.184260935920243,-16.286143122516922,-12.801585294921528,-11.443351839996193,-14.434687393491677,-20.106753280535834,-15.431100934024892,-28.316424288708177
Veg,fruit_exc_juice,Food_price ($),555.9992613439496,538.2168306072846,575.751885541819,207.31644816400225,200.82353210157055,213.9490674165003,348.8391409012585,336.91140303730214,361.6865278806567,-1690.3533413806606,-1900.0301063947488,-1480.7533999422474,-1417.2426929156345,-1552.7601447143968,-1282.4851760972685,-273.1658545856281,-348.69155337872826,-197.88974580216498,-32.89248748961658,-28.326752760172585,-38.88236120641523,-14.6281543168516,-12.933326037841377,-16.682381317464333,-127.70232261657337,-96.62161293347097,-182.77173807795134
Veg,fruit_juice,Food_price ($),54.41176549457453,52.25437086709124,56.59285856210429,46.502519295833736,44.634695332891916,48.36018978042231,7.910735534211822,7.5985473398939964,8.218267910535753,-1690.3533413806606,-1900.0301063947488,-1480.7533999422474,-1417.2426929156345,-1552.7601447143968,-1282.4851760972685,-273.1658545856281,-348.69155337872826,-197.88974580216498,-3.2189580818724943,-2.7501864676366825,-3.821896243109186,-3.2811966170851115,-2.874538961141464,-3.7708186169907427,-2.895945961552116,-2.1791601391734607,-4.1529528865794525
Veg,gr_refined,Food_price ($),-380.8278167825838,-389.49672693610114,-371.7887337618314,-278.46302792020225,-284.8987164049163,-271.8041757302724,-102.4298556740647,-105.02053593065439,-99.80892615262873,-1690.3533413806606,-1900.0301063947488,-1480.7533999422474,-1417.2426929156345,-1552.7601447143968,-1282.4851760972685,-273.1658545856281,-348.69155337872826,-197.88974580216498,22.529479929416894,20.499502909201777,25.108079020877618,19.64822463450715,18.347889554913742,21.193553016916724,37.4973130625872,30.118462840018168,50.436633665905084
Veg,gr_whole,Food_price ($),335.7818766735639,331.5697100361377,339.5757747130217,276.4344385413617,272.9701688150323,279.55626609413287,59.3326348250122,58.57643709281188,60.01425257179619,-1690.3533413806606,-1900.0301063947488,-1480.7533999422474,-1417.2426929156345,-1552.7601447143968,-1282.4851760972685,-273.1658545856281,-348.69155337872826,-197.88974580216498,-19.86459685401049,-17.45076085479937,-22.93263515223169,-19.505088290324125,-17.579673830773164,-21.79801149396913,-21.72037018133738,-16.798926307569488,-30.327115904122614
Veg,leg_tot,Food_price ($),192.5279457810561,190.52542160932094,194.50543763569564,167.47604891231975,165.743474978058,169.25878233136638,25.04758383051098,24.797648869007727,25.28297893110433,-1690.3533413806606,-1900.0301063947488,-1480.7533999422474,-1417.2426929156345,-1552.7601447143968,-1282.4851760972685,-273.1658545856281,-348.69155337872826,-197.88974580216498,-11.389804786246737,-10.027494878533126,-13.135572583745663,-11.81703386085401,-10.674119601939141,-13.19771842092069,-9.169368502701872,-7.111628781576472,-12.776295622907272
Veg,oil,Food_price ($),-2.5434893019546085,-3.7404965341523364,-1.3135987013150456,-2.0929902110868506,-3.0858841911821755,-1.0710947340090755,-0.4562545446398565,-0.6621530263253921,-0.24576763375524419,-1690.3533413806606,-1900.0301063947488,-1480.7533999422474,-1417.2426929156345,-1552.7601447143968,-1282.4851760972685,-273.1658545856281,-348.69155337872826,-197.88974580216498,0.15047086545095456,0.19686511921907482,0.08871151005739908,0.14768043762363867,0.19873540686155172,0.08351712393811245,0.16702473496622045,0.18989649158670627,0.12419422378810059
Veg,pf_egg,Food_price ($),-123.0398733047336,-144.20234048090282,-103.53238739991126,-78.16917639800467,-91.5591715668306,-65.82259193389898,-44.8792925018087,-52.62825674233152,-37.71141832400921,-1690.3533413806606,-1900.0301063947488,-1480.7533999422474,-1417.2426929156345,-1552.7601447143968,-1282.4851760972685,-273.1658545856281,-348.69155337872826,-197.88974580216498,7.278944010856103,7.589476608585036,6.99187234038762,5.515581543566858,5.896543125382144,5.132425166441592,16.429320044369085,15.093068998195609,19.056782437686387
Veg,pf_ns,Food_price ($),23.348765040698087,19.654322907490638,27.064886216603032,19.50125922007647,16.34878494021916,22.619189858016664,3.866128945990095,3.2928065191781815,4.430446066247872,-1690.3533413806606,-1900.0301063947488,-1480.7533999422474,-1417.2426929156345,-1552.7601447143968,-1282.4851760972685,-273.1658545856281,-348.69155337872826,-197.88974580216498,-1.381294932196075,-1.0344216568643818,-1.8277780903733614,-1.3759999834578325,-1.0528854051200698,-1.7636999069922301,-1.415304614793353,-0.9443321718784878,-2.238845700816197
Veg,pf_pm,Food_price ($),-312.68543366860183,-323.4023327468729,-302.34909414889233,-226.50971923025378,-234.33195579824638,-219.0359366695715,-86.16918997525639,-89.0929393970921,-83.34656166863422,-1690.3533413806606,-1900.0301063947488,-1480.7533999422474,-1417.2426929156345,-1552.7601447143968,-1282.4851760972685,-273.1658545856281,-348.69155337872826,-197.88974580216498,18.498229098846522,17.02090570346379,20.418598678259634,15.982422796215992,15.091317007067287,17.079022880881936,31.54464166320074,25.55064455499574,42.11767584559825
Veg,pf_poultry,Food_price ($),-606.2557371933776,-625.2864883196215,-586.4731825896063,-507.0744560349608,-523.1493080972741,-490.45826233040725,-99.1510677463715,-102.22435500929791,-95.92914255179107,-1690.3533413806606,-1900.0301063947488,-1480.7533999422474,-1417.2426929156345,-1552.7601447143968,-1282.4851760972685,-273.1658545856281,-348.69155337872826,-197.88974580216498,35.86562184082738,32.90929371146041,39.60640459191112,35.77894305397882,33.69157238341523,38.242801669093836,36.29702105220147,29.316556142175266,48.47605527155191
Veg,pf_poultry_tot,Food_price ($),0,0,0,0,0,0,0,0,0,-1690.3533413806606,-1900.0301063947488,-1480.7533999422474,-1417.2426929156345,-1552.7601447143968,-1282.4851760972685,-273.1658545856281,-348.69155337872826,-197.88974580216498,-0,-0,-0,-0,-0,-0,-0,-0,-0
Veg,pf_redm,Food_price ($),-1096.1431909074192,-1135.238217087334,-1057.6270641050587,-820.977219859144,-850.6131837181526,-791.6551609001658,-275.17075278826576,-284.8034499324961,-265.76242949449016,-1690.3533413806606,-1900.0301063947488,-1480.7533999422474,-1417.2426929156345,-1552.7601447143968,-1282.4851760972685,-273.1658545856281,-348.69155337872826,-197.88974580216498,64.84698577944079,59.748433104642494,71.42492896834196,57.92777933962614,54.78071977913936,61.72821141755822,100.73394905292206,81.67775994939555,134.29823178416686
Veg,pf_redm_tot,Food_price ($),0,0,0,0,0,0,0,0,0,-1690.3533413806606,-1900.0301063947488,-1480.7533999422474,-1417.2426929156345,-1552.7601447143968,-1282.4851760972685,-273.1658545856281,-348.69155337872826,-197.88974580216498,-0,-0,-0,-0,-0,-0,-0,-0,-0
Veg,pf_seafood,Food_price ($),-540.5289129160357,-576.2350916879525,-503.05924246913196,-338.4633894420199,-360.60876877266367,-315.2803087615978,-201.99498948462426,-215.63480666494243,-187.96347141369498,-1690.3533413806606,-1900.0301063947488,-1480.7533999422474,-1417.2426929156345,-1552.7601447143968,-1282.4851760972685,-273.1658545856281,-348.69155337872826,-197.88974580216498,31.977273608045643,30.327682164012735,33.973195164620414,23.881822861666212,23.223726471868673,24.58354409374364,73.94591457670849,61.84113282226041,94.98393696538803
Veg,sat_fat,Food_price ($),-30.467896122134704,-30.98701679428561,-29.949160901409176,-25.982977189226553,-26.428471883734314,-25.53931282438992,-4.484525089167931,-4.559068982718454,-4.410969895194706,-1690.3533413806606,-1900.0301063947488,-1480.7533999422474,-1417.2426929156345,-1552.7601447143968,-1282.4851760972685,-273.1658545856281,-348.69155337872826,-197.88974580216498,1.8024572363816482,1.6308697788522182,2.022562359308259,1.8333470561610623,1.7020318285278613,1.991392438710958,1.6416858161026808,1.3074790423060982,2.2290037704148933
Veg,veg_dg,Food_price ($),27.328167771485973,20.89388267743463,33.57055338634328,13.388279029581767,10.15177733600667,16.4927260463754,13.872391146928885,10.687017071728674,17.075858840133193,-1690.3533413806606,-1900.0301063947488,-1480.7533999422474,-1417.2426929156345,-1552.7601447143968,-1282.4851760972685,-273.1658545856281,-348.69155337872826,-197.88974580216498,-1.6167133286561644,-1.09966061101422,-2.2671265443424007,-0.9446708807535721,-0.6537891489914506,-1.2859974020568739,-5.0783767129212585,-3.064891296670173,-8.628976085099593
Veg,veg_oth,Food_price ($),23.972209711437067,5.5255414131127,41.32740876132038,4.275077798841629,-1.124189520096472,9.547163650796858,19.579526384896013,6.853089103838974,31.466414310577974,-1690.3533413806606,-1900.0301063947488,-1480.7533999422474,-1417.2426929156345,-1552.7601447143968,-1282.4851760972685,-273.1658545856281,-348.69155337872826,-197.88974580216498,-1.4181774380885863,-0.29081336103653915,-2.7909717285087603,-0.30164754563289997,0.07239943167804884,-0.7444268229165687,-7.167633163594575,-1.9653728452652108,-15.900982733100122
Veg,veg_ro,Food_price ($),178.8290590533574,175.005940634713,182.57151711537344,99.27231815114301,97.04793835397933,101.45919230510391,79.51335477368609,77.59315111754651,81.62348888706462,-1690.3533413806606,-1900.0301063947488,-1480.7533999422474,-1417.2426929156345,-1552.7601447143968,-1282.4851760972685,-273.1658545856281,-348.69155337872826,-197.88974580216498,-10.579389212630062,-9.210693033005757,-12.329636867455049,-7.004609630190734,-6.250027648141987,-7.9111395746385496,-29.108087060991505,-22.252661518665867,-41.24695221381786
Veg,veg_sta,Food_price ($),76.6451933201538,72.9458862539413,80.18394813905314,56.542114756646825,53.7966436618769,59.21651003197322,20.08759500491441,19.165291473590433,20.999645981039976,-1690.3533413806606,-1900.0301063947488,-1480.7533999422474,-1417.2426929156345,-1552.7601447143968,-1282.4851760972685,-273.1658545856281,-348.69155337872826,-197.88974580216498,-4.534270524620072,-3.8391963373861464,-5.415077766640987,-3.9895859078535856,-3.4645816899023933,-4.617325107193443,-7.353625889804481,-5.49634520477593,-10.611790871687617
Veg,added_sugar,GHG (kgCO2eq),-19.168375880939852,-19.571028838254822,-18.780321689415416,-12.706070046099608,-12.972895076991938,-12.449271202325152,-6.462341133994808,-6.598133761262883,-6.331050487090265,-703.1271781255191,-741.4698855144923,-663.6421235510868,-542.411735522011,-570.5879357989297,-513.3217178104697,-160.70104231024158,-170.90637423836637,-150.25967211840262,2.72616056913647,2.639490722495742,2.829886925941903,2.342513853221009,2.2736013615197557,2.4252375791592184,4.021343633552125,3.8606715464341552,4.213406297134392
Veg,dairy_cow,GHG (kgCO2eq),201.82909236161782,198.75595778489426,205.2876995527715,152.81595529885854,150.49768085528513,155.43307021961493,49.014375893570154,48.26846011803532,49.85246600128444,-703.1271781255191,-741.4698855144923,-663.6421235510868,-542.411735522011,-570.5879357989297,-513.3217178104697,-160.70104231024158,-170.90637423836637,-150.25967211840262,-28.70449310460137,-26.805668263517024,-30.93349446450088,-28.173423488300852,-26.375896056154822,-30.279854685011482,-30.500347221734504,-28.242633039955773,-33.17754211655763
Veg,dairy_soy,GHG (kgCO2eq),-0.1625793384744283,-0.21152503141951554,-0.1092060097559079,-0.12781673238940017,-0.1662968898034989,-0.08585565333986696,-0.034762606085028076,-0.04522814161601665,-0.023350356416042994,-703.1271781255191,-741.4698855144923,-663.6421235510868,-542.411735522011,-570.5879357989297,-513.3217178104697,-160.70104231024158,-170.90637423836637,-150.25967211840262,0.023122323177416044,0.028527798033596768,0.016455557277099405,0.02356452193394945,0.029144831036543417,0.016725505732755077,0.02163184854639405,0.026463695001180062,0.015540002242014227
Veg,dairy_tot,GHG (kgCO2eq),0,0,0,0,0,0,0,0,0,-703.1271781255191,-741.4698855144923,-663.6421235510868,-542.411735522011,-570.5879357989297,-513.3217178104697,-160.70104231024158,-170.90637423836637,-150.25967211840262,-0,-0,-0,-0,-0,-0,-0,-0,-0
Veg,fruit_exc_juice,GHG (kgCO2eq),47.49650900543112,45.93770350799013,49.08060138180095,26.683228498470594,25.839493393688116,27.531034555411626,20.825016784041868,20.09452952477753,21.577118140478017,-703.1271781255191,-741.4698855144923,-663.6421235510868,-542.411735522011,-570.5879357989297,-513.3217178104697,-160.70104231024158,-170.90637423836637,-150.25967211840262,-6.7550381329382,-6.1954914697735575,-7.395642868354295,-4.9193678438374775,-4.528573384137188,-5.363309908811752,-12.958856075020414,-11.757624380206739,-14.359886346268302
Veg,fruit_juice,GHG (kgCO2eq),24.658489262930146,23.676797303946902,25.647133266802232,21.466896707727393,20.610798331964983,22.337975677826783,3.19193214435436,3.06576547209992,3.3145295971504813,-703.1271781255191,-741.4698855144923,-663.6421235510868,-542.411735522011,-570.5879357989297,-513.3217178104697,-160.70104231024158,-170.90637423836637,-150.25967211840262,-3.5069742757871643,-3.1932244001410806,-3.8646029775154758,-3.957675563023704,-3.6122036655237046,-4.351652171099934,-1.9862547861962039,-1.793827460071231,-2.205867715815775
Veg,gr_refined,GHG (kgCO2eq),-22.36473279923704,-22.853374887481355,-21.85760930141251,-17.283568301199566,-17.662258571004692,-16.893015603386235,-5.08049924238429,-5.188220828445751,-4.966822088695141,-703.1271781255191,-741.4698855144923,-663.6421235510868,-542.411735522011,-570.5879357989297,-513.3217178104697,-160.70104231024158,-170.90637423836637,-150.25967211840262,3.1807521448480527,3.0821716881493875,3.2935837744075815,3.186429638098824,3.0954490031890054,3.2909216612618613,3.1614600436605302,3.0357093768835335,3.305492430983978
Veg,gr_whole,GHG (kgCO2eq),31.412346578480793,31.00841570535282,31.79679491209184,25.1548647723049,24.829880067191432,25.462706461485382,6.2566575755619445,6.176218201801217,6.333796822318881,-703.1271781255191,-741.4698855144923,-663.6421235510868,-542.411735522011,-570.5879357989297,-513.3217178104697,-160.70104231024158,-170.90637423836637,-150.25967211840262,-4.467519896219003,-4.182019568311484,-4.791256278602415,-4.637595967221494,-4.351630749504888,-4.960379734193674,-3.8933522058202628,-3.6138021354236494,-4.215234023223433
Veg,leg_tot,GHG (kgCO2eq),28.16659942039074,27.877805202141023,28.442118511011785,22.83661665412128,22.60267984555649,23.062510068528937,5.329266969844826,5.276146250258328,5.381626343315201,-703.1271781255191,-741.4698855144923,-663.6421235510868,-542.411735522011,-570.5879357989297,-513.3217178104697,-160.70104231024158,-170.90637423836637,-150.25967211840262,-4.005903952607925,-3.7598027575721606,-4.2857614822309165,-4.210199587983393,-3.9612964851611374,-4.492798428030693,-3.316261608033882,-3.0871559201762633,-3.581550703155103
Veg,oil,GHG (kgCO2eq),-0.4071855647823655,-0.567353684532031,-0.25358503280990685,-0.33908999503550835,-0.47266381506671346,-0.21092325299288714,-0.06810221064033264,-0.0946898694653177,-0.0426617798170197,-703.1271781255191,-741.4698855144923,-663.6421235510868,-542.411735522011,-570.5879357989297,-513.3217178104697,-160.70104231024158,-170.90637423836637,-150.25967211840262,0.05791065648577114,0.07651742783030963,0.03821111165352149,0.06251523940741657,0.08283803168829636,0.04108987515520723,0.04237820095084252,0.05540452770547454,0.02839203574423002
Veg,pf_egg,GHG (kgCO2eq),-16.067363875795152,-18.051536886296166,-14.383206851629046,-11.867939172494395,-13.333521503134563,-10.623959558026174,-4.19942470330072,-4.718015383161602,-3.759247293602872,-703.1271781255191,-741.4698855144923,-663.6421235510868,-542.411735522011,-570.5879357989297,-513.3217178104697,-160.70104231024158,-170.90637423836637,-150.25967211840262,2.285129116844759,2.4345610305900065,2.1673137284694732,2.187994542756864,2.3368039642242247,2.06964934258807,2.613190706749441,2.7605847963173664,2.501833819150514
Veg,pf_ns,GHG (kgCO2eq),2.340085924892444,1.8948379761723801,2.7883104679757036,2.0586201444870538,1.6664861091656742,2.451760041054927,0.2823407718630974,0.22875493103492525,0.3364544614022167,-703.1271781255191,-741.4698855144923,-663.6421235510868,-542.411735522011,-570.5879357989297,-513.3217178104697,-160.70104231024158,-170.90637423836637,-150.25967211840262,-0.332811189453795,-0.25555157575382675,-0.4201527252453047,-0.3795309005447422,-0.2920647291345693,-0.4776263999724581,-0.1756931802085167,-0.13384809785729607,-0.22391534379037847
Veg,pf_pm,GHG (kgCO2eq),0,0,0,0,0,0,0,0,0,-703.1271781255191,-741.4698855144923,-663.6421235510868,-542.411735522011,-570.5879357989297,-513.3217178104697,-160.70104231024158,-170.90637423836637,-150.25967211840262,-0,-0,-0,-0,-0,-0,-0,-0,-0
Veg,pf_poultry,GHG (kgCO2eq),0,0,0,0,0,0,0,0,0,-703.1271781255191,-741.4698855144923,-663.6421235510868,-542.411735522011,-570.5879357989297,-513.3217178104697,-160.70104231024158,-170.90637423836637,-150.25967211840262,-0,-0,-0,-0,-0,-0,-0,-0,-0
Veg,pf_poultry_tot,GHG (kgCO2eq),-94.50272979109411,-96.78659615022467,-92.25237937482564,-76.93806803299225,-78.7918536511969,-75.1065981856233,-17.56677813091802,-17.9973851583141,-17.13915738056745,-703.1271781255191,-741.4698855144923,-663.6421235510868,-542.411735522011,-570.5879357989297,-513.3217178104697,-160.70104231024158,-170.90637423836637,-150.25967211840262,13.440346601738657,13.053341483055139,13.900922816832633,14.184440157613462,13.808888815862113,14.63148656674495,10.931340505560915,10.530552320542945,11.406358831305065
Veg,pf_redm,GHG (kgCO2eq),0,0,0,0,0,0,0,0,0,-703.1271781255191,-741.4698855144923,-663.6421235510868,-542.411735522011,-570.5879357989297,-513.3217178104697,-160.70104231024158,-170.90637423836637,-150.25967211840262,-0,-0,-0,-0,-0,-0,-0,-0,-0
Veg,pf_redm_tot,GHG (kgCO2eq),-756.1688456038797,-774.5575829886179,-736.6996942881431,-578.8656606932872,-592.9296055464974,-563.9445317277219,-177.29615863935737,-181.62797744211977,-172.74128980605684,-703.1271781255191,-741.4698855144923,-663.6421235510868,-542.411735522011,-570.5879357989297,-513.3217178104697,-160.70104231024158,-170.90637423836637,-150.25967211840262,107.54368045049338,104.46244657005413,111.00857949554678,106.72071099940221,103.91555242335878,109.86181027624926,110.32670111565182,106.27337818822356,114.96184396698203
Veg,pf_seafood,GHG (kgCO2eq),-85.55813997437421,-90.18496901298704,-80.79337141658289,-53.29978284934149,-56.18043940855869,-50.31605350954,-32.25364949198517,-34.00503550297938,-30.480106643460545,-703.1271781255191,-741.4698855144923,-663.6421235510868,-542.411735522011,-570.5879357989297,-513.3217178104697,-160.70104231024158,-170.90637423836637,-150.25967211840262,12.168231101870559,12.162998224858363,12.174237973964813,9.826443522289646,9.846061559274922,9.802050403041363,20.070591346705676,19.89687959534611,20.284954847660405
Veg,sat_fat,GHG (kgCO2eq),-80.41733063221486,-81.60643141509857,-79.2912663513222,-61.83533076569604,-62.755756721717134,-60.96510206383457,-18.586036439228348,-18.862693097028092,-18.326726310567373,-703.1271781255191,-741.4698855144923,-663.6421235510868,-542.411735522011,-570.5879357989297,-513.3217178104697,-160.70104231024158,-170.90637423836637,-150.25967211840262,11.437096038102387,11.006034501114414,11.947895339590872,11.40007243873262,10.998437363357034,11.876587323029316,11.56559794014718,11.036857566658067,12.196703248577673
Veg,veg_dg,GHG (kgCO2eq),1.79310933213407,1.3964406364476238,2.178000207850826,1.3113450675130205,1.0134989699745758,1.6008172623954193,0.482849941784472,0.38321794991372793,0.5807189657920176,-703.1271781255191,-741.4698855144923,-663.6421235510868,-542.411735522011,-570.5879357989297,-513.3217178104697,-160.70104231024158,-170.90637423836637,-150.25967211840262,-0.25501920391050115,-0.1883341001069328,-0.3281889636837021,-0.2417619276343637,-0.1776236240528794,-0.31185457518212356,-0.30046472309265143,-0.22422683274483757,-0.3864769286428489
Veg,veg_oth,GHG (kgCO2eq),0.3044379293119366,-0.29555010765364376,0.8588592220292798,0.1781400853031908,-0.1901117237980001,0.520781188280964,0.12547923592992247,-0.10483699641004374,0.3389167643139676,-703.1271781255191,-741.4698855144923,-663.6421235510868,-542.411735522011,-570.5879357989297,-513.3217178104697,-160.70104231024158,-170.90637423836637,-150.25967211840262,-0.04329770470877598,0.03986002849577188,-0.1294160198019988,-0.032842225497158685,0.03331856702014005,-0.1014531764801053,-0.07808240327880288,0.06134177082466544,-0.22555404223623338
Veg,veg_ro,GHG (kgCO2eq),20.503717324583413,20.0698368205658,20.939060447956262,12.517992837046878,12.246804351380653,12.786756395383739,7.983332213240875,7.8122011168053636,8.1540808544506,-703.1271781255191,-741.4698855144923,-663.6421235510868,-542.411735522011,-570.5879357989297,-513.3217178104697,-160.70104231024158,-170.90637423836637,-150.25967211840262,-2.916075208363398,-2.7067635803765264,-3.155173504646346,-2.3078396017740475,-2.1463482809591548,-2.49098293559925,-4.96781607541079,-4.571041397150897,-5.426659555083611
Veg,veg_sta,GHG (kgCO2eq),13.185718195500224,12.598268550562521,13.75993879451937,5.827931000691587,5.56014518463279,6.086181076337711,7.355458757460995,7.030548377710266,7.681032077365096,-703.1271781255191,-741.4698855144923,-663.6421235510868,-542.411735522011,-570.5879357989297,-513.3217178104697,-160.70104231024158,-170.90637423836637,-150.25967211840262,-1.8752963341073368,-1.6990937591242583,-2.0733974391033567,-1.0744478076387582,-0.9744589459024485,-1.1856465185805503,-4.5771070627288815,-4.113684120350378,-5.111838705006986
Veg,added_sugar,WATER (litereq),-13657.210060402997,-13945.169227074412,-13376.915724152619,-9052.897421177306,-9243.708811250724,-8867.217129481687,-4604.3896037201675,-4701.460415823686,-4509.698594670932,123666.19557743528,92901.79008965871,154980.78878599018,63508.3181805998,41112.63424930906,86326.743039855,60138.01940050451,51927.96641587455,68642.9748667234,-11.043608155513564,-15.010657182833667,-8.631338005786336,-14.254664082637822,-22.483864096852596,-10.271691966170788,-7.656370544989283,-9.05381192510253,-6.569788974657528
Veg,dairy_cow,WATER (litereq),56503.0457885538,55642.70666860237,57471.29986035167,42781.57731593232,42132.564998119575,43514.25149323317,13721.815289392132,13512.992504102393,13956.442731734673,123666.19557743528,92901.79008965871,154980.78878599018,63508.3181805998,41112.63424930906,86326.743039855,60138.01940050451,51927.96641587455,68642.9748667234,45.689968487122776,59.89411680324144,37.082854146337205,67.36373839136085,102.48082071955204,50.40645570648215,22.817205199273687,26.02257210667781,20.33193164898867
Veg,dairy_soy,WATER (litereq),-14.173396281150806,-18.440400372051094,-9.520398268794606,-11.142850109466544,-14.497486221956683,-7.484753039233439,-3.030546171684266,-3.9429141500943725,-2.0356452295611924,123666.19557743528,92901.79008965871,154980.78878599018,63508.3181805998,41112.63424930906,86326.743039855,60138.01940050451,51927.96641587455,68642.9748667234,-0.011461011002215185,-0.019849348816911305,-0.0061429538095467634,-0.01754549707611436,-0.0352628492108854,-0.008670259963100783,-0.0050393182248014675,-0.00759304556338068,-0.0029655550819491488
Veg,dairy_tot,WATER (litereq),0,0,0,0,0,0,0,0,0,123666.19557743528,92901.79008965871,154980.78878599018,63508.3181805998,41112.63424930906,86326.743039855,60138.01940050451,51927.96641587455,68642.9748667234,0,0,0,0,0,0,0,0,0
Veg,fruit_exc_juice,WATER (litereq),164626.85664802507,158746.97298855465,170783.29141242034,92193.78526723178,89120.72066099472,95369.07305176272,72417.1959070791,69763.90219591785,75369.9843316408,123666.19557743528,92901.79008965871,154980.78878599018,63508.3181805998,41112.63424930906,86326.743039855,60138.01940050451,51927.96641587455,68642.9748667234,133.1219545319818,170.876118571396,110.19642676374006,145.16804712897385,216.7721000813575,110.47454090528248,120.4183254270452,134.34745670030858,109.79999698145149
Veg,fruit_juice,WATER (litereq),67403.50324891564,64741.46140301706,70033.43465983414,58631.78310081,56328.77243243739,60952.115275783064,8772.74209589616,8440.181257092701,9099.290412735241,123666.19557743528,92901.79008965871,154980.78878599018,63508.3181805998,41112.63424930906,86326.743039855,60138.01940050451,51927.96641587455,68642.9748667234,54.50438815085082,69.6880666567734,45.18846187867961,92.32142305213891,137.01085678640027,70.60629548788017,14.587680444664866,16.253633330252097,13.255967461203925
Veg,gr_refined,WATER (litereq),-34568.085983543155,-35307.40878797578,-33796.68285410975,-26733.957623718285,-27298.35019262269,-26137.653567479414,-7837.207481420655,-8007.011619164149,-7661.167068320486,123666.19557743528,92901.79008965871,154980.78878599018,63508.3181805998,41112.63424930906,86326.743039855,60138.01940050451,51927.96641587455,68642.9748667234,-27.95273665704212,-38.00508984154224,-21.80701435245558,-42.09520640696928,-66.39893232597097,-30.27758565548139,-13.032034575709533,-15.419459246754519,-11.160890219567758
Veg,gr_whole,WATER (litereq),56489.28034916283,55728.45406753523,57181.89528021077,45315.40885324881,44703.135775099974,45872.54252738815,11174.886186253492,11023.150014327633,11310.79354105383,123666.19557743528,92901.79008965871,154980.78878599018,63508.3181805998,41112.63424930906,86326.743039855,60138.01940050451,51927.96641587455,68642.9748667234,45.678837361654985,59.98641577708265,36.89611836933678,71.35350163798154,108.73332879624773,53.13827547763488,18.58206555129706,21.22777142098486,16.477714672207565
Veg,leg_tot,WATER (litereq),41473.674319822836,41006.64890526322,41950.380895366725,33897.197499635426,33511.9711724383,34291.71530880035,7577.056414044986,7495.833954377513,7658.541444002154,123666.19557743528,92901.79008965871,154980.78878599018,63508.3181805998,41112.63424930906,86326.743039855,60138.01940050451,51927.96641587455,68642.9748667234,33.53679162374937,44.13978338381646,27.06811678013534,53.37442160449175,81.5125855697303,39.72316584788641,12.599444560326543,14.4350616281519,11.157065175091715
Veg,oil,WATER (litereq),-287.7464613547246,-399.9393277857706,-180.91502511417528,-239.6961820139245,-333.17871735702255,-150.493653812808,-48.09189299895277,-66.76061042874952,-30.421371301367316,123666.19557743528,92901.79008965871,154980.78878599018,63508.3181805998,41112.63424930906,86326.743039855,60138.01940050451,51927.96641587455,68642.9748667234,-0.23267996562128268,-0.430496901512654,-0.11673383942057305,-0.3774248616256786,-0.810404692962777,-0.17433028110805554,-0.07996919998091809,-0.12856388385034193,-0.044318258875628846
Veg,pf_egg,WATER (litereq),-4419.210768877191,-4964.9430248405,-3955.9957128661977,-3264.18975762887,-3667.2874448604243,-2922.0422746305353,-1155.0210112483069,-1297.6555799800792,-1033.9534382356808,123666.19557743528,92901.79008965871,154980.78878599018,63508.3181805998,41112.63424930906,86326.743039855,60138.01940050451,51927.96641587455,68642.9748667234,-3.573499409634577,-5.344292096039136,-2.5525716728213013,-5.139783025502946,-8.920098436460702,-3.384863336360898,-1.9206169786805734,-2.4989532029572827,-1.5062771394205974
Veg,pf_ns,WATER (litereq),28974.83470425448,23266.62941217797,34767.72146758186,25443.748351336082,20461.05083597716,30544.02839725644,3531.342067409782,2823.35761375744,4223.307661507589,123666.19557743528,92901.79008965871,154980.78878599018,63508.3181805998,41112.63424930906,86326.743039855,60138.01940050451,51927.96641587455,68642.9748667234,23.429874727658692,25.04432841361135,22.43356853447939,40.06364690524667,49.76827977477757,35.38188436363803,5.872062469985762,5.437065628848369,6.152570848957998
Veg,pf_pm,WATER (litereq),0,0,0,0,0,0,0,0,0,123666.19557743528,92901.79008965871,154980.78878599018,63508.3181805998,41112.63424930906,86326.743039855,60138.01940050451,51927.96641587455,68642.9748667234,0,0,0,0,0,0,0,0,0
Veg,pf_poultry,WATER (litereq),0,0,0,0,0,0,0,0,0,123666.19557743528,92901.79008965871,154980.78878599018,63508.3181805998,41112.63424930906,86326.743039855,60138.01940050451,51927.96641587455,68642.9748667234,0,0,0,0,0,0,0,0,0
Veg,pf_poultry_tot,WATER (litereq),-44906.074901384505,-46000.070137165945,-43828.4156707282,-36552.39105190214,-37438.28907503066,-35682.11319190906,-8355.25148469606,-8560.846389766592,-8150.560376782121,123666.19557743528,92901.79008965871,154980.78878599018,63508.3181805998,41112.63424930906,86326.743039855,60138.01940050451,51927.96641587455,68642.9748667234,-36.312328273465766,-49.514729579238114,-28.279902311795542,-57.555281101850966,-91.06273474962224,-41.333788273971464,-13.893459691534115,-16.486003555782442,-11.873844909267378
Veg,pf_redm,WATER (litereq),0,0,0,0,0,0,0,0,0,123666.19557743528,92901.79008965871,154980.78878599018,63508.3181805998,41112.63424930906,86326.743039855,60138.01940050451,51927.96641587455,68642.9748667234,0,0,0,0,0,0,0,0,0
Veg,pf_redm_tot,WATER (litereq),-223921.9472379001,-229371.1042513146,-218157.8746718646,-171413.3320928532,-175582.94087067628,-167001.89832042056,-52506.03748815262,-53788.16338063831,-51159.130032551424,123666.19557743528,92901.79008965871,154980.78878599018,63508.3181805998,41112.63424930906,86326.743039855,60138.01940050451,51927.96641587455,68642.9748667234,-181.0696497877533,-246.89632355840564,-140.764462731645,-269.90689881820185,-427.0778170183223,-193.4532596038284,-87.30922303655404,-103.58226422707571,-74.52930198885109
Veg,pf_seafood,WATER (litereq),-3365.0868160812615,-3551.5279419704543,-3180.4374508303995,-2095.1550806189307,-2211.550724567971,-1979.5107462442409,-1269.9081519653373,-1339.8055410374354,-1200.9363518178877,123666.19557743528,92901.79008965871,154980.78878599018,63508.3181805998,41112.63424930906,86326.743039855,60138.01940050451,51927.96641587455,68642.9748667234,-2.72110482607526,-3.8228842937718484,-2.052149479779846,-3.2990246642351617,-5.379248410979985,-2.293044630828187,-2.1116560948042857,-2.580123262111517,-1.7495400718713245
Veg,sat_fat,WATER (litereq),-23926.524536605004,-24278.993071055793,-23594.456553957596,-18397.21131402254,-18669.13331472731,-18140.72511815621,-5530.241434644755,-5612.716155966785,-5453.696165617681,123666.19557743528,92901.79008965871,154980.78878599018,63508.3181805998,41112.63424930906,86326.743039855,60138.01940050451,51927.96641587455,68642.9748667234,-19.347667666887254,-26.13404224786664,-15.224116962353767,-28.96819163389911,-45.409722961357225,-21.01402703190258,-9.19591547871688,-10.80865772985664,-7.9450172085439625
Veg,veg_dg,WATER (litereq),12271.397230093497,9740.446735535723,14847.463357072196,8951.035258455391,7039.246075745583,10891.003522615305,3317.3914228081835,2677.0390847440817,3956.5570459873275,123666.19557743528,92901.79008965871,154980.78878599018,63508.3181805998,41112.63424930906,86326.743039855,60138.01940050451,51927.96641587455,68642.9748667234,9.923000519903269,10.484670667955163,9.580196018730268,14.094272238482466,17.121856101604298,12.616025045202026,5.516296439221198,5.15529351429734,5.76396499957839
Veg,veg_oth,WATER (litereq),1625.2357963854495,-56.64251056011965,3240.881798038785,973.0556276691653,-64.55428783415144,1966.6299410831548,652.8832394959526,6.261628276803315,1268.3768978841051,123666.19557743528,92901.79008965871,154980.78878599018,63508.3181805998,41112.63424930906,86326.743039855,60138.01940050451,51927.96641587455,68642.9748667234,1.3142118497271842,-0.06097031123453537,2.091150666753963,1.5321703605850003,-0.15701812596753353,2.2781236402897864,1.0856414062257518,0.01205829673100604,1.8477883575803273
Veg,veg_ro,WATER (litereq),23307.614297276086,22784.497286519345,23829.67358958437,14180.787047263626,13854.369277111997,14507.536452331491,9131.286431311113,8926.429653980611,9339.254042269675,123666.19557743528,92901.79008965871,154980.78878599018,63508.3181805998,41112.63424930906,86326.743039855,60138.01940050451,51927.96641587455,68642.9748667234,18.847199259624432,24.525358730472497,15.375888699657015,22.329023116212042,33.6985686519098,16.805379122937264,15.183882878647829,17.190023546255745,13.605549672639755
Veg,veg_sta,WATER (litereq),20056.81335737569,19138.211302568558,20955.96052742168,8899.913233061869,8484.293946533555,9306.985824774918,11150.599441832148,10637.181116253407,11662.02580243515,123666.19557743528,92901.79008965871,154980.78878599018,63508.3181805998,41112.63424930906,86326.743039855,60138.01940050451,51927.96641587455,68642.9748667234,16.218509240722007,20.60047635691243,13.521650452017855,14.01377565652584,20.636707186127683,10.781115442381632,18.54168054250653,20.48449390654664,16.98939450843737
Vegan,added_sugar,BLUEWATER (L),-3693.611298559918,-3765.099535195012,-3617.8764432626103,-2448.3499955856455,-2495.6739702519562,-2398.099924818636,-1245.2854996603635,-1269.4255649430627,-1219.7765184439704,-26416.268263156635,-31913.652892813436,-21026.92941160485,-24401.114620870547,-28475.411141233886,-20406.93732876958,-2010.4906945410592,-3444.633273309564,-594.4858777608339,13.982335664388604,11.79777052736845,17.20591900244783,10.033762939220589,8.764312332045979,11.751395548404064,61.93938141776023,36.852270306365966,205.18174847791687
Vegan,dairy_cow,BLUEWATER (L),-11516.702961268385,-11720.396218041167,-11305.148825795097,-8718.506371132666,-8872.873033466189,-8558.967742856925,-2798.181753671439,-2848.0046215459124,-2746.478646375499,-26416.268263156635,-31913.652892813436,-21026.92941160485,-24401.114620870547,-28475.411141233886,-20406.93732876958,-2010.4906945410592,-3444.633273309564,-594.4858777608339,43.597009413063056,36.72533588494489,53.76509619876185,35.7299513017968,31.159771458463,41.94146140092537,139.17904525841084,82.67947254685785,461.9922439066632
Vegan,dairy_soy,BLUEWATER (L),2611.688483249993,2609.2669701250798,2614.489453210453,2053.258987768298,2051.355240970158,2055.461056193637,558.4294954816911,557.911729154918,559.0283970168161,-26416.268263156635,-31913.652892813436,-21026.92941160485,-24401.114620870547,-28475.411141233886,-20406.93732876958,-2010.4906945410592,-3444.633273309564,-594.4858777608339,-9.886667023640785,-8.176021024257786,-12.434004994412096,-8.4146114621015,-7.2039530203646045,-10.072364231235522,-27.77578115621,-16.196549382421857,-94.03560587888641
Vegan,dairy_tot,BLUEWATER (L),0,0,0,0,0,0,0,0,0,-26416.268263156635,-31913.652892813436,-21026.92941160485,-24401.114620870547,-28475.411141233886,-20406.93732876958,-2010.4906945410592,-3444.633273309564,-594.4858777608339,-0,-0,-0,-0,-0,-0,-0,-0,-0
Vegan,fruit_exc_juice,BLUEWATER (L),22241.575555088017,21366.174872572385,23080.414783908855,12462.95981540247,11985.972073673316,12909.838241980404,9783.66191202006,9375.90481318314,10181.727103644625,-26416.268263156635,-31913.652892813436,-21026.92941160485,-24401.114620870547,-28475.411141233886,-20406.93732876958,-2010.4906945410592,-3444.633273309564,-594.4858777608339,-84.19650850574094,-66.94995068202859,-109.76597834190034,-51.075370978105894,-42.09235826034133,-63.262007590821526,-486.63054937707165,-272.18876638716546,-1712.6945289255148
Vegan,fruit_juice,BLUEWATER (L),7886.479114054098,7559.02418876685,8209.320317610453,6865.024598802448,6581.342685890976,7147.31939270231,1021.7757201430999,980.6430992717907,1063.1548075152664,-26416.268263156635,-31913.652892813436,-21026.92941160485,-24401.114620870547,-28475.411141233886,-20406.93732876958,-2010.4906945410592,-3444.633273309564,-594.4858777608339,-29.85462986478506,-23.685863270353014,-39.04193597130589,-28.134061519184517,-23.11237106726388,-35.023968945237364,-50.82220588821694,-28.468722835322325,-178.83600726054277
Vegan,gr_refined,BLUEWATER (L),-10986.358628569089,-11247.569201298713,-10718.502701158726,-8497.23052598328,-8698.149437476024,-8288.462942273725,-2489.27740194584,-2548.0387312719517,-2430.2802968234846,-26416.268263156635,-31913.652892813436,-21026.92941160485,-24401.114620870547,-28475.411141233886,-20406.93732876958,-2010.4906945410592,-3444.633273309564,-594.4858777608339,41.58936651885842,35.24375363445633,50.97512095723849,34.82312450889232,30.546176820185217,40.61590825090985,123.81442046485449,73.97126280510625,408.80370547695406
Vegan,gr_whole,BLUEWATER (L),12169.057928679455,12020.525618345788,12318.216683275265,9750.35833238904,9631.013947909536,9870.11602892069,2418.9235882750213,2389.3978328797825,2448.330528109629,-26416.268263156635,-31913.652892813436,-21026.92941160485,-24401.114620870547,-28475.411141233886,-20406.93732876958,-2010.4906945410592,-3444.633273309564,-594.4858777608339,-46.06652918365428,-37.66577789988016,-58.58305053555175,-39.95865960995671,-33.822212083755744,-48.3664739588623,-120.31508501098516,-69.36581178013405,-411.8399813518549
Vegan,leg_tot,BLUEWATER (L),11234.188058888854,11130.950070971172,11339.164124085244,9168.324795357463,9081.78217851933,9255.681896052078,2065.5625584318086,2046.8074225411572,2084.5996222635954,-26416.268263156635,-31913.652892813436,-21026.92941160485,-24401.114620870547,-28475.411141233886,-20406.93732876958,-2010.4906945410592,-3444.633273309564,-594.4858777608339,-42.527536240073054,-34.87833281998792,-53.926866363222345,-37.57338522362291,-31.893418969352243,-45.355565839874814,-102.73922500811778,-59.42018380884442,-350.65586925552594
Vegan,oil,BLUEWATER (L),-101.84683030688576,-140.93309270959116,-63.292083671926434,-84.7836103299897,-117.44168567769498,-52.604272831873715,-17.050218604867393,-23.499493826377403,-10.687810840052824,-26416.268263156635,-31913.652892813436,-21026.92941160485,-24401.114620870547,-28475.411141233886,-20406.93732876958,-2010.4906945410592,-3444.633273309564,-594.4858777608339,0.38554586625293263,0.44160752510198403,0.30100488013716004,0.34745794053798396,0.412431922739241,0.2577764217353307,0.848062547673691,0.6822059697460728,1.797824177137579
Vegan,pf_egg,BLUEWATER (L),-6710.366812350737,-6914.682376835109,-6488.870934929045,-4956.520918411259,-5107.435823310306,-4792.916009695689,-1753.8458939394952,-1807.2465535247961,-1695.954925233345,-26416.268263156635,-31913.652892813436,-21026.92941160485,-24401.114620870547,-28475.411141233886,-20406.93732876958,-2010.4906945410592,-3444.633273309564,-594.4858777608339,25.402402585795347,21.66684710164348,30.85981223367692,20.312682413990593,17.936302299475745,23.486699314446682,87.23471830541602,52.46557209814136,285.28094420363004
Vegan,pf_ns,BLUEWATER (L),8024.276067963847,7028.259601041907,8961.260575137883,7048.631376125428,6174.576725349693,7870.084142407145,975.85453598462,855.6420733867152,1091.0352988879954,-26416.268263156635,-31913.652892813436,-21026.92941160485,-24401.114620870547,-28475.411141233886,-20406.93732876958,-2010.4906945410592,-3444.633273309564,-594.4858777608339,-30.37626657946795,-22.022736239713208,-42.61801806493023,-28.886513938574982,-21.683889636306546,-38.56572897546927,-48.53812746481681,-24.839859732430213,-183.5258564925788
Vegan,pf_pm,BLUEWATER (L),0,0,0,0,0,0,0,0,0,-26416.268263156635,-31913.652892813436,-21026.92941160485,-24401.114620870547,-28475.411141233886,-20406.93732876958,-2010.4906945410592,-3444.633273309564,-594.4858777608339,-0,-0,-0,-0,-0,-0,-0,-0,-0
Vegan,pf_poultry,BLUEWATER (L),0,0,0,0,0,0,0,0,0,-26416.268263156635,-31913.652892813436,-21026.92941160485,-24401.114620870547,-28475.411141233886,-20406.93732876958,-2010.4906945410592,-3444.633273309564,-594.4858777608339,-0,-0,-0,-0,-0,-0,-0,-0,-0
Vegan,pf_poultry_tot,BLUEWATER (L),-20917.739898495445,-21446.56230339368,-20401.522587697084,-17024.729116896495,-17454.28113817627,-16604.329119645605,-3892.6304772495096,-3991.910867638435,-3794.8960791239506,-26416.268263156635,-31913.652892813436,-21026.92941160485,-24401.114620870547,-28475.411141233886,-20406.93732876958,-2010.4906945410592,-3444.633273309564,-594.4858777608339,79.18506766404204,67.20184109109985,97.02568638689297,69.77029279775216,61.2959758565226,81.36610042035518,193.6159410147428,115.88783336006776,638.3492394163593
Vegan,pf_redm,BLUEWATER (L),0,0,0,0,0,0,0,0,0,-26416.268263156635,-31913.652892813436,-21026.92941160485,-24401.114620870547,-28475.411141233886,-20406.93732876958,-2010.4906945410592,-3444.633273309564,-594.4858777608339,-0,-0,-0,-0,-0,-0,-0,-0,-0
Vegan,pf_redm_tot,BLUEWATER (L),-39596.261534884114,-40555.36575295963,-38630.247496456235,-30306.28799170535,-31041.068812594567,-29565.516893635107,-9291.55993131237,-9515.37936833438,-9064.054782645284,-26416.268263156635,-31913.652892813436,-21026.92941160485,-24401.114620870547,-28475.411141233886,-20406.93732876958,-2010.4906945410592,-3444.633273309564,-594.4858777608339,149.89347147912605,127.07841966311604,183.7179682314244,124.20042470430445,109.01008121932074,144.8797358335286,462.1538391866759,276.2378056922185,1524.6879903666645
Vegan,pf_seafood,BLUEWATER (L),-484.44668109593374,-511.2129529895419,-457.0464499052896,-301.6026894451181,-318.7281814258386,-284.456360355425,-182.8038618735264,-192.8160037215414,-172.4813685190041,-26416.268263156635,-31913.652892813436,-21026.92941160485,-24401.114620870547,-28475.411141233886,-20406.93732876958,-2010.4906945410592,-3444.633273309564,-594.4858777608339,1.8338952204373336,1.6018628600947806,2.1736243127018047,1.2360201332243812,1.1193102001056046,1.393919899750954,9.09249977480028,5.597577112651124,29.013535051272427
Vegan,sat_fat,BLUEWATER (L),-5292.740590314435,-5367.6240634382075,-5215.330648037551,-4070.3342957344244,-4127.801416120207,-4010.6359806617024,-1222.4035421219758,-1240.0383221638467,-1204.671173158619,-26416.268263156635,-31913.652892813436,-21026.92941160485,-24401.114620870547,-28475.411141233886,-20406.93732876958,-2010.4906945410592,-3444.633273309564,-594.4858777608339,20.035913239480312,16.819209262775843,24.80310151780501,16.68093592844739,14.496020428456378,19.653296896284044,60.80125341744084,35.99913905994504,202.64083945880836
Vegan,veg_dg,BLUEWATER (L),972.8628403372833,774.0663278240684,1154.6265917953783,707.270915944713,559.0507803757274,846.4257632522862,265.6861210300472,215.38326079139804,311.6433379624522,-26416.268263156635,-31913.652892813436,-21026.92941160485,-24401.114620870547,-28475.411141233886,-20406.93732876958,-2010.4906945410592,-3444.633273309564,-594.4858777608339,-3.6828170831917126,-2.425502121063611,-5.491180234609695,-2.898518887083036,-1.9632755348216644,-4.147735398094255,-13.214988845829808,-6.252719627957965,-52.422328203367115
Vegan,veg_oth,BLUEWATER (L),191.0324481560562,5.4611174999086565,370.3125774318709,114.44623859464728,-0.1640848110703573,224.84832610483673,76.15628254893099,5.625202310979444,144.89384263369283,-26416.268263156635,-31913.652892813436,-21026.92941160485,-24401.114620870547,-28475.411141233886,-20406.93732876958,-2010.4906945410592,-3444.633273309564,-594.4858777608339,-0.7231621296884445,-0.017112166752739338,-1.761134829451103,-0.46902053604043203,5.762333342845186e-4,-1.1018229854013757,-3.78794504026866,-0.16330337265699155,-24.372966298113596
Vegan,veg_ro,BLUEWATER (L),3018.7667843451904,2946.678746800219,3089.334940764765,1835.1287431440442,1788.743080837175,1879.5678400139104,1183.3969282331723,1155.6540126766092,1212.0983984635598,-26416.268263156635,-31913.652892813436,-21026.92941160485,-24401.114620870547,-28475.411141233886,-20406.93732876958,-2010.4906945410592,-3444.633273309564,-594.4858777608339,-11.427680678710901,-9.233285693421122,-14.692278079650317,-7.520675885741866,-6.281711164644016,-9.210435695140331,-58.861099504034755,-33.54940630780908,-203.89019214871843
Vegan,veg_sta,BLUEWATER (L),4533.879691925513,4315.3850900998395,4733.7687120885475,2001.8270908251307,1904.3697285503247,2089.709230377812,2533.1007436898763,2408.7568074642477,2648.284386904743,-26416.268263156635,-31913.652892813436,-21026.92941160485,-24401.114620870547,-28475.411141233886,-20406.93732876958,-2010.4906945410592,-3444.633273309564,-594.4858777608339,-17.163210362490968,-13.522065633143523,-22.51288630605266,-8.203834627754855,-6.687769033798769,-10.240190366203322,-125.99415409222348,-69.92781571635757,-445.47473472030356
Vegan,added_sugar,CED (mJ),-186.27875379187864,-189.98154397576843,-182.5102219330013,-123.4694811012771,-125.92259353221196,-120.9724978971043,-62.80985241050824,-64.0589504435565,-61.53772403589701,-4156.2554280272925,-4376.6029853948985,-3933.088009649415,-3059.3865531512824,-3213.228871098666,-2903.6905613775607,-1096.5976174498542,-1164.2345663128085,-1028.903033297762,4.481888974766241,4.340844819823805,4.640379810602554,4.035759422884922,3.918880309610705,4.166163554277384,5.727702797364544,5.502237461170263,5.980906076120794
Vegan,dairy_cow,CED (mJ),-928.6624132504141,-945.0874501757924,-911.6035054499359,-703.0266556135489,-715.4741866170111,-690.1620772668216,-225.63456128172936,-229.6520847752998,-221.46542254858085,-4156.2554280272925,-4376.6029853948985,-3933.088009649415,-3059.3865531512824,-3213.228871098666,-2903.6905613775607,-1096.5976174498542,-1164.2345663128085,-1028.903033297762,22.343728130568493,21.59408685982326,23.177805917727067,22.979334039675543,22.26651805143206,23.768444421963366,20.57587557106354,19.725585497999766,21.524421192418554
Vegan,dairy_soy,CED (mJ),340.28539257933807,339.96988575314816,340.6503400716254,267.52579612800264,267.2777507616688,267.81271079007223,72.75959645133543,72.69213499147895,72.83762928155316,-4156.2554280272925,-4376.6029853948985,-3933.088009649415,-3059.3865531512824,-3213.228871098666,-2903.6905613775607,-1096.5976174498542,-1164.2345663128085,-1028.903033297762,-8.187307023640981,-7.767894115314022,-8.661142065366345,-8.744426095893017,-8.318042737810996,-9.223183570325665,-6.635031418410192,-6.243770550611526,-7.079153907059591
Vegan,dairy_tot,CED (mJ),0,0,0,0,0,0,0,0,0,-4156.2554280272925,-4376.6029853948985,-3933.088009649415,-3059.3865531512824,-3213.228871098666,-2903.6905613775607,-1096.5976174498542,-1164.2345663128085,-1028.903033297762,-0,-0,-0,-0,-0,-0,-0,-0,-0
Vegan,fruit_exc_juice,CED (mJ),361.2617255800907,348.41917370949477,373.9921705210336,203.5478594653076,196.48920691025054,210.5347027726601,157.80460800046797,151.75572390646545,163.5563947562807,-4156.2554280272925,-4376.6029853948985,-3933.088009649415,-3059.3865531512824,-3213.228871098666,-2903.6905613775607,-1096.5976174498542,-1164.2345663128085,-1028.903033297762,-8.692000090850009,-7.960949962155571,-9.508868593926282,-6.653224622944285,-6.115008136443983,-7.250590182473811,-14.39038399221072,-13.034806584302313,-15.896191328356974
Vegan,fruit_juice,CED (mJ),194.94909139624326,186.94820596223866,202.8530295579316,169.7068738184368,162.75583839951219,176.68163633698705,25.204937166999173,24.185546545438882,26.22509806130933,-4156.2554280272925,-4376.6029853948985,-3933.088009649415,-3059.3865531512824,-3213.228871098666,-2903.6905613775607,-1096.5976174498542,-1164.2345663128085,-1028.903033297762,-4.690498328895369,-4.2715367737512615,-5.157602094340455,-5.547088309047851,-5.06518038174675,-6.08472675040023,-2.2984672559852393,-2.0773774671573073,-2.5488405819209836
Vegan,gr_refined,CED (mJ),-128.19645384001407,-131.20715858515098,-125.02701266595142,-99.20403687124339,-101.5428534641895,-96.75144687562312,-28.99246222183644,-29.672644891236757,-28.28331362345274,-4156.2554280272925,-4376.6029853948985,-3933.088009649415,-3059.3865531512824,-3213.228871098666,-2903.6905613775607,-1096.5976174498542,-1164.2345663128085,-1028.903033297762,3.084421928824059,2.997922338923603,3.17885113069453,3.2426120448578013,3.160150040276154,3.3320164401306784,2.6438560289104607,2.5486826924587516,2.748880381157125
Vegan,gr_whole,CED (mJ),198.54281287523528,196.15450983013514,200.88204415253108,159.09536545040194,157.19159119621636,160.97606799687006,39.44150210028335,38.96543152804657,39.90595839894174,-4156.2554280272925,-4376.6029853948985,-3933.088009649415,-3059.3865531512824,-3213.228871098666,-2903.6905613775607,-1096.5976174498542,-1164.2345663128085,-1028.903033297762,-4.776963695166127,-4.481889503907931,-5.107489170333546,-5.200237455660115,-4.8920135322470655,-5.543843760007962,-3.596716012570304,-3.346871210966715,-3.878495553758666
Vegan,leg_tot,CED (mJ),189.08669157747184,187.44532222657696,190.7521248409941,153.51333606719217,152.16504778964816,154.8866422455568,35.57448119087003,35.26639126293761,35.87895755206176,-4156.2554280272925,-4376.6029853948985,-3933.088009649415,-3059.3865531512824,-3213.228871098666,-2903.6905613775607,-1096.5976174498542,-1164.2345663128085,-1028.903033297762,-4.549448291902,-4.282895269506925,-4.849932784951772,-5.017781617333308,-4.735580747400043,-5.334130444398177,-3.2440779210882065,-3.02914827332675,-3.4871077634075243
Vegan,oil,CED (mJ),-3.284631031911034,-4.553109138824205,-2.0424076191305724,-2.7347449622937843,-3.7934826895424827,-1.698550433156871,-0.5493590392588665,-0.759450630927072,-0.34395394552173986,-4156.2554280272925,-4376.6029853948985,-3933.088009649415,-3059.3865531512824,-3213.228871098666,-2903.6905613775607,-1096.5976174498542,-1164.2345663128085,-1028.903033297762,0.07902861334655838,0.10403294870515607,0.05192885626051951,0.08938867040115918,0.11805827850181791,0.0584962618176177,0.050096683643760326,0.065231754227354,0.03342918957283319
Vegan,pf_egg,CED (mJ),-343.0324513221905,-353.4770173031961,-331.7096315845445,-253.37624130218026,-261.09097750308337,-245.01279494307158,-89.65621002000985,-92.38603980011271,-86.69683664147334,-4156.2554280272925,-4376.6029853948985,-3933.088009649415,-3059.3865531512824,-3213.228871098666,-2903.6905613775607,-1096.5976174498542,-1164.2345663128085,-1028.903033297762,8.253401583766616,8.076515472908541,8.433821739323658,8.28192962544054,8.125502040998756,8.437978832938498,8.17585307439442,7.935345889334321,8.42614258445708
Vegan,pf_ns,CED (mJ),21.54098001547876,19.0559790716123,23.926120342125547,18.927680612573887,16.751321977072845,21.018152814349573,2.617243526819692,2.310206808834162,2.9146290207341026,-4156.2554280272925,-4376.6029853948985,-3933.088009649415,-3059.3865531512824,-3213.228871098666,-2903.6905613775607,-1096.5976174498542,-1164.2345663128085,-1028.903033297762,-0.5182785415501492,-0.43540570472587403,-0.6083291368874875,-0.6186756816681982,-0.5213236482387649,-0.7238427225653894,-0.2386694522377416,-0.1984313879419254,-0.2832753842111199
Vegan,pf_pm,CED (mJ),0,0,0,0,0,0,0,0,0,-4156.2554280272925,-4376.6029853948985,-3933.088009649415,-3059.3865531512824,-3213.228871098666,-2903.6905613775607,-1096.5976174498542,-1164.2345663128085,-1028.903033297762,-0,-0,-0,-0,-0,-0,-0,-0,-0
Vegan,pf_poultry,CED (mJ),0,0,0,0,0,0,0,0,0,-4156.2554280272925,-4376.6029853948985,-3933.088009649415,-3059.3865531512824,-3213.228871098666,-2903.6905613775607,-1096.5976174498542,-1164.2345663128085,-1028.903033297762,-0,-0,-0,-0,-0,-0,-0,-0,-0
Vegan,pf_poultry_tot,CED (mJ),-653.5404153233583,-670.0646493099363,-637.4100716270424,-531.907803212286,-545.3300214445026,-518.7693064590884,-121.61988385133672,-124.7210243606447,-118.56631702665038,-4156.2554280272925,-4376.6029853948985,-3933.088009649415,-3059.3865531512824,-3213.228871098666,-2903.6905613775607,-1096.5976174498542,-1164.2345663128085,-1028.903033297762,15.724260133683648,15.310153823547617,16.206351601164894,17.38609338739497,16.971403013008644,17.865860548617665,11.090657312767526,10.712705838621737,11.523565699542221
Vegan,pf_redm,CED (mJ),0,0,0,0,0,0,0,0,0,-4156.2554280272925,-4376.6029853948985,-3933.088009649415,-3059.3865531512824,-3213.228871098666,-2903.6905613775607,-1096.5976174498542,-1164.2345663128085,-1028.903033297762,-0,-0,-0,-0,-0,-0,-0,-0,-0
Vegan,pf_redm_tot,CED (mJ),-1742.9320392183222,-1785.2980341510374,-1700.1124634155847,-1334.0952896900033,-1366.5444227803682,-1301.2467471220277,-408.85800994691465,-418.7536113706693,-398.8436860649845,-4156.2554280272925,-4376.6029853948985,-3933.088009649415,-3059.3865531512824,-3213.228871098666,-2903.6905613775607,-1096.5976174498542,-1164.2345663128085,-1028.903033297762,41.935152191682796,40.7918662055647,43.22589423995951,43.60662722779621,42.528698626846335,44.81354743615291,37.284232925630185,35.968147956376505,38.7639722264829
Vegan,pf_seafood,CED (mJ),-1484.1872323953476,-1562.361578415164,-1404.1646011095222,-924.1499009111549,-973.4459814849358,-874.0067603858048,-559.8553345920241,-589.414800911328,-530.1225599516063,-4156.2554280272925,-4376.6029853948985,-3933.088009649415,-3059.3865531512824,-3213.228871098666,-2903.6905613775607,-1096.5976174498542,-1164.2345663128085,-1028.903033297762,35.709721360888445,35.69804214887435,35.70132673524093,30.20703284320989,30.294946937660733,30.099858848980137,51.05385290677283,50.62680820223672,51.52308262251862
Vegan,sat_fat,CED (mJ),-297.18387189551953,-301.40158920012925,-292.7724754242436,-228.62998530460703,-231.87936269749122,-225.2243789332364,-68.54093595796958,-69.52656148610653,-67.5323015450063,-4156.2554280272925,-4376.6029853948985,-3933.088009649415,-3059.3865531512824,-3213.228871098666,-2903.6905613775607,-1096.5976174498542,-1164.2345663128085,-1028.903033297762,7.150279308906036,6.886655933972817,7.44383229426744,7.473066293931037,7.216397337367603,7.756486931802613,6.250326908183699,5.9718688568318985,6.563524390491579
Vegan,veg_dg,CED (mJ),15.650495012427672,12.123621306227772,18.967919895262394,11.44970582346867,8.813403806664274,13.946196482520634,4.210024160923856,3.3366909602278216,5.016364240110019,-4156.2554280272925,-4376.6029853948985,-3933.088009649415,-3059.3865531512824,-3213.228871098666,-2903.6905613775607,-1096.5976174498542,-1164.2345663128085,-1028.903033297762,-0.3765527716821764,-0.277009848658545,-0.4822653306696064,-0.37424841956225,-0.27428496880307185,-0.4802921037117784,-0.38391695312217605,-0.286599544179082,-0.48754489760147257
Vegan,veg_oth,CED (mJ),3.0696454160593123,-0.45452809030074376,6.421560361521166,1.8437302080209894,-0.33661709361185893,3.8944323873055273,1.23077419680253,-0.10988363143970219,2.5315307578020954,-4156.2554280272925,-4376.6029853948985,-3933.088009649415,-3059.3865531512824,-3213.228871098666,-2903.6905613775607,-1096.5976174498542,-1164.2345663128085,-1028.903033297762,-0.07385603385584691,0.010385408313652008,-0.1632701924230159,-0.060264702612420076,0.010475976256766389,-0.13412008976114664,-0.11223571684066802,0.009438272545687194,-0.2460417236489453
Vegan,veg_ro,CED (mJ),170.05238216106852,166.32601028945706,173.91445479910413,103.89205428054973,101.50310879463454,106.29546399246037,66.16821243743472,64.64501663022493,67.68116468313858,-4156.2554280272925,-4376.6029853948985,-3933.088009649415,-3059.3865531512824,-3213.228871098666,-2903.6905613775607,-1096.5976174498542,-1164.2345663128085,-1028.903033297762,-4.091480543143169,-3.80034494434385,-4.4218297269835665,-3.3958459474020057,-3.1589131327557327,-3.66070219073316,-6.0339555170026165,-5.552576645697702,-6.577992531153498
Vegan,veg_sta,CED (mJ),116.60361742824989,110.84096480151089,121.90461663741245,51.705183963357875,49.184358572614684,54.107993119591605,64.90761263979691,61.66334335485824,67.9413553334797,-4156.2554280272925,-4376.6029853948985,-3933.088009649415,-3059.3865531512824,-3213.228871098666,-2903.6905613775607,-1096.5976174498542,-1164.2345663128085,-1028.903033297762,-2.8054969057470593,-2.532579838093534,-3.099463229359027,-1.6900507034686283,-1.5306833265131714,-1.8634214623035397,-5.918999969263114,-5.296470757619684,-6.603280691642946
Vegan,dairy_tot,CVD (deaths),0,0,0,NA,NA,NA,NA,NA,NA,344129.9321076215,303677.1731065194,385641.89389634767,NA,NA,NA,NA,NA,NA,0,0,0,NA,NA,NA,NA,NA,NA
Vegan,fruit_exc_juice,CVD (deaths),39346.7270002041,35468.4109076334,43296.5708134953,NA,NA,NA,NA,NA,NA,344129.9321076215,303677.1731065194,385641.89389634767,NA,NA,NA,NA,NA,NA,11.433683422777358,11.679643400523988,11.227144015928026,NA,NA,NA,NA,NA,NA
Vegan,gr_whole,CVD (deaths),50128.7648128309,45569.5439834725,54658.3668726959,NA,NA,NA,NA,NA,NA,344129.9321076215,303677.1731065194,385641.89389634767,NA,NA,NA,NA,NA,NA,14.566813327110959,15.005916815317654,14.173347796955616,NA,NA,NA,NA,NA,NA
Vegan,leg_tot,CVD (deaths),43246.502182224,40193.6984939308,46355.1373216092,NA,NA,NA,NA,NA,NA,344129.9321076215,303677.1731065194,385641.89389634767,NA,NA,NA,NA,NA,NA,12.566910968005917,13.235666705785704,12.020254556178608,NA,NA,NA,NA,NA,NA
Vegan,pf_ns,CVD (deaths),38360.1938651419,31185.7995749872,46153.4428208199,NA,NA,NA,NA,NA,NA,344129.9321076215,303677.1731065194,385641.89389634767,NA,NA,NA,NA,NA,NA,11.14700881443388,10.26939208369419,11.967953573328566,NA,NA,NA,NA,NA,NA
Vegan,pf_pm,CVD (deaths),66719.1490036747,56821.1621107491,75989.1892373499,NA,NA,NA,NA,NA,NA,344129.9321076215,303677.1731065194,385641.89389634767,NA,NA,NA,NA,NA,NA,19.387778504198604,18.711041574013272,19.70459912163334,NA,NA,NA,NA,NA,NA
Vegan,pf_redm,CVD (deaths),37149.9801248133,34107.8162243897,40494.9408492254,NA,NA,NA,NA,NA,NA,344129.9321076215,303677.1731065194,385641.89389634767,NA,NA,NA,NA,NA,NA,10.795335325029267,11.231603572793357,10.500659158185128,NA,NA,NA,NA,NA,NA
Vegan,pf_seafood,CVD (deaths),0.0260692257065251,9.25265957035037e-8,1.99181855553147,NA,NA,NA,NA,NA,NA,344129.9321076215,303677.1731065194,385641.89389634767,NA,NA,NA,NA,NA,NA,7.57540198461212e-6,3.046873584767222e-11,5.164943402302729e-4,NA,NA,NA,NA,NA,NA
Vegan,sodium,CVD (deaths),42819.5613826702,39435.4714555325,46387.606546244,NA,NA,NA,NA,NA,NA,344129.9321076215,303677.1731065194,385641.89389634767,NA,NA,NA,NA,NA,NA,12.442847130565504,12.985984771960421,12.02867408350401,NA,NA,NA,NA,NA,NA
Vegan,ssb,CVD (deaths),7170.48946306813,4395.62832913864,10421.6504350128,NA,NA,NA,NA,NA,NA,344129.9321076215,303677.1731065194,385641.89389634767,NA,NA,NA,NA,NA,NA,2.0836575938490776,1.4474674813957142,2.7024165683134824,NA,NA,NA,NA,NA,NA
Vegan,veg_exc_sta,CVD (deaths),19188.5382037686,16499.642026593,21882.9971813397,NA,NA,NA,NA,NA,NA,344129.9321076215,303677.1731065194,385641.89389634767,NA,NA,NA,NA,NA,NA,5.575957338627455,5.43328359448522,5.674434631632989,NA,NA,NA,NA,NA,NA
Vegan,dairy_tot,Cancer (cases),0,0,0,NA,NA,NA,NA,NA,NA,75749.15145232982,66545.81816241353,85470.57756229809,NA,NA,NA,NA,NA,NA,0,0,0,NA,NA,NA,NA,NA,NA
Vegan,fruit_exc_juice,Cancer (cases),5001.45979474112,3923.87892692775,6135.48851900182,NA,NA,NA,NA,NA,NA,75749.15145232982,66545.81816241353,85470.57756229809,NA,NA,NA,NA,NA,NA,6.602661150453441,5.8965071514351575,7.178480237283718,NA,NA,NA,NA,NA,NA
Vegan,gr_whole,Cancer (cases),29263.258955636,26993.0190943881,31424.8473110372,NA,NA,NA,NA,NA,NA,75749.15145232982,66545.81816241353,85470.57756229809,NA,NA,NA,NA,NA,NA,38.63179770938008,40.56305841564409,36.76685966949521,NA,NA,NA,NA,NA,NA
Vegan,leg_tot,Cancer (cases),13214.9730852266,12122.7008912036,14378.5638062007,NA,NA,NA,NA,NA,NA,75749.15145232982,66545.81816241353,85470.57756229809,NA,NA,NA,NA,NA,NA,17.44570444930066,18.217073928847952,16.82282279620774,NA,NA,NA,NA,NA,NA
Vegan,pf_ns,Cancer (cases),618.697382723694,505.254105265298,749.152066842,NA,NA,NA,NA,NA,NA,75749.15145232982,66545.81816241353,85470.57756229809,NA,NA,NA,NA,NA,NA,0.8167713708490192,0.7592574848687879,0.8765028717583608,NA,NA,NA,NA,NA,NA
Vegan,pf_pm,Cancer (cases),14009.0897748626,12201.6207775806,15859.8130578614,NA,NA,NA,NA,NA,NA,75749.15145232982,66545.81816241353,85470.57756229809,NA,NA,NA,NA,NA,NA,18.494055057077105,18.33566873849382,18.55587444264249,NA,NA,NA,NA,NA,NA
Vegan,pf_redm,Cancer (cases),9496.45098314288,7481.6631621433,11805.8887628419,NA,NA,NA,NA,NA,NA,75749.15145232982,66545.81816241353,85470.57756229809,NA,NA,NA,NA,NA,NA,12.536709390228815,11.2428750126467,13.812810325561195,NA,NA,NA,NA,NA,NA
Vegan,pf_seafood,Cancer (cases),0,0,0,NA,NA,NA,NA,NA,NA,75749.15145232982,66545.81816241353,85470.57756229809,NA,NA,NA,NA,NA,NA,0,0,0,NA,NA,NA,NA,NA,NA
Vegan,sodium,Cancer (cases),0,0,0,NA,NA,NA,NA,NA,NA,75749.15145232982,66545.81816241353,85470.57756229809,NA,NA,NA,NA,NA,NA,0,0,0,NA,NA,NA,NA,NA,NA
Vegan,ssb,Cancer (cases),337.809897750778,184.5432635719,535.68691265602,NA,NA,NA,NA,NA,NA,75749.15145232982,66545.81816241353,85470.57756229809,NA,NA,NA,NA,NA,NA,0.44595865600338414,0.2773175966091494,0.6267500793071941,NA,NA,NA,NA,NA,NA
Vegan,veg_exc_sta,Cancer (cases),3807.41157824615,3133.13794133299,4581.13712585705,NA,NA,NA,NA,NA,NA,75749.15145232982,66545.81816241353,85470.57756229809,NA,NA,NA,NA,NA,NA,5.026342216707492,4.708241671454348,5.359899577744089,NA,NA,NA,NA,NA,NA
Vegan,added_sugar,FL (mrh-eq),-8.629473183804322,-8.799080890292785,-8.450848136193734,-5.720458299281723,-5.832790002330428,-5.601992021848267,-2.908978359017994,-2.9662347984076196,-2.848856114345459,-11.937927148029107,-18.108597746448908,-5.717414766165009,-8.799002120358965,-13.286813226419994,-4.299207699979852,-3.1385653768993467,-4.8521844894861,-1.4162006658622057,72.28619405027116,48.590625367545556,147.80890458052585,65.01258007480001,43.89908929202295,130.30289329530464,92.68496939489702,61.13194592734409,201.1618962635517
Vegan,dairy_cow,FL (mrh-eq),-21.10412596443468,-21.477389750389367,-20.716457276760718,-15.976487133245085,-16.259360929465448,-15.68413581371836,-5.127611643667939,-5.218911044465919,-5.032866742041517,-11.937927148029107,-18.108597746448908,-5.717414766165009,-8.799002120358965,-13.286813226419994,-4.299207699979852,-3.1385653768993467,-4.8521844894861,-1.4162006658622057,176.78216412904536,118.60327371069401,362.33959095216045,181.57157953489963,122.37216443394215,364.8145637111662,163.37437739575182,107.55796808168479,355.378080476853
Vegan,dairy_soy,FL (mrh-eq),57.09236496959171,57.039429900193994,57.153595089599136,44.884913441470914,44.843296913425476,44.93305137791863,12.207451528120904,12.196132986768557,12.220543711680797,-11.937927148029107,-18.108597746448908,-5.717414766165009,-8.799002120358965,-13.286813226419994,-4.299207699979852,-3.1385653768993467,-4.8521844894861,-1.4162006658622057,-478.24353643352043,-314.9853494944379,-999.6405268308924,-510.1136791138741,-337.5022749944087,-1045.1472576709707,-388.9500476227421,-251.35344736366903,-862.9104622148114
Vegan,dairy_tot,FL (mrh-eq),0,0,0,0,0,0,0,0,0,-11.937927148029107,-18.108597746448908,-5.717414766165009,-8.799002120358965,-13.286813226419994,-4.299207699979852,-3.1385653768993467,-4.8521844894861,-1.4162006658622057,-0,-0,-0,-0,-0,-0,-0,-0,-0
Vegan,fruit_exc_juice,FL (mrh-eq),22.12722415446522,21.35985083991936,22.89086408190963,12.503133032217459,12.075565678809882,12.926918079556847,9.625306826943666,9.274103379333509,9.962438702272298,-11.937927148029107,-18.108597746448908,-5.717414766165009,-8.799002120358965,-13.286813226419994,-4.299207699979852,-3.1385653768993467,-4.8521844894861,-1.4162006658622057,-185.3523135138106,-117.95419578585549,-400.3708847113049,-142.0971703517146,-90.88383702721416,-300.68140414843015,-306.6785512192422,-191.13253833255914,-703.4623653567487
Vegan,fruit_juice,FL (mrh-eq),12.372000925637078,11.873894503360235,12.866448194327853,10.765077995039087,10.326779369206168,11.196081149457337,1.607573954996561,1.542301093640067,1.670217128162793,-11.937927148029107,-18.108597746448908,-5.717414766165009,-8.799002120358965,-13.286813226419994,-4.299207699979852,-3.1385653768993467,-4.8521844894861,-1.4162006658622057,-103.63609001986273,-65.57048021947864,-225.03961529028794,-122.34430504489882,-77.72201801310803,-260.42196448219534,-51.220024500006325,-31.78570594300329,-117.93647386445325
Vegan,gr_refined,FL (mrh-eq),-2.8987644940785775,-2.9681647296977793,-2.8309178265187422,-2.2384427775356626,-2.2919171994920142,-2.185950007413803,-0.6603828580585172,-0.6766828374714932,-0.6448787585939393,-11.937927148029107,-18.108597746448908,-5.717414766165009,-8.799002120358965,-13.286813226419994,-4.299207699979852,-3.1385653768993467,-4.8521844894861,-1.4162006658622057,24.28197507100007,16.39091425662617,49.51394891397038,25.43973449394217,17.249562859321905,50.845415247652426,21.040914518432714,13.945942058422462,45.53583218387535
Vegan,gr_whole,FL (mrh-eq),3.5504412484533914,3.504811076218333,3.593009690965111,2.8457017197145333,2.809223938753091,2.8801759145021366,0.7047006774273968,0.6957355670479061,0.7131453516358867,-11.937927148029107,-18.108597746448908,-5.717414766165009,-8.799002120358965,-13.286813226419994,-4.299207699979852,-3.1385653768993467,-4.8521844894861,-1.4162006658622057,-29.740852029236514,-19.354403500986848,-62.84325762454949,-32.34118688447867,-21.1429474538494,-66.99317910403897,-22.45295518182212,-14.33860498411494,-50.35623614833653
Vegan,leg_tot,FL (mrh-eq),7.834706886888469,7.766914813628229,7.903536754817981,6.355673591142018,6.301123814154799,6.41144839469249,1.4791587275954177,1.4662252330477559,1.4918276720552963,-11.937927148029107,-18.108597746448908,-5.717414766165009,-8.799002120358965,-13.286813226419994,-4.299207699979852,-3.1385653768993467,-4.8521844894861,-1.4162006658622057,-65.62870412709748,-42.89075787301819,-138.23619726856595,-72.23175428536813,-47.42389094192586,-149.1309292808193,-47.12849821394223,-30.21783768166336,-105.34013350057619
Vegan,oil,FL (mrh-eq),-0.12821030540063819,-0.1775431707605883,-0.0791894350308412,-0.10677194295317899,-0.14794995443648984,-0.0658703026125365,-0.021433587894056638,-0.02959321632409878,-0.013338488388526758,-11.937927148029107,-18.108597746448908,-5.717414766165009,-8.799002120358965,-13.286813226419994,-4.299207699979852,-3.1385653768993467,-4.8521844894861,-1.4162006658622057,1.0739746005386293,0.9804357755718798,1.3850566780544764,1.213455133805822,1.1135097025545648,1.532149810134672,0.6829103529852649,0.6098947059457962,0.941850170675218
Vegan,pf_egg,FL (mrh-eq),-4.962137295157557,-5.120058036905639,-4.796866647078721,-3.665215030899495,-3.781861032796845,-3.5431401209416076,-1.2969222642580658,-1.3381970041087898,-1.253726526137124,-11.937927148029107,-18.108597746448908,-5.717414766165009,-8.799002120358965,-13.286813226419994,-4.299207699979852,-3.1385653768993467,-4.8521844894861,-1.4162006658622057,41.566154941536745,28.27418284173705,83.8992244443418,41.6548942796478,28.463266310365913,82.41379268459656,41.32213634304862,27.579268822289148,88.52746339967543
Vegan,pf_ns,FL (mrh-eq),5.14006077515296,4.516567789556115,5.740358525025241,4.514269646994254,3.9619336145477955,5.044036815809541,0.6243143386406332,0.548147936893112,0.697444909915196,-11.937927148029107,-18.108597746448908,-5.717414766165009,-8.799002120358965,-13.286813226419994,-4.299207699979852,-3.1385653768993467,-4.8521844894861,-1.4162006658622057,-43.056560082975196,-24.9415656186952,-100.40129603673343,-51.30433639229638,-29.818539231587444,-117.32479953999851,-19.891710500464583,-11.296931064366165,-49.24760499887072
Vegan,pf_pm,FL (mrh-eq),0,0,0,0,0,0,0,0,0,-11.937927148029107,-18.108597746448908,-5.717414766165009,-8.799002120358965,-13.286813226419994,-4.299207699979852,-3.1385653768993467,-4.8521844894861,-1.4162006658622057,-0,-0,-0,-0,-0,-0,-0,-0,-0
Vegan,pf_poultry,FL (mrh-eq),0,0,0,0,0,0,0,0,0,-11.937927148029107,-18.108597746448908,-5.717414766165009,-8.799002120358965,-13.286813226419994,-4.299207699979852,-3.1385653768993467,-4.8521844894861,-1.4162006658622057,-0,-0,-0,-0,-0,-0,-0,-0,-0
Vegan,pf_poultry_tot,FL (mrh-eq),-9.773295324509709,-10.019950617633006,-9.531753449479535,-7.956020657896896,-8.156976434595355,-7.759631048493779,-1.817679560961231,-1.8640696291957368,-1.7721049984862236,-11.937927148029107,-18.108597746448908,-5.717414766165009,-8.799002120358965,-13.286813226419994,-4.299207699979852,-3.1385653768993467,-4.8521844894861,-1.4162006658622057,81.8676073603216,55.33255947218727,166.71439521735127,90.41957882347141,61.39151876068914,180.48979230592056,57.91434437975461,38.41712188056482,125.13092538389236
Vegan,pf_redm,FL (mrh-eq),0,0,0,0,0,0,0,0,0,-11.937927148029107,-18.108597746448908,-5.717414766165009,-8.799002120358965,-13.286813226419994,-4.299207699979852,-3.1385653768993467,-4.8521844894861,-1.4162006658622057,-0,-0,-0,-0,-0,-0,-0,-0,-0
Vegan,pf_redm_tot,FL (mrh-eq),-58.25111796992106,-59.666798195637156,-56.81717186187274,-44.58804838086861,-45.67287610341082,-43.48829300284879,-13.662582007493699,-13.993922092226367,-13.328205314061876,-11.937927148029107,-18.108597746448908,-5.717414766165009,-8.799002120358965,-13.286813226419994,-4.299207699979852,-3.1385653768993467,-4.8521844894861,-1.4162006658622057,487.9500205321493,329.4943044794167,993.7563424313747,506.73982993709734,343.74590298743095,1011.5420337345553,435.3129652182439,288.4045757647702,941.124067749781
Vegan,pf_seafood,FL (mrh-eq),-16.644688314627317,-17.52334799298042,-15.705641383103295,-10.356376619570735,-10.909118365810794,-9.77083431502242,-6.290809455550758,-6.615955449610306,-5.941555563119361,-11.937927148029107,-18.108597746448908,-5.717414766165009,-8.799002120358965,-13.286813226419994,-4.299207699979852,-3.1385653768993467,-4.8521844894861,-1.4162006658622057,139.42695501685375,96.7681111389022,274.69830378665966,117.69944452687817,82.10485223137401,227.27058092746276,200.43582656753762,136.35003912044178,419.5419269558136
Vegan,sat_fat,FL (mrh-eq),-7.744922778637512,-7.855612925179025,-7.630236054385854,-5.95688916012972,-6.0419744333455805,-5.8685264081781,-1.7878880161938444,-1.813796448274286,-1.7615312630912907,-11.937927148029107,-18.108597746448908,-5.717414766165009,-8.799002120358965,-13.286813226419994,-4.299207699979852,-3.1385653768993467,-4.8521844894861,-1.4162006658622057,64.87661285415165,43.3805700207765,133.45605254215064,67.69959909825208,45.473465535975876,136.50250971139644,56.96513538807134,37.38102811639767,124.3842984651361
Vegan,veg_dg,FL (mrh-eq),0.832806792887101,0.6695027202900362,0.9758290147654176,0.6031823337500636,0.48319647578965214,0.7107704369690208,0.22917567698740107,0.18674110329647758,0.267618665307546,-11.937927148029107,-18.108597746448908,-5.717414766165009,-8.799002120358965,-13.286813226419994,-4.299207699979852,-3.1385653768993467,-4.8521844894861,-1.4162006658622057,-6.976142361738178,-3.6971538584279697,-17.067661778541225,-6.855122041105453,-3.6366619109904117,-16.532591271930215,-7.301924588673327,-3.8485985786631858,-18.89694530997946
Vegan,veg_oth,FL (mrh-eq),0.1792426663079308,-0.05291881831160465,0.40296525784960097,0.1073885044862184,-0.0368343399222477,0.24403004651401466,0.07261355978021065,-0.016580805081384733,0.15914229060665455,-11.937927148029107,-18.108597746448908,-5.717414766165009,-8.799002120358965,-13.286813226419994,-4.299207699979852,-3.1385653768993467,-4.8521844894861,-1.4162006658622057,-1.5014555214262877,0.2922303485480096,-7.048032621916852,-1.2204623094446687,0.2772247889283559,-5.676163226893139,-2.313590798989412,0.3417183562849405,-11.237269861737156
Vegan,veg_ro,FL (mrh-eq),7.107882802921674,6.9459586896315395,7.267635919868041,4.32987838096627,4.2250076579615135,4.429280080438394,2.7795078112594402,2.71516562582851,2.8448605193811374,-11.937927148029107,-18.108597746448908,-5.717414766165009,-8.799002120358965,-13.286813226419994,-4.299207699979852,-3.1385653768993467,-4.8521844894861,-1.4162006658622057,-59.5403432671739,-38.35724216135753,-127.11402298250354,-49.20874346589687,-31.798502665487543,-103.02549654577405,-88.55981881777379,-55.95759253820286,-200.87976146015586
Vegan,veg_sta,FL (mrh-eq),1.9620772602367276,1.8753370485406178,2.0474247751311556,0.8564892362413181,0.8187181065376526,0.8933730452394021,1.1059192744451276,1.0572059098240059,1.1536241513855068,-11.937927148029107,-18.108597746448908,-5.717414766165009,-8.799002120358965,-13.286813226419994,-4.299207699979852,-3.1385653768993467,-4.8521844894861,-1.4162006658622057,-16.435661199026974,-10.356058899747612,-35.81032440129367,-9.733936013716708,-6.161884664034285,-20.779946157139346,-35.236458115066824,-21.78824634790372,-81.45908833358455
Vegan,added_sugar,Food_price ($),-302.8812074206,-309.33948109055456,-296.52216137765026,-211.55651243571006,-215.93207791990318,-207.13177558667357,-91.35665944489844,-93.29481668394125,-89.41805292003482,-2423.3963013886687,-2628.4787321331355,-2212.2209576492137,-1932.8071483218455,-2064.731277974367,-1795.9908244616684,-490.82936720258084,-563.8556027755968,-414.7987853667047,12.498212003007565,11.768764848993502,13.403822088944745,10.945557223305668,10.458120154587201,11.533008563602177,18.612712594108626,16.54587029457446,21.55697077101718
Vegan,dairy_cow,Food_price ($),0,0,0,0,0,0,0,0,0,-2423.3963013886687,-2628.4787321331355,-2212.2209576492137,-1932.8071483218455,-2064.731277974367,-1795.9908244616684,-490.82936720258084,-563.8556027755968,-414.7987853667047,-0,-0,-0,-0,-0,-0,-0,-0,-0
Vegan,dairy_soy,Food_price ($),0,0,0,0,0,0,0,0,0,-2423.3963013886687,-2628.4787321331355,-2212.2209576492137,-1932.8071483218455,-2064.731277974367,-1795.9908244616684,-490.82936720258084,-563.8556027755968,-414.7987853667047,-0,-0,-0,-0,-0,-0,-0,-0,-0
Vegan,dairy_tot,Food_price ($),-206.40850685233502,-210.97214625893255,-201.06841801249038,-158.46235046735504,-161.98393291495793,-154.34501795894568,-47.94159063383775,-48.98799109954691,-46.722719922419785,-2423.3963013886687,-2628.4787321331355,-2212.2209576492137,-1932.8071483218455,-2064.731277974367,-1795.9908244616684,-490.82936720258084,-563.8556027755968,-414.7987853667047,8.517323672321263,8.026397310345313,9.088984412576625,8.198559830707348,7.845279172303453,8.593864504024355,9.767465811402994,8.688038366277109,11.263948104648946
Vegan,fruit_exc_juice,Food_price ($),555.6583761282781,535.9232089007996,574.5746139933738,207.1582663058091,200.22947648784768,214.05854679892818,348.5414727008787,335.9717256302003,360.90682034870343,-2423.3963013886687,-2628.4787321331355,-2212.2209576492137,-1932.8071483218455,-2064.731277974367,-1795.9908244616684,-490.82936720258084,-563.8556027755968,-414.7987853667047,-22.92891079390818,-20.389101967961235,-25.972749783725835,-10.717999800739236,-9.69760465314816,-11.918688218415049,-71.01072103475516,-59.58470998184091,-87.00768495009989
Vegan,fruit_juice,Food_price ($),54.42637104375713,52.30846286627584,56.66212819495888,46.51942831567978,44.692191173739786,48.45273260947112,7.913144101169727,7.604602823292555,8.235652202624165,-2423.3963013886687,-2628.4787321331355,-2212.2209576492137,-1932.8071483218455,-2064.731277974367,-1795.9908244616684,-490.82936720258084,-563.8556027755968,-414.7987853667047,-2.2458716724363,-1.9900660494911075,-2.561323180627044,-2.4068323813925327,-2.1645524359753816,-2.697827402542236,-1.6121985826295764,-1.3486791273969185,-1.985457164572794
Vegan,gr_refined,Food_price ($),-380.7086387230023,-390.21098454018323,-370.8612323739339,-278.31793371565044,-284.8439051002609,-271.09155559542745,-102.39977421378478,-105.28075629303615,-99.6954621802485,-2423.3963013886687,-2628.4787321331355,-2212.2209576492137,-1932.8071483218455,-2064.731277974367,-1795.9908244616684,-490.82936720258084,-563.8556027755968,-414.7987853667047,15.709714441044845,14.845506633546487,16.76420391424302,14.399674274657936,13.79568896634873,15.094261724676942,20.862601355212135,18.671581123746638,24.034656247151805
Vegan,gr_whole,Food_price ($),335.63477016276954,331.69955431404674,339.46292262568664,276.31860477626935,273.05239720841223,279.46442159001725,59.302779848004256,58.59728656674057,59.997153686681216,-2423.3963013886687,-2628.4787321331355,-2212.2209576492137,-1932.8071483218455,-2064.731277974367,-1795.9908244616684,-490.82936720258084,-563.8556027755968,-414.7987853667047,-13.849768193936837,-12.619449807944871,-15.344892265482027,-14.296232555647482,-13.224597317879255,-15.560459317701921,-12.082158039155818,-10.392250476592517,-14.464158479548214
Vegan,leg_tot,Food_price ($),215.15322631592687,213.23695673819086,217.18334976784146,187.1900756073245,185.5099085742471,188.94184517021816,27.963893693934548,27.722340710581943,28.200120540511186,-2423.3963013886687,-2628.4787321331355,-2212.2209576492137,-1932.8071483218455,-2064.731277974367,-1795.9908244616684,-490.82936720258084,-563.8556027755968,-414.7987853667047,-8.878169294582092,-8.11256161715788,-9.817434782763671,-9.684881172436254,-8.984699876113861,-10.520201027577729,-5.697273953535254,-4.916567393161983,-6.7985060553108285
Vegan,oil,Food_price ($),-2.510397904437891,-3.7246093009622894,-1.3797893564030315,-2.0580596669552222,-3.0721923013655013,-1.1244920425740634,-0.44758168699101225,-0.6661234848282535,-0.24438466896982386,-2423.3963013886687,-2628.4787321331355,-2212.2209576492137,-1932.8071483218455,-2064.731277974367,-1795.9908244616684,-490.82936720258084,-563.8556027755968,-414.7987853667047,0.10359006915209733,0.1417020900884213,0.062371227052710226,0.10648034227016012,0.14879380838263453,0.06261123538373975,0.09118885643333584,0.11813724676127005,0.05891643794322457
Vegan,pf_egg,Food_price ($),-448.89713969503816,-468.0512414383695,-429.8635590421911,-285.0496239966213,-297.18924437382566,-273.020835630992,-163.8644846130325,-170.8765166624347,-156.9110791553065,-2423.3963013886687,-2628.4787321331355,-2212.2209576492137,-1932.8071483218455,-2064.731277974367,-1795.9908244616684,-490.82936720258084,-563.8556027755968,-414.7987853667047,18.52347217984151,17.8069251889485,19.43131211897476,14.747959942310585,14.393604027028022,15.201683210872051,33.38522418635159,30.30501352142104,37.82823978536692
Vegan,pf_ns,Food_price ($),36.246727152466484,32.58142327949389,39.627464998497665,30.357424252869937,27.20726146829288,33.223232936213456,5.897878434679668,5.331108819914737,6.43540992778964,-2423.3963013886687,-2628.4787321331355,-2212.2209576492137,-1932.8071483218455,-2064.731277974367,-1795.9908244616684,-490.82936720258084,-563.8556027755968,-414.7987853667047,-1.4956995325814508,-1.239554381064081,-1.7912977843138802,-1.5706390717370684,-1.3177144047037899,-1.8498553825391517,-1.2016148235574964,-0.9454741238132933,-1.5514534166488427
Vegan,pf_pm,Food_price ($),-312.48603800221287,-323.5091888800561,-302.2592396992564,-226.36270158574658,-234.4230867255841,-218.93912021459298,-86.12056960122338,-89.10580394072002,-83.30258009088082,-2423.3963013886687,-2628.4787321331355,-2212.2209576492137,-1932.8071483218455,-2064.731277974367,-1795.9908244616684,-490.82936720258084,-563.8556027755968,-414.7987853667047,12.894549596496056,12.307848830015566,13.663157771565823,11.71160308374715,11.35368506431346,12.190436456167195,17.545928454129903,15.802947332986303,20.082648028305293
Vegan,pf_poultry,Food_price ($),-605.7826229813988,-625.4759944010975,-586.7712171454358,-506.7104552752362,-523.021327784475,-490.67831655647257,-99.05160789561047,-102.16884463851004,-95.96205996765715,-2423.3963013886687,-2628.4787321331355,-2212.2209576492137,-1932.8071483218455,-2064.731277974367,-1795.9908244616684,-490.82936720258084,-563.8556027755968,-414.7987853667047,24.997257882842757,23.796121564715648,26.524078217257298,26.21629662924137,25.331205729473538,27.320758540264194,20.180456695193776,18.119682439188455,23.13460486216744
Vegan,pf_poultry_tot,Food_price ($),0,0,0,0,0,0,0,0,0,-2423.3963013886687,-2628.4787321331355,-2212.2209576492137,-1932.8071483218455,-2064.731277974367,-1795.9908244616684,-490.82936720258084,-563.8556027755968,-414.7987853667047,-0,-0,-0,-0,-0,-0,-0,-0,-0
Vegan,pf_redm,Food_price ($),-1094.997515755863,-1134.179527482441,-1055.1958531293692,-820.1486957729687,-849.669101334438,-789.9141514617544,-274.8851752674371,-284.4678685850668,-265.02840142395075,-2423.3963013886687,-2628.4787321331355,-2212.2209576492137,-1932.8071483218455,-2064.731277974367,-1795.9908244616684,-490.82936720258084,-563.8556027755968,-414.7987853667047,45.18441804703594,43.149655868130246,47.69848371071661,42.433033036175416,41.151558578025586,43.982081684550025,56.00422338909955,50.450481858256765,63.893244332827834
Vegan,pf_redm_tot,Food_price ($),0,0,0,0,0,0,0,0,0,-2423.3963013886687,-2628.4787321331355,-2212.2209576492137,-1932.8071483218455,-2064.731277974367,-1795.9908244616684,-490.82936720258084,-563.8556027755968,-414.7987853667047,-0,-0,-0,-0,-0,-0,-0,-0,-0
Vegan,pf_seafood,Food_price ($),-541.142006899957,-572.3755827930776,-503.6165646084083,-338.89037526661286,-358.4070009041021,-315.17996643278354,-202.3254667847772,-213.9559740017668,-188.23030056568848,-2423.3963013886687,-2628.4787321331355,-2212.2209576492137,-1932.8071483218455,-2064.731277974367,-1795.9908244616684,-490.82936720258084,-563.8556027755968,-414.7987853667047,22.329901493613267,21.775925967967318,22.765201770060507,17.53358453588365,17.358530125805146,17.549085559902892,41.22114125687004,37.94517123684891,45.37870100060265
Vegan,sat_fat,Food_price ($),-30.499458447102192,-30.982092629417266,-29.96331323033125,-26.010329855726678,-26.420758349344972,-25.545572864384646,-4.48873966364831,-4.561401692361094,-4.412637282733356,-2423.3963013886687,-2628.4787321331355,-2212.2209576492137,-1932.8071483218455,-2064.731277974367,-1795.9908244616684,-490.82936720258084,-563.8556027755968,-414.7987853667047,1.2585419243903777,1.1787081345061454,1.3544448680285244,1.3457281487348636,1.2796221295812122,1.4223665575820352,0.9145214128550025,0.8089662796480964,1.0638018813946972
Vegan,veg_dg,Food_price ($),27.009169054266508,20.772658166859998,33.09988509119541,13.258669520674577,10.140424083878301,16.255043653190043,13.752424181723596,10.53982448886326,16.847350588433677,-2423.3963013886687,-2628.4787321331355,-2212.2209576492137,-1932.8071483218455,-2064.731277974367,-1795.9908244616684,-490.82936720258084,-563.8556027755968,-414.7987853667047,-1.114517218615443,-0.7902920390001406,-1.4962287097383142,-0.6859799505701528,-0.4911256100031915,-0.9050738696319532,-2.8018747655837664,-1.8692417769692535,-4.0615718229598246
Vegan,veg_oth,Food_price ($),23.329490401535473,6.060857054442825,41.60183338610677,4.09309446363422,-1.2684236558562962,9.782232647081578,19.08380162813472,7.171332279893991,31.84164409428085,-2423.3963013886687,-2628.4787321331355,-2212.2209576492137,-1932.8071483218455,-2064.731277974367,-1795.9908244616684,-490.82936720258084,-563.8556027755968,-414.7987853667047,-0.9626774782220751,-0.2305842151336013,-1.8805460296477068,-0.21176941875385952,0.06143286874119041,-0.5446705246956767,-3.888072495926722,-1.27183843604513,-7.6764072648214485
Vegan,veg_ro,Food_price ($),178.76430840739428,174.92954298003806,182.76116671219592,99.28242423023346,96.95572144919377,101.52217263656424,79.49206246097357,77.43431452607375,81.61942774141913,-2423.3963013886687,-2628.4787321331355,-2212.2209576492137,-1932.8071483218455,-2064.731277974367,-1795.9908244616684,-490.82936720258084,-563.8556027755968,-414.7987853667047,-7.376602345433874,-6.655162959529615,-8.261433654728801,-5.136695832092465,-4.6958033950216285,-5.652711097062234,-16.19545768298837,-13.73300436226951,-19.676872406765394
Vegan,veg_sta,Food_price ($),76.69479262688415,72.82945238180808,80.30702555639927,56.581902244242634,53.71239294413514,59.279751841248434,20.104825553161252,19.13795846105416,21.045313680742037,-2423.3963013886687,-2628.4787321331355,-2212.2209576492137,-1932.8071483218455,-2064.731277974367,-1795.9908244616684,-490.82936720258084,-563.8556027755968,-414.7987853667047,-3.164764780029418,-2.7707833999746128,-3.630153908393329,-2.9274468636650957,-2.6014229317449202,-3.3006711968596494,-4.09609263352479,-3.3941240216195356,-5.073619890698772
Vegan,added_sugar,GHG (kgCO2eq),-19.16072143148535,-19.537312569330897,-18.770365277272735,-12.700804872559315,-12.950317952641019,-12.442169040928238,-6.4598815987396705,-6.586994616689915,-6.328196236344496,-1060.2764478618633,-1098.518626282742,-1021.3519575790294,-810.2000719927305,-838.3140437415512,-781.5382015093804,-250.0871883907292,-260.23405912416297,-239.76933474701482,1.807143926484886,1.7785144559125838,1.8377959857995705,1.5676133971848465,1.544805082214935,1.5920103479137355,2.5830517909805653,2.5311808296188953,2.6392850624628443
Vegan,dairy_cow,GHG (kgCO2eq),-172.39082367990585,-175.43986023413493,-169.2241194773418,-130.50527565334855,-132.81595399226993,-128.11717937008856,-41.885325943005554,-42.63111275889023,-41.11139426450909,-1060.2764478618633,-1098.518626282742,-1021.3519575790294,-810.2000719927305,-838.3140437415512,-781.5382015093804,-250.0871883907292,-260.23405912416297,-239.76933474701482,16.259044896031263,15.970585845030486,16.568639069186656,16.107783764121848,15.843221878937833,16.39295163341428,16.74828935161808,16.38183445409429,17.146226938439188
Vegan,dairy_soy,GHG (kgCO2eq),52.23352717834975,52.185097140680966,52.28954631749843,41.06498911705032,41.02691435784416,41.10903028110227,11.168538061299545,11.158182782836956,11.180516036395936,-1060.2764478618633,-1098.518626282742,-1021.3519575790294,-810.2000719927305,-838.3140437415512,-781.5382015093804,-250.0871883907292,-260.23405912416297,-239.76933474701482,-4.926406437083749,-4.750497250762986,-5.119640289469206,-5.068499810923094,-4.893979131583365,-5.260015467152933,-4.465857740721262,-4.287748813660537,-4.66303001098648
Vegan,dairy_tot,GHG (kgCO2eq),0,0,0,0,0,0,0,0,0,-1060.2764478618633,-1098.518626282742,-1021.3519575790294,-810.2000719927305,-838.3140437415512,-781.5382015093804,-250.0871883907292,-260.23405912416297,-239.76933474701482,-0,-0,-0,-0,-0,-0,-0,-0,-0
Vegan,fruit_exc_juice,GHG (kgCO2eq),47.46697866295419,45.708182762309086,49.06997366082783,26.662080061337615,25.696401165889693,27.54065787719291,20.798986487783836,20.01900707036271,21.545217693875543,-1060.2764478618633,-1098.518626282742,-1021.3519575790294,-810.2000719927305,-838.3140437415512,-781.5382015093804,-250.0871883907292,-260.23405912416297,-239.76933474701482,-4.4768492932834025,-4.1608928304638955,-4.804413727971038,-3.2908019862008655,-3.065247607114141,-3.5239042472912763,-8.31669411840805,-7.692692931024542,-8.985810348353475
Vegan,fruit_juice,GHG (kgCO2eq),24.664024795800305,23.64968928369892,25.670548093967977,21.474378067169557,20.58711787613078,22.3608830017091,3.1929137314100506,3.0631052056971204,3.3208636846193316,-1060.2764478618633,-1098.518626282742,-1021.3519575790294,-810.2000719927305,-838.3140437415512,-781.5382015093804,-250.0871883907292,-260.23405912416297,-239.76933474701482,-2.326188122497429,-2.1528710317572575,-2.513389033376544,-2.650503105282646,-2.455776332249744,-2.861137556490988,-1.27672023183432,-1.1770577671524736,-1.3850243560642306
Vegan,gr_refined,GHG (kgCO2eq),-22.353036069361846,-22.88741264843557,-21.826412606260586,-17.276806895494484,-17.686905392919527,-16.865066833524256,-5.078421760905893,-5.1994508358169735,-4.959608397995682,-1060.2764478618633,-1098.518626282742,-1021.3519575790294,-810.2000719927305,-838.3140437415512,-781.5382015093804,-250.0871883907292,-260.23405912416297,-239.76933474701482,2.1082271623064552,2.0834797062917256,2.137011873751827,2.1324124117887635,2.109818572760583,2.1579324978552354,2.0306605042764163,1.9979901375385338,2.0684915371803734
Vegan,gr_whole,GHG (kgCO2eq),31.402463156716966,31.020832296909063,31.7781131544047,25.146715459789444,24.841458864345114,25.44717021384841,6.2558779045581145,6.179338735375928,6.329906466206878,-1060.2764478618633,-1098.518626282742,-1021.3519575790294,-810.2000719927305,-838.3140437415512,-781.5382015093804,-250.0871883907292,-260.23405912416297,-239.76933474701482,-2.961724106957452,-2.8238785901955907,-3.1113773189146503,-3.103766134942416,-2.9632640714776852,-3.256036642188754,-2.50147876219237,-2.374531126391738,-2.639998343777232
Vegan,leg_tot,GHG (kgCO2eq),31.4663805496666,31.195798885631582,31.73685455633331,25.518406791571735,25.298340913950543,25.739186212603382,5.948775996501196,5.896559935831653,5.9996697043911285,-1060.2764478618633,-1098.518626282742,-1021.3519575790294,-810.2000719927305,-838.3140437415512,-781.5382015093804,-250.0871883907292,-260.23405912416297,-239.76933474701482,-2.9677524774903,-2.839806093338126,-3.1073377126099646,-3.149642622075785,-3.0177641783309928,-3.2934009064295813,-2.378680825187652,-2.2658678712836293,-2.5022673190137072
Vegan,oil,GHG (kgCO2eq),-0.40083001389605954,-0.5558669256738626,-0.24975082807309618,-0.3337409942087716,-0.463172491632927,-0.20778615578646864,-0.06708083579396584,-0.09269443404093565,-0.0419646722866239,-1060.2764478618633,-1098.518626282742,-1021.3519575790294,-810.2000719927305,-838.3140437415512,-781.5382015093804,-250.0871883907292,-260.23405912416297,-239.76933474701482,0.037804292899683574,0.05060150209331007,0.024452964154011634,0.04119241724922559,0.05525047505654351,0.026586820117707924,0.02682297970784518,0.035619639624769196,0.01750210148053404
Vegan,pf_egg,GHG (kgCO2eq),-55.985507434307834,-57.6901401130059,-54.13753705670669,-41.35293143964578,-42.612035117051846,-39.98795332603138,-14.632575994661915,-15.07810499595395,-14.149583730675392,-1060.2764478618633,-1098.518626282742,-1021.3519575790294,-810.2000719927305,-838.3140437415512,-781.5382015093804,-250.0871883907292,-260.23405912416297,-239.76933474701482,5.280274549831539,5.2516305807415,5.300576031109988,5.104039467428832,5.0830634933498695,5.116570533443262,5.850989844309973,5.794055185051653,5.901331688476713
Vegan,pf_ns,GHG (kgCO2eq),3.7415716735249025,3.288592706235284,4.1522966871978975,3.2902999806450226,2.8924383387431205,3.6495013110199643,0.45185616685388574,0.3988956084882697,0.5016359138967365,-1060.2764478618633,-1098.518626282742,-1021.3519575790294,-810.2000719927305,-838.3140437415512,-781.5382015093804,-250.0871883907292,-260.23405912416297,-239.76933474701482,-0.35288642703231754,-0.29936613067395096,-0.40654905063679814,-0.4061095640922808,-0.3450304048150775,-0.46696390579138713,-0.18067945413817774,-0.15328339796519427,-0.20921604275460082
Vegan,pf_pm,GHG (kgCO2eq),0,0,0,0,0,0,0,0,0,-1060.2764478618633,-1098.518626282742,-1021.3519575790294,-810.2000719927305,-838.3140437415512,-781.5382015093804,-250.0871883907292,-260.23405912416297,-239.76933474701482,-0,-0,-0,-0,-0,-0,-0,-0,-0
Vegan,pf_poultry,GHG (kgCO2eq),0,0,0,0,0,0,0,0,0,-1060.2764478618633,-1098.518626282742,-1021.3519575790294,-810.2000719927305,-838.3140437415512,-781.5382015093804,-250.0871883907292,-260.23405912416297,-239.76933474701482,-0,-0,-0,-0,-0,-0,-0,-0,-0
Vegan,pf_poultry_tot,GHG (kgCO2eq),-94.48705336124803,-96.87596233506417,-92.1571219093863,-76.92661651613135,-78.87068474350221,-75.02808672902071,-17.570045904929792,-18.01697790844386,-17.12953339865053,-1060.2764478618633,-1098.518626282742,-1021.3519575790294,-810.2000719927305,-838.3140437415512,-781.5382015093804,-250.0871883907292,-260.23405912416297,-239.76933474701482,8.911548827835338,8.818781950277991,9.023052359720516,9.494767919104994,9.408250444128038,9.600053661371815,7.025568170041099,6.9233742766344015,7.144171883666535
Vegan,pf_redm,GHG (kgCO2eq),0,0,0,0,0,0,0,0,0,-1060.2764478618633,-1098.518626282742,-1021.3519575790294,-810.2000719927305,-838.3140437415512,-781.5382015093804,-250.0871883907292,-260.23405912416297,-239.76933474701482,-0,-0,-0,-0,-0,-0,-0,-0,-0
Vegan,pf_redm_tot,GHG (kgCO2eq),-756.2245461806434,-774.5536711004354,-737.4636088436973,-578.9278052627541,-592.9328630890329,-564.5149248040562,-177.31226411237282,-181.6037504467884,-172.96221722229527,-1060.2764478618633,-1098.518626282742,-1021.3519575790294,-810.2000719927305,-838.3140437415512,-781.5382015093804,-250.0871883907292,-260.23405912416297,-239.76933474701482,71.32333720188106,70.50892470721539,72.20465025511389,71.45491901017117,70.72920554243174,72.2312644108518,70.90017895492716,69.78477415984261,72.136921681328
Vegan,pf_seafood,GHG (kgCO2eq),-85.49633968442156,-90.0709092959624,-80.66390198700093,-53.255074708211275,-56.12307689789981,-50.250983990802624,-32.235123681086,-33.94147295418715,-30.413505431113908,-1060.2764478618633,-1098.518626282742,-1021.3519575790294,-810.2000719927305,-838.3140437415512,-781.5382015093804,-250.0871883907292,-260.23405912416297,-239.76933474701482,8.063589439983518,8.19930651524333,7.897757613174142,6.573077015067101,6.694755660708259,6.429754027858546,12.889554194484665,13.042671304601594,12.684485054439415
Vegan,sat_fat,GHG (kgCO2eq),-80.5090543855599,-81.66613538078758,-79.30923422188616,-61.900831057944046,-62.78955049189055,-60.98388124718229,-18.605527569072645,-18.878329897909275,-18.328113407267335,-1060.2764478618633,-1098.518626282742,-1021.3519575790294,-810.2000719927305,-838.3140437415512,-781.5382015093804,-250.0871883907292,-260.23405912416297,-239.76933474701482,7.593213500866986,7.4342057955936705,7.765122848530834,7.640190762473723,7.489979556068168,7.8030582675810924,7.439616434890656,7.254365535950864,7.644060666309007
Vegan,veg_dg,GHG (kgCO2eq),1.7793239733230908,1.3787141037219965,2.1583236798850303,1.3026133125957828,1.0029048844648019,1.587586599214986,0.47954884245117413,0.38050821088064557,0.5724191875995491,-1060.2764478618633,-1098.518626282742,-1021.3519575790294,-810.2000719927305,-838.3140437415512,-781.5382015093804,-250.0871883907292,-260.23405912416297,-239.76933474701482,-0.16781698555232905,-0.12550666604419838,-0.21132026662004266,-0.16077674609333664,-0.11963355403049807,-0.2031361481945334,-0.19175266255620438,-0.14621768271273722,-0.23873744663950436
Vegan,veg_oth,GHG (kgCO2eq),0.29128469879490404,-0.30721937296507784,0.8717521683683255,0.1702201205051582,-0.19874812864369495,0.5271766794695065,0.12116808622310275,-0.10973120199433654,0.34457548889881534,-1060.2764478618633,-1098.518626282742,-1021.3519575790294,-810.2000719927305,-838.3140437415512,-781.5382015093804,-250.0871883907292,-260.23405912416297,-239.76933474701482,-0.027472523734947067,0.02796669675093923,-0.08535276815199834,-0.021009640259163725,0.0237080757655741,-0.06745373143006614,-0.04845033726149663,0.042166349156465166,-0.14371124199947566
Vegan,veg_ro,GHG (kgCO2eq),20.48976004424574,20.051017074103786,20.951074234852705,12.515893792573564,12.225523805988313,12.804273865919173,7.97866412004502,7.795864970703078,8.162308551319478,-1060.2764478618633,-1098.518626282742,-1021.3519575790294,-810.2000719927305,-838.3140437415512,-781.5382015093804,-250.0871883907292,-260.23405912416297,-239.76933474701482,-1.9324922368656843,-1.8252778418472588,-2.051307982462213,-1.5447905061017895,-1.4583465346021796,-1.6383426736134392,-3.1903530010419323,-2.995712781386356,-3.4042337231871977
Vegan,veg_sta,GHG (kgCO2eq),13.196149645590163,12.587939439763225,13.771612075259991,5.834218704328969,5.558164348576618,6.094363945960627,7.362729612713125,7.013098406375717,7.697669286920098,-1060.2764478618633,-1098.518626282742,-1021.3519575790294,-810.2000719927305,-838.3140437415512,-781.5382015093804,-250.0871883907292,-260.23405912416297,-239.76933474701482,-1.2445951876231252,-1.1459013200676746,-1.348370850328975,-0.7200960486191263,-0.6630169672178576,-0.7797909218245014,-2.9440650918949927,-2.6949195005368707,-3.2104477810067147
Vegan,added_sugar,WATER (litereq),-13650.80972302541,-13915.31704500382,-13370.826657484355,-9048.533015336201,-9223.810186922405,-8863.00305508507,-4602.171162762926,-4691.501811308066,-4507.823602399285,35143.246119288335,3672.161755656575,65688.06422044316,-665.5998279762811,-23709.214788297348,21654.182668596804,35827.470143041966,27265.821535031042,44139.86190236633,-38.843337569585465,-378.9407431077553,-20.35503225154128,1359.4554317791453,38.903904111894896,-40.92975103575864,-12.845370170957246,-17.20653018021276,-10.212591086873386
Vegan,dairy_cow,WATER (litereq),-48261.65787070963,-49115.25063089436,-47375.12347439139,-36535.592959398804,-37182.47871040241,-35867.033674601924,-11726.002737929432,-11934.789420331694,-11509.336762991885,35143.246119288335,3672.161755656575,65688.06422044316,-665.5998279762811,-23709.214788297348,21654.182668596804,35827.470143041966,27265.821535031042,44139.86190236633,-137.3284007598298,-1337.5023732339007,-72.12135726119861,5489.122957030086,156.82711992956993,-165.63559208640459,-32.72908383180031,-43.77197806051035,-26.0747004339288
Vegan,dairy_soy,WATER (litereq),4553.632010118223,4549.409959996522,4558.515665482592,3579.977440544425,3576.6581463733296,3583.8168759650002,973.654569573794,972.7518136232001,974.6987895176101,35143.246119288335,3672.161755656575,65688.06422044316,-665.5998279762811,-23709.214788297348,21654.182668596804,35827.470143041966,27265.821535031042,44139.86190236633,12.95734604214312,123.88914929982697,6.939640739274382,-537.857326590535,-15.08551918867737,16.55022925969079,2.7176202106552783,3.5676600185085623,2.2082053443519194
Vegan,dairy_tot,WATER (litereq),0,0,0,0,0,0,0,0,0,35143.246119288335,3672.161755656575,65688.06422044316,-665.5998279762811,-23709.214788297348,21654.182668596804,35827.470143041966,27265.821535031042,44139.86190236633,0,0,0,-0,-0,0,0,0,0
Vegan,fruit_exc_juice,WATER (litereq),164573.54810786797,158232.52134251106,170492.5285135838,92180.27443969288,88728.92749014225,95355.41630811142,72385.9131763692,69429.71650176513,75241.79751805906,35143.246119288335,3672.161755656575,65688.06422044316,-665.5998279762811,-23709.214788297348,21654.182668596804,35827.470143041966,27265.821535031042,44139.86190236633,468.29353085155657,4308.974709481973,259.54871792450206,-13849.203465085297,-374.2381528971514,440.35564753223025,202.04025818001335,254.6401046913699,170.462240422246
Vegan,fruit_juice,WATER (litereq),67424.49189021882,64642.06135985884,70090.93119257747,58651.48330699093,56225.021695998235,60972.93177708709,8778.215668055178,8420.363866479422,9117.879969943735,35143.246119288335,3672.161755656575,65688.06422044316,-665.5998279762811,-23709.214788297348,21654.182668596804,35827.470143041966,27265.821535031042,44139.86190236633,191.8561867089818,1760.327176772227,106.70268948306756,-8811.823687713002,-237.14417452471008,281.57577088102653,24.501355058026586,30.88248727683105,20.656793150172785
Vegan,gr_refined,WATER (litereq),-34551.50648161319,-35365.917086455054,-33714.446874151145,-26715.599700045757,-27351.41440699069,-26063.819881120246,-7833.853249087859,-8018.229839147954,-7649.437580781168,35143.246119288335,3672.161755656575,65688.06422044316,-665.5998279762811,-23709.214788297348,21654.182668596804,35827.470143041966,27265.821535031042,44139.86190236633,-98.3162066598328,-963.0816788497297,-51.32507294020498,4013.7630115189545,115.36195800331228,-120.36390511713175,-21.865493761661167,-29.40762239218121,-17.3299988969179
Vegan,gr_whole,WATER (litereq),56475.65845711347,55716.592397051754,57174.599748650995,45305.00306443967,44696.99039125041,45865.3296565418,11172.275805833886,11019.880020673958,11310.57428543995,35143.246119288335,3672.161755656575,65688.06422044316,-665.5998279762811,-23709.214788297348,21654.182668596804,35827.470143041966,27265.821535031042,44139.86190236633,160.70131445858914,1517.2695568550666,87.03955646611573,-6806.642844573291,-188.52159715264983,211.8081774707495,31.18354648326641,40.41646060990919,25.62439889471787
Vegan,leg_tot,WATER (litereq),46526.470193984795,46075.559753919515,46977.949294194346,38035.4322098901,37666.786751464286,38410.3258252487,8490.896720132449,8409.771714318911,8569.023457615702,35143.246119288335,3672.161755656575,65688.06422044316,-665.5998279762811,-23709.214788297348,21654.182668596804,35827.470143041966,27265.821535031042,44139.86190236633,132.3909295005301,1254.7257669939243,71.51672050578416,-5714.459441123159,-158.8698195524226,177.38063086053063,23.69940351979181,30.843639548927815,19.413344510614156
Vegan,oil,WATER (litereq),-284.49122621924414,-391.44182800342315,-178.01805745755706,-236.81917823993726,-326.1494488082307,-148.1186994243174,-47.53982347357987,-65.29115967725718,-29.89935803323942,35143.246119288335,3672.161755656575,65688.06422044316,-665.5998279762811,-23709.214788297348,21654.182668596804,35827.470143041966,27265.821535031042,44139.86190236633,-0.8095189193780862,-10.659710929139997,-0.27100518118503947,35.5798136186382,1.3756231563147976,-0.6840188876725475,-0.1326909862286566,-0.23946155296795774,-0.06773776977230761
Vegan,pf_egg,WATER (litereq),-15398.403824504285,-15867.25055934612,-14890.133105275509,-11373.820955036916,-11720.128200789166,-10998.393720949447,-4024.582869467332,-4147.122358556954,-3891.7393843260616,35143.246119288335,3672.161755656575,65688.06422044316,-665.5998279762811,-23709.214788297348,21654.182668596804,35827.470143041966,27265.821535031042,44139.86190236633,-43.816111272808364,-432.09563235890425,-22.66794322832467,1708.8076764710681,49.43279777689691,-50.7910822092559,-11.233232079739642,-15.209966636173952,-8.816836339303151
Vegan,pf_ns,WATER (litereq),46736.171264495046,41032.56165937332,52260.77743471788,41049.58493480802,35993.80052200438,45853.72546020571,5688.609784579034,5003.343660937842,6362.225032835096,35143.246119288335,3672.161755656575,65688.06422044316,-665.5998279762811,-23709.214788297348,21654.182668596804,35827.470143041966,27265.821535031042,44139.86190236633,132.98763325919384,1117.3952671384102,79.55901586524983,-6167.307022842386,-151.81354947178843,211.75458876452268,15.877788082348918,18.350239894695864,14.413785541304602
Vegan,pf_pm,WATER (litereq),0,0,0,0,0,0,0,0,0,35143.246119288335,3672.161755656575,65688.06422044316,-665.5998279762811,-23709.214788297348,21654.182668596804,35827.470143041966,27265.821535031042,44139.86190236633,0,0,0,-0,-0,0,0,0,0
Vegan,pf_poultry,WATER (litereq),0,0,0,0,0,0,0,0,0,35143.246119288335,3672.161755656575,65688.06422044316,-665.5998279762811,-23709.214788297348,21654.182668596804,35827.470143041966,27265.821535031042,44139.86190236633,0,0,0,-0,-0,0,0,0,0
Vegan,pf_poultry_tot,WATER (litereq),-44907.61962148523,-46042.90533104024,-43799.36166193791,-36549.905045863976,-37472.07717155137,-35647.39549816074,-8356.900587570954,-8570.056035398884,-8147.084187054331,35143.246119288335,3672.161755656575,65688.06422044316,-665.5998279762811,-23709.214788297348,21654.182668596804,35827.470143041966,27265.821535031042,44139.86190236633,-127.7844951176486,-1253.8365244972128,-66.67780849036933,5491.273210960993,158.04857944957016,-164.62129300246963,-23.32539962829037,-31.431497577977257,-18.45743016839291
Vegan,pf_redm,WATER (litereq),0,0,0,0,0,0,0,0,0,35143.246119288335,3672.161755656575,65688.06422044316,-665.5998279762811,-23709.214788297348,21654.182668596804,35827.470143041966,27265.821535031042,44139.86190236633,0,0,0,-0,-0,0,0,0,0
Vegan,pf_redm_tot,WATER (litereq),-223940.16621621943,-229367.934196566,-218390.49384663787,-171435.5556646225,-175585.17619713474,-167171.59233069746,-52510.06643168735,-53780.58312473815,-51223.16533016244,35143.246119288335,3672.161755656575,65688.06422044316,-665.5998279762811,-23709.214788297348,21654.182668596804,35827.470143041966,27265.821535031042,44139.86190236633,-637.2210622094756,-6246.128287874276,-332.46602170181063,25756.55047656227,740.5777785766317,-772.0060132915199,-146.56370160114503,-197.2454160445561,-116.04740731510168
Vegan,pf_seafood,WATER (litereq),-3364.740841524561,-3550.9760715637785,-3175.6833784170844,-2094.9451123634603,-2213.422531245598,-1978.1470458291049,-1270.674268698248,-1339.8831249392288,-1198.5745591640627,35143.246119288335,3672.161755656575,65688.06422044316,-665.5998279762811,-23709.214788297348,21654.182668596804,35827.470143041966,27265.821535031042,44139.86190236633,-9.574359836036393,-96.69988164584191,-4.834490734511189,314.74544077528134,9.335705762546482,-9.135172987608723,-3.5466480430380734,-4.914149105016883,-2.715401697031153
Vegan,sat_fat,WATER (litereq),-23953.932408777622,-24297.457988148966,-23599.17407468228,-18417.0547874365,-18680.825419875662,-18145.007058392417,-5536.172898627319,-5617.140780013852,-5453.936355730349,35143.246119288335,3672.161755656575,65688.06422044316,-665.5998279762811,-23709.214788297348,21654.182668596804,35827.470143041966,27265.821535031042,44139.86190236633,-68.16084185128969,-661.6663318472099,-35.9261219747405,2766.9861098721317,78.79141332464687,-83.79446749891216,-15.452313201362045,-20.60139934825352,-12.35603402610094
Vegan,veg_dg,WATER (litereq),12191.375851477702,9583.703124479378,14614.547630734765,8899.011672166802,6952.070022945552,10714.223562831148,3307.4257029429614,2658.6489498993888,3900.011547244713,35143.246119288335,3672.161755656575,65688.06422044316,-665.5998279762811,-23709.214788297348,21654.182668596804,35827.470143041966,27265.821535031042,44139.86190236633,34.69052292464946,260.98259723218075,22.24840662329411,-1336.9912818673267,-29.322228024088894,49.478771500201034,9.231535717531802,9.750848499039593,8.83557713857649
Vegan,veg_oth,WATER (litereq),1608.502956165312,-76.24674010998115,3185.6294376622886,958.6023207321361,-78.45479855234665,1939.2989973032086,646.5889364852487,2.208058442366477,1249.7456111271763,35143.246119288335,3672.161755656575,65688.06422044316,-665.5998279762811,-23709.214788297348,21654.182668596804,35827.470143041966,27265.821535031042,44139.86190236633,4.57699027205824,-2.0763448122221506,4.849632083800805,-144.02081858204693,0.33090424652557965,8.955770933416973,1.8047295382669446,0.008098264853415733,2.831331040163897
Vegan,veg_ro,WATER (litereq),23307.714572851877,22751.963976900654,23855.21439017558,14178.978770307845,13817.150714378746,14522.378694530953,9126.646726962288,8911.893590477965,9347.67426965862,35143.246119288335,3672.161755656575,65688.06422044316,-665.5998279762811,-23709.214788297348,21654.182668596804,35827.470143041966,27265.821535031042,44139.86190236633,66.32203096360942,619.5795689515493,36.31590407371368,-2130.2557744671053,-58.277555109917714,67.06500502367844,25.473879932141312,32.68521940198278,21.177398085963414
Vegan,veg_sta,WATER (litereq),20059.009029073713,19078.48565869728,20970.632043098558,8903.87843079495,8467.31654941809,9319.246475032496,11165.207081412927,10601.841012524903,11677.228541567489,35143.246119288335,3672.161755656575,65688.06422044316,-665.5998279762811,-23709.214788297348,21654.182668596804,35827.470143041966,27265.821535031042,44139.86190236633,57.07784921457312,519.543716431034,31.92456999908389,-1337.7224657444237,-35.71318841650328,43.036703890687114,31.163816582180075,38.883262691731815,26.45506360531109
