diet_pattern,outcome,age_gp,sex_gp,race_gp,total_impact_current,total_LB_current,total_UB_current,total_impact_CF,total_LB_CF,total_UB_CF,perc_change,perc_change_LB,perc_change_UB
Med,BLUEWATER (L),20-34,Female,HIS,517.8623142734767,461.6867377044687,574.9996538972446,615.8909402686049,615.8909402686049,615.8909402686049,18.92947667618086,33.40018024577613,7.111532345142568
Med,BLUEWATER (L),20-34,Female,NHB,455.41709222656755,406.90337040257725,504.27288156613605,580.7301821205041,580.7301821205041,580.7301821205041,27.51611479518076,42.719432760153374,15.161890188683596
Med,BLUEWATER (L),20-34,Female,NHW,487.3950626972316,436.8921218972777,537.7298478269884,604.0327369834187,604.0327369834187,604.0327369834187,23.93082803110832,38.25672441981893,12.330148572627289
Med,BLUEWATER (L),20-34,Female,OTH,560.6751198949743,476.97310226284134,642.0059976003406,695.6527948101906,695.6527948101906,695.6527948101906,24.07413315227905,45.84738458204366,8.35612087898998
Med,BLUEWATER (L),20-34,Male,HIS,549.9881398739893,489.56016204528805,609.4348361430793,608.8213301846429,608.8213301846429,608.8213301846429,10.697174365275064,24.360880926484015,-0.10066801601286007
Med,BLUEWATER (L),20-34,Male,NHB,477.8495565311301,419.7501974551018,535.7892367167025,579.9058052121088,579.9058052121088,579.9058052121088,21.357401568359553,38.15498092151295,8.233940787192948
Med,BLUEWATER (L),20-34,Male,NHW,498.8089679137008,445.58450187690784,551.2689892446916,559.2351564632177,559.2351564632177,559.2351564632177,12.114094259823172,25.505971169909692,1.4450599206461254
Med,BLUEWATER (L),20-34,Male,OTH,571.8321109366534,503.05395071239144,641.627114670501,643.3481899914478,643.3481899914478,643.3481899914478,12.50648183041908,27.888507600503097,0.26823606446723924
Med,BLUEWATER (L),35-44,Female,HIS,531.7082764221653,467.87666396329024,597.3636874599647,601.3776557637021,601.3776557637021,601.3776557637021,13.102933023788546,28.53337259215955,0.6719471551418094
Med,BLUEWATER (L),35-44,Female,NHB,478.59387012251824,414.740412167258,542.6737211715614,627.6644277538791,627.6644277538791,627.6644277538791,31.147611145374537,51.339104977489455,15.661474522634682
Med,BLUEWATER (L),35-44,Female,NHW,490.3695910547083,425.39234230157655,557.49061733818,594.5443395290347,594.5443395290347,594.5443395290347,21.244128994675794,39.7637616869793,6.646519428035061
Med,BLUEWATER (L),35-44,Female,OTH,572.8284059611592,481.78024636198995,665.1899678343092,702.4980729906314,702.4980729906314,702.4980729906314,22.63673827625519,45.812967280273895,5.608639179840306
Med,BLUEWATER (L),35-44,Male,HIS,552.8881947253597,482.5358013226774,623.2274379360548,583.1021672610299,583.1021672610299,583.1021672610299,5.464752697546498,20.841223731522163,-6.438302974578264
Med,BLUEWATER (L),35-44,Male,NHB,544.052983505978,458.4932736727242,629.3270147225446,653.5067538137456,653.5067538137456,653.5067538137456,20.118218928316008,42.53355312693714,3.84215813488656
Med,BLUEWATER (L),35-44,Male,NHW,588.4848648550678,480.4854483409388,692.1231922689027,717.2846360174897,717.2846360174897,717.2846360174897,21.886675232360083,49.2833213772012,3.63539959788131
Med,BLUEWATER (L),35-44,Male,OTH,587.3100766342919,489.349721367705,686.394510690716,612.9306082963589,612.9306082963589,612.9306082963589,4.362351793602955,25.254103871409633,-10.702868576328017
Med,BLUEWATER (L),45-54,Female,HIS,552.2370151019952,485.8094375655636,621.7590024572526,645.2494914454256,645.2494914454256,645.2494914454256,16.84285439038372,32.81946408427778,3.7780697819149145
Med,BLUEWATER (L),45-54,Female,NHB,519.5511590043578,443.8570133874941,596.809084410669,642.0124337743382,642.0124337743382,642.0124337743382,23.570590238824433,44.64397641811089,7.574172468957327
Med,BLUEWATER (L),45-54,Female,NHW,499.72775576259187,409.0705417271945,588.275359299914,612.1584004932255,612.1584004932255,612.1584004932255,22.498379054223797,49.646170537860066,4.0598404838397135
Med,BLUEWATER (L),45-54,Female,OTH,606.3922576684288,433.16043889611535,770.7844886520809,647.7994919387337,647.7994919387337,647.7994919387337,6.828456951201067,49.551859719602675,-15.95582144218013
Med,BLUEWATER (L),45-54,Male,HIS,551.5904990370198,474.30032522762957,629.1870110819372,621.1148721826158,621.1148721826158,621.1148721826158,12.604345663490117,30.95392078521683,-1.2829474793894158
Med,BLUEWATER (L),45-54,Male,NHB,550.2695908852895,467.86740609622865,634.9280891705649,636.2377695105232,636.2377695105232,636.2377695105232,15.622920119377415,35.98676916161691,0.20627223181591653
Med,BLUEWATER (L),45-54,Male,NHW,518.5374000773539,455.1040380980109,579.95807115253206,615.5018250438209,615.5018250438209,615.5018250438209,18.699601022414594,35.24420209852474,6.128676478396767
Med,BLUEWATER (L),45-54,Male,OTH,603.0507610659007,474.9998119438296,729.6023462068688,611.9551692949593,611.9551692949593,611.9551692949593,1.4765603169656816,28.83271822586008,-16.124835333047603
Med,BLUEWATER (L),55-64,Female,HIS,545.8066299735619,473.4363426870909,617.3127296486153,633.6686535177752,633.6686535177752,633.6686535177752,16.09764680734441,33.84453122488462,2.6495361400484785
Med,BLUEWATER (L),55-64,Female,NHB,499.60926794183786,430.7720868292463,567.4553890447822,623.1287506287184,623.1287506287184,623.1287506287184,24.723216844179944,44.65392946310385,9.81105522279965
Med,BLUEWATER (L),55-64,Female,NHW,521.3008916433279,456.51596218903484,587.2045364851219,614.2084714192986,614.2084714192986,614.2084714192986,17.82225606464869,34.54260579939288,4.598727233242491
Med,BLUEWATER (L),55-64,Female,OTH,607.6338932873475,476.36847442962056,738.0590085947016,702.1678011816551,702.1678011816551,702.1678011816551,15.557708175702919,47.400140620639355,-4.862918411006861
Med,BLUEWATER (L),55-64,Male,HIS,571.9316096746886,492.908584895199,650.0379589701797,620.9803977230632,620.9803977230632,620.9803977230632,8.575988320749271,25.982873245166655,-4.470132989333551
Med,BLUEWATER (L),55-64,Male,NHB,519.4448468599348,450.7931597690546,588.5951556010154,634.5844032287819,634.5844032287819,634.5844032287819,22.16588672789235,40.77063714850623,7.813392140614328
Med,BLUEWATER (L),55-64,Male,NHW,550.5197505575359,469.9419640822057,633.5995003865106,642.6488883079238,642.6488883079238,642.6488883079238,16.734937785081218,36.750692090886986,1.4282504825039888
Med,BLUEWATER (L),55-64,Male,OTH,567.9506762669351,433.3084207903304,697.997470871926,581.3496011926152,581.3496011926152,581.3496011926152,2.3591705205369946,34.165313504008516,-16.711789733793214
Med,BLUEWATER (L),65-74,Female,HIS,528.4120513231067,431.0229956240407,623.2195709518055,611.6367040299183,611.6367040299183,611.6367040299183,15.749953563402455,41.9034970847397,-1.8585531427065753
Med,BLUEWATER (L),65-74,Female,NHB,495.7194016567943,424.5288409391806,567.751863212277,624.8919877140319,624.8919877140319,624.8919877140319,26.05760146274621,47.196592422693826,10.064277760087363
Med,BLUEWATER (L),65-74,Female,NHW,557.7206167687704,479.41246039046354,633.3229791733312,654.9119152943989,654.9119152943989,654.9119152943989,17.42652066346757,36.60719514069318,3.4088351174699985
Med,BLUEWATER (L),65-74,Female,OTH,628.2715622684407,492.6802313578758,765.200129933621,661.2476695625462,661.2476695625462,661.2476695625462,5.248702834016842,34.21437018897262,-13.58500296910462
Med,BLUEWATER (L),65-74,Male,HIS,578.7856245476864,467.31393809864903,690.4319922960979,621.857702062191,621.857702062191,621.857702062191,7.441801538897044,33.07065151797765,-9.932084694664342
Med,BLUEWATER (L),65-74,Male,NHB,539.22367947202,452.4913115971179,625.6469960825509,615.9736038201047,615.9736038201047,615.9736038201047,14.233411341140343,36.129377080403614,-1.5461422052715905
Med,BLUEWATER (L),65-74,Male,NHW,574.941186743315,499.70961089625683,647.1403775784032,629.9374044232413,629.9374044232413,629.9374044232413,9.56553799727686,26.06069418865364,-2.65830625799233
Med,BLUEWATER (L),65-74,Male,OTH,533.2940561888673,408.5535073078998,655.5286253193216,600.7096755384587,600.7096755384587,600.7096755384587,12.641359596499225,47.03329301876326,-8.36255621242466
Med,BLUEWATER (L),75+,Female,HIS,481.36112567915666,389.5245400662544,572.5520831264448,572.1691279127297,572.1691279127297,572.1691279127297,18.864839179826,46.88910942951352,-0.06688565547155229
Med,BLUEWATER (L),75+,Female,NHB,492.2650029722944,397.80132574743305,585.0076872631392,565.3323209609164,565.3323209609164,565.3323209609164,14.84308605069257,42.11423752766726,-3.363266283605739
Med,BLUEWATER (L),75+,Female,NHW,507.89131555458937,459.9979831810857,556.5879298228762,615.6449855416997,615.6449855416997,615.6449855416997,21.215891409651153,33.83645321317442,10.610552718528657
Med,BLUEWATER (L),75+,Female,OTH,540.1663931662554,383.6679842850939,693.0883785116878,629.1894987622688,629.1894987622688,629.1894987622688,16.480682012480077,63.993224489311096,-9.219441810095418
Med,BLUEWATER (L),75+,Male,HIS,502.5067460953741,382.6238767369035,622.5086386706198,587.7208250852501,587.7208250852501,587.7208250852501,16.95779801007938,53.6027573860409,-5.588326237473554
Med,BLUEWATER (L),75+,Male,NHB,517.4004076849469,402.6551493864431,632.1362726625082,587.6736161901221,587.6736161901221,587.6736161901221,13.581977799284145,45.949609010490974,-7.033713835960231
Med,BLUEWATER (L),75+,Male,NHW,537.254329209783,475.93669577707516,599.1823978535753,622.975844351933,622.975844351933,622.975844351933,15.955481506911806,30.89468617980442,3.9709855602554365
Med,BLUEWATER (L),75+,Male,OTH,555.0235761815964,408.83656927673024,701.9081822005417,638.9659696646569,638.9659696646569,638.9659696646569,15.124113116159895,56.2888493059823,-8.967300016158182
US,BLUEWATER (L),20-34,Female,HIS,517.3112796638852,460.257210919476,573.1480504547789,604.1948575035271,604.1948575035271,604.1948575035271,16.795221997883587,31.27330613604089,5.416891329232197
US,BLUEWATER (L),20-34,Female,NHB,455.0094678056167,406.8085244982654,504.9482938072883,569.7768289981877,569.7768289981877,569.7768289981877,25.22307101565643,40.06019900908375,12.838648231108001
US,BLUEWATER (L),20-34,Female,NHW,487.4023292079631,437.3408964272622,539.6161794081926,588.5320592984939,588.5320592984939,588.5320592984939,20.748717031136948,34.57055219540338,9.064939443429642
US,BLUEWATER (L),20-34,Female,OTH,559.3730267427825,477.93394497749046,639.5211032936057,664.8053185374549,664.8053185374549,664.8053185374549,18.848297424815506,39.09983283752019,3.953617028997578
US,BLUEWATER (L),20-34,Male,HIS,549.4229734142168,488.451166849669,610.1239685674684,597.8223689320596,597.8223689320596,597.8223689320596,8.809132100370668,22.39143019921413,-2.0162459220037166
US,BLUEWATER (L),20-34,Male,NHB,478.7774573222571,420.0321549700254,537.0227831290404,570.134345395291,570.134345395291,570.134345395291,19.081284357868824,35.73588084845012,6.165764899828155
US,BLUEWATER (L),20-34,Male,NHW,498.48188362622176,446.1253415455427,552.0313048320529,555.1485675658031,555.1485675658031,555.1485675658031,11.367852233135897,24.437801637217856,0.564689485263623
US,BLUEWATER (L),20-34,Male,OTH,571.997583891435,501.1493395014736,641.6149189502231,624.0323636578361,624.0323636578361,624.0323636578361,9.097027895187264,24.52024066889968,-2.74035948558595
US,BLUEWATER (L),35-44,Female,HIS,532.7998302199018,468.6241582589246,598.0107491319011,587.9782083819152,587.9782083819152,587.9782083819152,10.356305507687527,25.469034837304537,-1.6776522436343386
US,BLUEWATER (L),35-44,Female,NHB,479.64826396262777,415.59733261072415,542.4954592464339,613.9507451862979,613.9507451862979,613.9507451862979,28.000201671559573,47.72730646020884,13.171591526152243
US,BLUEWATER (L),35-44,Female,NHW,491.21771151972763,425.6565041900989,558.6700563923936,583.574570268589,583.574570268589,583.574570268589,18.801614148465465,37.099883244815565,4.457821497900942
US,BLUEWATER (L),35-44,Female,OTH,573.6734305799814,480.3331954085871,664.4409697136983,674.8745229148162,674.8745229148162,674.8745229148162,17.64088886468403,40.50132894536801,1.570275415980687
US,BLUEWATER (L),35-44,Male,HIS,552.653145145827,482.12008649187027,624.3978872100863,574.3120103134114,574.3120103134114,574.3120103134114,3.919070280848457,19.122191006886354,-8.021468029058672
US,BLUEWATER (L),35-44,Male,NHB,544.7305850431424,461.48770044893894,628.7205857375625,640.2146973569331,640.2146973569331,640.2146973569331,17.528685727501145,38.72844210888549,1.828174849068559
US,BLUEWATER (L),35-44,Male,NHW,586.4948764371999,482.56192882447584,688.8732523007033,681.4952877511873,681.4952877511873,681.4952877511873,16.19799509436291,41.22442054459508,-1.0710191642475522
US,BLUEWATER (L),35-44,Male,OTH,587.0027366133077,486.166204577615,686.0978020579104,595.8382063999479,595.8382063999479,595.8382063999479,1.5051837471178078,22.55854084255338,-13.155499899173858
US,BLUEWATER (L),45-54,Female,HIS,553.0227743558838,484.49392038930137,621.2618853751227,624.1487097430476,624.1487097430476,624.1487097430476,12.861303129876609,28.824879627288315,0.4646710889372824
US,BLUEWATER (L),45-54,Female,NHB,519.2381201912898,442.6136956015495,596.5454210884028,623.6562721639325,623.6562721639325,623.6562721639325,20.109877898443695,40.90306702243607,4.54464155069126
US,BLUEWATER (L),45-54,Female,NHW,500.990602502166,413.2420197228269,587.7360107227945,596.62175253936,596.62175253936,596.62175253936,19.088411950158406,44.37586790896315,1.5118593474709685
US,BLUEWATER (L),45-54,Female,OTH,607.6140000459217,441.15345589785653,781.054066087854,629.7527507260016,629.7527507260016,629.7527507260016,3.6435550659475893,42.75140369110309,-19.37142663115383
US,BLUEWATER (L),45-54,Male,HIS,552.1434535381368,473.9209075661647,628.2480597925025,605.7692828356193,605.7692828356193,605.7692828356193,9.712300119443238,27.8207551438416,-3.578009769629461
US,BLUEWATER (L),45-54,Male,NHB,549.6285896919853,465.6568291939862,634.7187317360837,627.2145163020435,627.2145163020435,627.2145163020435,14.116064568900565,34.69458128375363,-1.182289896111084
US,BLUEWATER (L),45-54,Male,NHW,519.7345171297093,455.0613322848233,581.5146390616928,600.3722542843607,600.3722542843607,600.3722542843607,15.515178326038864,31.932162038454,3.242844454113088
US,BLUEWATER (L),45-54,Male,OTH,600.9463247591426,472.8765780507178,729.3644869553442,591.6455732350181,591.6455732350181,591.6455732350181,-1.5476842341705341,25.116277840168667,-18.8820426800898
US,BLUEWATER (L),55-64,Female,HIS,544.414738655608,473.56922217609673,615.6967958395996,616.1692598114597,616.1692598114597,616.1692598114597,13.180120974138992,30.111762115811054,0.07673646753606805
US,BLUEWATER (L),55-64,Female,NHB,499.6235394102374,430.62743073833946,568.8599103551342,603.5267089583327,603.5267089583327,603.5267089583327,20.79629187822977,40.150549147216644,6.094083617450981
US,BLUEWATER (L),55-64,Female,NHW,521.5474987819352,455.33259526759076,587.2069452995265,595.0351829970508,595.0351829970508,595.0351829970508,14.090314762652437,30.681437960170488,1.333130978812113
US,BLUEWATER (L),55-64,Female,OTH,607.5371832529229,478.76725809523396,738.1312839662719,670.7258930282301,670.7258930282301,670.7258930282301,10.400797106273773,40.09435308853403,-9.131897319924708
US,BLUEWATER (L),55-64,Male,HIS,572.3804799854469,493.72707372023933,650.232038778126,602.2835107165595,602.2835107165595,602.2835107165595,5.2243274843811776,21.987134750044415,-7.374064211241932
US,BLUEWATER (L),55-64,Male,NHB,519.337789971106,451.2840343351463,588.9224348775052,615.8892075039342,615.8892075039342,615.8892075039342,18.591255902675606,36.474849683368994,4.579002433832914
US,BLUEWATER (L),55-64,Male,NHW,551.0670484215395,468.43026003424774,634.2346331984816,619.6625595411397,619.6625595411397,619.6625595411397,12.447761359726211,32.28491248533668,-2.2975840319305942
US,BLUEWATER (L),55-64,Male,OTH,566.0603378391771,426.4968836787931,700.7635234405898,569.127258764669,569.127258764669,569.127258764669,0.541801062621568,33.442301818386774,-18.784691307791903
US,BLUEWATER (L),65-74,Female,HIS,527.1653123175622,426.4362155001551,626.0857192219052,594.9259058321121,594.9259058321121,594.9259058321121,12.853765589517998,39.511111910216215,-4.9769244742586105
US,BLUEWATER (L),65-74,Female,NHB,496.1518154091144,424.8139412482928,568.5668508391007,609.7332417865056,609.7332417865056,609.7332417865056,22.892474208470798,43.52948022252693,7.240378310246342
US,BLUEWATER (L),65-74,Female,NHW,558.9733927354123,481.8791819033152,635.0270919184898,632.1005775557518,632.1005775557518,632.1005775557518,13.082408889353692,31.174078751253703,-0.4608487417279536
US,BLUEWATER (L),65-74,Female,OTH,629.3897528067982,493.9083865337796,768.2836861433171,645.7734861429808,645.7734861429808,645.7734861429808,2.603114089976584,30.747625217498666,-15.945958792294732
US,BLUEWATER (L),65-74,Male,HIS,578.2745431493033,464.7488637912206,691.7295891907203,604.6766144368281,604.6766144368281,604.6766144368281,4.565663766511005,30.108250185732004,-12.584827382581482
US,BLUEWATER (L),65-74,Male,NHB,539.5908922232609,454.0369798444015,627.0860241568746,597.1081500861468,597.1081500861468,597.1081500861468,10.659419699598562,31.51090695096593,-4.780504255541886
US,BLUEWATER (L),65-74,Male,NHW,574.8320515194276,499.88197779267955,648.932966750767,604.3876074031169,604.3876074031169,604.3876074031169,5.1415984556822165,20.906060680943355,-6.864400736287212
US,BLUEWATER (L),65-74,Male,OTH,530.647892279261,410.7239067764986,650.8276287041231,582.7513041816871,582.7513041816871,582.7513041816871,9.818829521517443,41.88395040242928,-10.459962288015364
US,BLUEWATER (L),75+,Female,HIS,480.98946018154777,390.72183878503273,573.3014250485018,560.4404130444779,560.4404130444779,560.4404130444779,16.518231570592338,43.43718661521269,-2.2433246180987347
US,BLUEWATER (L),75+,Female,NHB,491.98719813021046,398.0807474874533,585.7245724578262,548.8570671116208,548.8570671116208,548.8570671116208,11.559217231168496,37.875813029345174,-6.294341586439062
US,BLUEWATER (L),75+,Female,NHW,507.2591002638008,458.46367809860465,555.6611918911232,593.193608673458,593.193608673458,593.193608673458,16.940949578818174,29.38726381414149,6.75455067405337
US,BLUEWATER (L),75+,Female,OTH,539.8775782372455,389.20502769054315,697.7125152247356,607.9741389136959,607.9741389136959,607.9741389136959,12.61333372998977,56.20922024601801,-12.86179828408763
US,BLUEWATER (L),75+,Male,HIS,501.3818487837252,380.12951873423293,620.8844585621683,574.1065710039957,574.1065710039957,574.1065710039957,14.504857404927876,51.02919997259712,-7.534072871867329
US,BLUEWATER (L),75+,Male,NHB,517.4802596275872,401.6487583513023,632.4850269919407,570.6756321911707,570.6756321911707,570.6756321911707,10.279691171575593,42.08325566191069,-9.772467673224073
US,BLUEWATER (L),75+,Male,NHW,537.092596161701,476.69069823938696,601.666610686088,598.1658524525193,598.1658524525193,598.1658524525193,11.371085121499457,25.48301333795469,-0.5818435278595165
US,BLUEWATER (L),75+,Male,OTH,556.8751470701795,412.6852315670089,702.2224914308122,609.3745293923375,609.3745293923375,609.3745293923375,9.427496019236395,47.66085209264186,-13.222014841662567
Veg,BLUEWATER (L),20-34,Female,HIS,517.401382708202,460.26939078293253,574.1746754374392,526.1046429778646,526.1046429778646,526.1046429778646,1.6821099750657078,14.3036346785834,-8.372022402930272
Veg,BLUEWATER (L),20-34,Female,NHB,454.6655679905245,405.0254822822783,504.4938245622513,480.13139821832635,480.13139821832635,480.13139821832635,5.601002587539812,18.543503858777896,-4.8290831637164615
Veg,BLUEWATER (L),20-34,Female,NHW,487.1712894155857,436.7890765730368,538.7036372881887,501.08643442384783,501.08643442384783,501.08643442384783,2.8563146701347777,14.720459210032386,-6.982912358584448
Veg,BLUEWATER (L),20-34,Female,OTH,559.0915971842094,478.60392232296346,642.2858692292825,585.7509031675579,585.7509031675579,585.7509031675579,4.768325282943723,22.387401324365104,-8.80215006591447
Veg,BLUEWATER (L),20-34,Male,HIS,549.7977421000816,490.26160546462467,609.7298726278481,526.6188129648219,526.6188129648219,526.6188129648219,-4.21590111423926,7.415879011317082,-13.63080003031989
Veg,BLUEWATER (L),20-34,Male,NHB,478.3008491836753,420.79596965777677,537.3250771871278,478.9713445360677,478.9713445360677,478.9713445360677,0.1401827643703175,13.8250789154667,-10.860042668497668
Veg,BLUEWATER (L),20-34,Male,NHW,498.59086194959986,445.5770956097434,551.6545223470343,469.63713795382233,469.63713795382233,469.63713795382233,-5.807110840852979,5.399748456808422,-14.867526879733722
Veg,BLUEWATER (L),20-34,Male,OTH,572.0761164908516,500.79311710510586,640.1219679228745,546.11910203809,546.11910203809,546.11910203809,-4.537335802792031,9.050840234186195,-14.685149173963447
Veg,BLUEWATER (L),35-44,Female,HIS,532.3897577906797,467.0316700197641,597.1361318060626,510.55509515161305,510.55509515161305,510.55509515161305,-4.1012552025186455,9.319159261727822,-14.499379964260694
Veg,BLUEWATER (L),35-44,Female,NHB,478.5931880579963,414.3545085824589,542.3805773458679,524.1663153633829,524.1663153633829,524.1663153633829,9.522310062604559,26.501897410649462,-3.3582069018061587
Veg,BLUEWATER (L),35-44,Female,NHW,491.4850537541576,422.91751592118027,560.7800181257074,503.164694704124,503.164694704124,503.164694704124,2.376397992319938,18.97466426949776,-10.27413986934679
Veg,BLUEWATER (L),35-44,Female,OTH,574.3342979272131,485.1268137341385,663.3769821999924,602.315309446426,602.315309446426,602.315309446426,4.871903283540099,24.156260259097877,-9.204671610863608
Veg,BLUEWATER (L),35-44,Male,HIS,552.3821497560288,482.07556567899786,623.1453210563316,492.2281613022653,492.2281613022653,492.2281613022653,-10.88992257992619,2.1060174682298207,-21.009089746857224
Veg,BLUEWATER (L),35-44,Male,NHB,544.3578873204069,461.41203203278735,629.5232967014174,558.9578941234544,558.9578941234544,558.9578941234544,2.682060303179541,21.14072787849094,-11.209339344185091
Veg,BLUEWATER (L),35-44,Male,NHW,587.0145673673128,482.8131669724569,689.7336688028508,596.1220337382895,596.1220337382895,596.1220337382895,1.5514889880539988,23.46847072882263,-13.572142306325302
Veg,BLUEWATER (L),35-44,Male,OTH,585.8655045902906,487.14528852097953,684.4912103940732,515.0375279780858,515.0375279780858,515.0375279780858,-12.089460133300808,5.7256510766613,-24.75615169965879
Veg,BLUEWATER (L),45-54,Female,HIS,552.6389216325264,482.78097504232517,621.5404755765978,547.1985571426259,547.1985571426259,547.1985571426259,-0.9844338277567134,13.343024151822313,-11.960913465049172
Veg,BLUEWATER (L),45-54,Female,NHB,519.5674037434243,442.7177028921338,595.9671876220199,542.5261750515996,542.5261750515996,542.5261750515996,4.418824418691387,22.544495399088138,-8.967106525387129
Veg,BLUEWATER (L),45-54,Female,NHW,500.2518809180034,412.61436551192014,588.1447436927566,510.13593160004467,510.13593160004467,510.13593160004467,1.9758147963188526,23.635038970863754,-13.263539788338786
Veg,BLUEWATER (L),45-54,Female,OTH,608.6274876231112,443.767049680471,773.5058087894599,553.5065413351977,553.5065413351977,553.5065413351977,-9.05659823271847,24.72907615239644,-28.441837792861847
Veg,BLUEWATER (L),45-54,Male,HIS,551.9451155152319,475.5298054822672,631.8302882778537,537.8986897908378,537.8986897908378,537.8986897908378,-2.5448953762879123,13.115662486249011,-14.866586839804762
Veg,BLUEWATER (L),45-54,Male,NHB,548.6460954558105,468.4792320395091,631.3381351096488,560.2108768939646,560.2108768939646,560.2108768939646,2.1078763767645503,19.580728147778242,-11.266111495598313
Veg,BLUEWATER (L),45-54,Male,NHW,519.0692785097156,455.09337465171996,581.041631546645,513.130989640156,513.130989640156,513.130989640156,-1.1440262630469624,12.752902639563121,-11.68774115646776
Veg,BLUEWATER (L),45-54,Male,OTH,599.9713904817363,471.2215354763786,728.5518549396145,507.01681638170015,507.01681638170015,507.01681638170015,-15.493167770116495,7.596274408200489,-30.407586921355943
Veg,BLUEWATER (L),55-64,Female,HIS,545.2482799642702,474.60581173202934,619.3101396171229,542.9158837071847,542.9158837071847,542.9158837071847,-0.4277677422913394,14.393012113750595,-12.335379484851899
Veg,BLUEWATER (L),55-64,Female,NHB,499.77872522522,430.7159714194863,568.7141069210287,507.2560869557179,507.2560869557179,507.2560869557179,1.4961344597308102,17.770438204086698,-10.806487691687389
Veg,BLUEWATER (L),55-64,Female,NHW,521.3027058836454,454.94769959505277,587.103738666735,509.1827666256383,509.1827666256383,509.1827666256383,-2.324933118745851,11.921165241380482,-13.272096038435887
Veg,BLUEWATER (L),55-64,Female,OTH,608.8742170767939,476.1890454802392,736.6727464685032,608.1879097609045,608.1879097609045,608.1879097609045,-0.11271742120800524,27.71984478297768,-17.441236603842807
Veg,BLUEWATER (L),55-64,Male,HIS,572.3751103024662,492.36591289320825,651.6421530177614,530.0809528735955,530.0809528735955,530.0809528735955,-7.389237698774275,7.65996162463169,-18.654594332367047
Veg,BLUEWATER (L),55-64,Male,NHB,520.1703185908485,452.622494559243,587.7114139845096,527.6514959237428,527.6514959237428,527.6514959237428,1.4382168811863258,16.576507413216813,-10.219287329061435
Veg,BLUEWATER (L),55-64,Male,NHW,549.8953661805523,467.89916023380385,629.7210803264866,537.6705764975122,537.6705764975122,537.6705764975122,-2.223111965454566,14.911635282449407,-14.6176627565413
Veg,BLUEWATER (L),55-64,Male,OTH,566.7659079757876,432.91740985034943,699.5377898431842,484.88183298926486,484.88183298926486,484.88183298926486,-14.447600646794879,12.00331101419055,-30.68539826876814
Veg,BLUEWATER (L),65-74,Female,HIS,527.6960138376571,431.8871851253298,626.1629230026288,528.2735350504684,528.2735350504684,528.2735350504684,0.10944202678569137,22.31748318653357,-15.633213714212435
Veg,BLUEWATER (L),65-74,Female,NHB,495.5939202903353,425.7712266863642,568.437170567089,527.0794281177798,527.0794281177798,527.0794281177798,6.3530859718777934,23.794045976254353,-7.2756928277666155
Veg,BLUEWATER (L),65-74,Female,NHW,557.3846407577669,480.92798159373615,635.500029016561,549.3505701517129,549.3505701517129,549.3505701517129,-1.4413871532469296,14.227200574030373,-13.556169147335021
Veg,BLUEWATER (L),65-74,Female,OTH,629.5403518069788,488.8178247537009,764.2337275589194,579.1335326812514,579.1335326812514,579.1335326812514,-8.00692425529897,18.476353224855817,-24.22036455639123
Veg,BLUEWATER (L),65-74,Male,HIS,578.1112297547882,467.60984243767655,691.1678446189298,544.1650383866021,544.1650383866021,544.1650383866021,-5.871913504012836,16.371596361154197,-21.26875655122189
Veg,BLUEWATER (L),65-74,Male,NHB,539.3928484111427,454.0218551857464,627.2046059274485,512.520472741318,512.520472741318,512.520472741318,-4.981967363672144,12.884537800859622,-18.284963487560304
Veg,BLUEWATER (L),65-74,Male,NHW,575.1020245987737,498.68776733044325,650.8728478968599,517.4037915190008,517.4037915190008,517.4037915190008,-10.032695176134476,3.753054599423504,-20.506164423532557
Veg,BLUEWATER (L),65-74,Male,OTH,532.4079413720418,410.9227944248363,658.1436632424604,513.9451106249414,513.9451106249414,513.9451106249414,-3.467797775427757,25.070966516789177,-21.909889993789424
Veg,BLUEWATER (L),75+,Female,HIS,482.21109440863034,390.2714768024645,572.6877155906443,479.56330776932407,479.56330776932407,479.56330776932407,-0.549092849585604,22.879415041662014,-16.260940349536906
Veg,BLUEWATER (L),75+,Female,NHB,492.50497886122963,399.45149520171645,588.88843684972,465.9186941262603,465.9186941262603,465.9186941262603,-5.398175830920975,16.63961700555883,-20.881670453794417
Veg,BLUEWATER (L),75+,Female,NHW,507.77021000058164,458.79616010288754,556.4386726838741,505.24645302251537,505.24645302251537,505.24645302251537,-0.49702738135492097,10.12438572049319,-9.199975158887314
Veg,BLUEWATER (L),75+,Female,OTH,537.4413677379424,386.9941733455219,696.1596435857348,522.1149040014126,522.1149040014126,522.1149040014126,-2.8517461915962987,34.91544316747378,-25.00069361789828
Veg,BLUEWATER (L),75+,Male,HIS,502.976696843,379.9635047575623,626.0172306015397,505.35998540511486,505.35998540511486,505.35998540511486,0.47383677555518355,33.00224339376026,-19.273789809345242
Veg,BLUEWATER (L),75+,Male,NHB,517.3776370860227,404.90139934272963,633.4686040580964,488.70981409995505,488.70981409995505,488.70981409995505,-5.5409861059188215,20.69847496039045,-22.851770242565212
Veg,BLUEWATER (L),75+,Male,NHW,538.2057484528176,476.6194117639529,599.5688987702534,513.3546422390328,513.3546422390328,513.3546422390328,-4.6173988823464525,7.707455795626131,-14.379374365156442
Veg,BLUEWATER (L),75+,Male,OTH,556.7324360439187,409.2540659963046,699.3474221776203,530.7784413857219,530.7784413857219,530.7784413857219,-4.661843459781716,29.694115584062295,-24.103753791929364
Vegan,BLUEWATER (L),20-34,Female,HIS,517.1667791276953,459.8234382414944,575.3353513586086,458.69914872704646,458.69914872704646,458.69914872704646,-11.305372417630185,-0.24450461219366085,-20.27273352074317
Vegan,BLUEWATER (L),20-34,Female,NHB,455.3625683409368,406.0305625510102,505.37945907182035,410.2043110135,410.2043110135,410.2043110135,-9.916989332690632,1.0279394822564516,-18.832413219389444
Vegan,BLUEWATER (L),20-34,Female,NHW,487.28217925014997,436.4005725387085,538.9431200904849,435.33908420385774,435.33908420385774,435.33908420385774,-10.659756760697553,-0.24323715449676941,-19.223556628616524
Vegan,BLUEWATER (L),20-34,Female,OTH,560.386527882055,478.5177625423708,640.3458846863861,533.836805654043,533.836805654043,533.836805654043,-4.737751695843755,11.560499409209275,-16.633054350697765
Vegan,BLUEWATER (L),20-34,Male,HIS,549.5033298125442,489.18487303616166,608.8909820077154,461.20567461679167,461.20567461679167,461.20567461679167,-16.06862968889999,-5.719555113328639,-24.254802871928945
Vegan,BLUEWATER (L),20-34,Male,NHB,478.75121443226743,420.07892164335607,538.286004132748,405.1699453023162,405.1699453023162,405.1699453023162,-15.369416705753618,-3.549089366996968,-24.729615447628042
Vegan,BLUEWATER (L),20-34,Male,NHW,499.4311693533325,446.6188727996793,551.6633725692869,393.51606701133636,393.51606701133636,393.51606701133636,-21.20714701870447,-11.889960102998378,-28.667356475272943
Vegan,BLUEWATER (L),20-34,Male,OTH,572.5192451343264,503.37757004517044,640.4616581467766,487.5045282971848,487.5045282971848,487.5045282971848,-14.849233027475817,-3.1533073169234185,-23.882324242825813
Vegan,BLUEWATER (L),35-44,Female,HIS,532.3534123687499,467.33945927044584,595.463596110858,447.204646310176,447.204646310176,447.204646310176,-15.994781677024958,-4.308391376089217,-24.89807114473553
Vegan,BLUEWATER (L),35-44,Female,NHB,478.72732998264274,416.1988134040759,541.8101891583769,446.4816239013183,446.4816239013183,446.4816239013183,-6.73571447915739,7.27604441001653,-17.594457831281773
Vegan,BLUEWATER (L),35-44,Female,NHW,491.49495007619225,423.01147480120795,559.1874215108807,434.3660258265884,434.3660258265884,434.3660258265884,-11.623501775704442,2.684218207252284,-22.32192479348599
Vegan,BLUEWATER (L),35-44,Female,OTH,572.9830143334958,482.25450428765606,666.2927564618619,552.8925215316696,552.8925215316696,552.8925215316696,-3.506298144840451,14.647456190866222,-17.01958093201683
Vegan,BLUEWATER (L),35-44,Male,HIS,552.7144002924739,480.35516516732406,624.2671078527563,417.0319258712365,417.0319258712365,417.0319258712365,-24.548387801989552,-13.182587362005341,-33.19655630973907
Vegan,BLUEWATER (L),35-44,Male,NHB,544.1327426077266,459.6255944901026,627.4740038089828,485.0530876474538,485.0530876474538,485.0530876474538,-10.85758130950488,5.532218715008643,-22.697500660901508
Vegan,BLUEWATER (L),35-44,Male,NHW,586.3311893355822,480.6693022432226,691.760613094647,528.5009890767708,528.5009890767708,528.5009890767708,-9.863060555305493,9.951059202308901,-23.600595484545025
Vegan,BLUEWATER (L),35-44,Male,OTH,586.2982226221183,486.2313089844254,684.0183599085125,461.96043869008065,461.96043869008065,461.96043869008065,-21.207259229945844,-4.991630494761537,-32.46373697456485
Vegan,BLUEWATER (L),45-54,Female,HIS,552.3738593063028,483.6078223145882,620.7004879492517,491.3026975935242,491.3026975935242,491.3026975935242,-11.056128142898485,1.5911395399081214,-20.847057939852473
Vegan,BLUEWATER (L),45-54,Female,NHB,519.6148154468696,441.6192856684313,597.3300593652922,469.4335339302723,469.4335339302723,469.4335339302723,-9.657400063437622,6.298241305232305,-21.411366032862887
Vegan,BLUEWATER (L),45-54,Female,NHW,501.0777035966592,412.134387044893,589.5767691318503,445.84014665984665,445.84014665984665,445.84014665984665,-11.023750715772387,8.178341986125547,-24.379627895389312
Vegan,BLUEWATER (L),45-54,Female,OTH,604.9324915791844,443.46964134427634,775.718897821886,495.1281846404231,495.1281846404231,495.1281846404231,-18.151497641020356,11.648721463673537,-36.1717000796711
Vegan,BLUEWATER (L),45-54,Male,HIS,551.3742712180534,474.91382713649716,631.1870072777378,477.45362749375187,477.45362749375187,477.45362749375187,-13.406618259680814,0.5347918321453147,-24.356233257561257
Vegan,BLUEWATER (L),45-54,Male,NHB,550.037581321679,466.5063855228422,633.4996668284167,493.9501779557213,493.9501779557213,493.9501779557213,-10.19701294431299,5.882833179683309,-22.028344477486893
Vegan,BLUEWATER (L),45-54,Male,NHW,519.1144852149123,455.7976550662924,580.0430682480632,446.8264267954668,446.8264267954668,446.8264267954668,-13.925263208465166,-1.9682480089812735,-22.966681052660128
Vegan,BLUEWATER (L),45-54,Male,OTH,599.7981828083222,472.96522397650875,729.1350784255493,458.6569140200587,458.6569140200587,458.6569140200587,-23.53145988662791,-3.025235097868572,-37.095755287147206
Vegan,BLUEWATER (L),55-64,Female,HIS,545.8729472260724,474.43401341986686,617.9152297536144,493.46827110502807,493.46827110502807,493.46827110502807,-9.60015996164415,4.011992636859318,-20.139810876357256
Vegan,BLUEWATER (L),55-64,Female,NHB,500.0980574446332,431.73700219631843,569.2191576366714,438.88336102222365,438.88336102222365,438.88336102222365,-12.240538732583806,1.6552574343988355,-22.897296211108937
Vegan,BLUEWATER (L),55-64,Female,NHW,521.6132260797543,455.5276933545364,588.4843096065321,453.1478005444394,453.1478005444394,453.1478005444394,-13.125707346394359,-0.5224474482706609,-22.997471105487985
Vegan,BLUEWATER (L),55-64,Female,OTH,607.0371519400353,476.47215567276766,734.0328647958322,560.0979755811189,560.0979755811189,560.0979755811189,-7.732504708962713,17.551040268087345,-23.69579041438321
Vegan,BLUEWATER (L),55-64,Male,HIS,572.512407148488,493.6556820524061,651.4469058991548,475.70700102376003,475.70700102376003,475.70700102376003,-16.90887479747148,-3.6358704419289305,-26.97685771226913
Vegan,BLUEWATER (L),55-64,Male,NHB,519.7414762119689,451.2192013574495,588.1987770605118,451.00157596024667,451.00157596024667,451.00157596024667,-13.225786934057904,-0.0482305266593528,-23.324972177925964
Vegan,BLUEWATER (L),55-64,Male,NHW,551.0470462349004,468.78453365869603,631.7313250724588,477.86170205614104,477.86170205614104,477.86170205614104,-13.281142631796621,1.9363199392695287,-24.356813871572562
Vegan,BLUEWATER (L),55-64,Male,OTH,566.2876003385915,433.0632598768661,701.9526451161996,433.976382344354,433.976382344354,433.976382344354,-23.36466804413988,0.2108519821671245,-38.17583203600371
Vegan,BLUEWATER (L),65-74,Female,HIS,526.0334664731961,426.4942345477135,622.9157687937659,481.3681721446384,481.3681721446384,481.3681721446384,-8.490960590020487,12.866278873644635,-22.723392750712478
Vegan,BLUEWATER (L),65-74,Female,NHB,496.65660031674634,425.6595489344033,567.9256674608965,466.5246343866678,466.5246343866678,466.5246343866678,-6.0669617419483926,9.60041553268715,-17.854631139947642
Vegan,BLUEWATER (L),65-74,Female,NHW,557.2530803878735,481.5120666284561,633.0371355815805,489.42772436855046,489.42772436855046,489.42772436855046,-12.17137390646877,1.6439167964200165,-22.68577989205862
Vegan,BLUEWATER (L),65-74,Female,OTH,628.7034323374795,487.7972319791751,766.0026805200845,529.7073449861621,529.7073449861621,529.7073449861621,-15.746070763961995,8.591707836664437,-30.847847082400225
Vegan,BLUEWATER (L),65-74,Male,HIS,577.6657265617187,466.4930260329366,691.1422084355249,496.8101599835593,496.8101599835593,496.8101599835593,-13.996947172097919,6.498946877821525,-28.11751996623925
Vegan,BLUEWATER (L),65-74,Male,NHB,539.1321286004849,452.2724995088466,626.0545762256176,453.6843748967544,453.6843748967544,453.6843748967544,-15.84913032831886,0.3121736098129004,-27.532775555775892
Vegan,BLUEWATER (L),65-74,Male,NHW,575.1740930111725,499.778030144509,650.7702235757145,462.22362651864154,462.22362651864154,462.22362651864154,-19.637613700785543,-7.514216584312186,-28.972837143821206
Vegan,BLUEWATER (L),65-74,Male,OTH,531.8248189379393,411.4010393981384,653.0420804088815,468.82252779185546,468.82252779185546,468.82252779185546,-11.846436815773322,13.957545775217826,-28.209445936727818
Vegan,BLUEWATER (L),75+,Female,HIS,480.6598413535494,391.01920033818317,571.2590756662016,428.55131920427397,428.55131920427397,428.55131920427397,-10.841039268547295,9.59853603956792,-24.98126726398212
Vegan,BLUEWATER (L),75+,Female,NHB,492.3924027080554,400.9341415909149,585.291977882547,411.4146368330001,411.4146368330001,411.4146368330001,-16.44577890107453,2.6140191505014636,-29.707795018581244
Vegan,BLUEWATER (L),75+,Female,NHW,507.73711484090643,458.8164292448145,556.5034491806024,450.2769636398998,450.2769636398998,450.2769636398998,-11.316909778992835,-1.8611943820255477,-19.088198949550236
Vegan,BLUEWATER (L),75+,Female,OTH,541.0286646801771,382.20020677923884,695.0663554952665,476.2556696286687,476.2556696286687,476.2556696286687,-11.972192839319932,24.608951324758674,-31.48054630132186
Vegan,BLUEWATER (L),75+,Male,HIS,502.2866892628923,381.3117624710412,621.6760145883151,448.8150977337959,448.8150977337959,448.8150977337959,-10.645631801942871,17.702924983301877,-27.80562749698342
Vegan,BLUEWATER (L),75+,Male,NHB,518.529679042706,405.6629006970577,630.2846101385617,428.6812467521398,428.6812467521398,428.6812467521398,-17.327538986088832,5.674254662067767,-31.986083769695945
Vegan,BLUEWATER (L),75+,Male,NHW,536.6784844965567,475.7690012462492,599.296562990929,459.1399398192496,459.1399398192496,459.1399398192496,-14.44785787342377,-3.4951964889349143,-23.3868558284725
Vegan,BLUEWATER (L),75+,Male,OTH,554.9181570992833,411.19848619773865,703.1285188159766,471.81886720351906,471.81886720351906,471.81886720351906,-14.975053317798817,14.742364828801696,-32.89720803843487
Med,CED (mJ),20-34,Female,HIS,21.496117759246996,18.768578036932787,24.208005783116185,35.811749341871796,35.811749341871796,35.811749341871796,66.59635820271144,90.80693951028935,47.93349630992162
Med,CED (mJ),20-34,Female,NHB,22.560026637561588,19.775260901487705,25.210246531444895,35.71396269706888,35.71396269706888,35.71396269706888,58.30638531962763,80.59919853892849,41.66447223164849
Med,CED (mJ),20-34,Female,NHW,19.694617614664427,17.367316530357847,22.059815311450517,34.057687358097866,34.057687358097866,34.057687358097866,72.92890892554742,96.1021859569696,54.387907955057315
Med,CED (mJ),20-34,Female,OTH,19.794237100172406,16.838919088464174,22.64552998801852,32.310605075346345,32.310605075346345,32.310605075346345,63.23238380864359,91.88051742276824,42.67983611971767
Med,CED (mJ),20-34,Male,HIS,22.67804855436378,19.561845049603807,25.797182987876692,30.59156284543083,30.59156284543083,30.59156284543083,34.895040779619045,56.38383172885019,18.584896885087186
Med,CED (mJ),20-34,Male,NHB,20.954092145094084,17.721804923676792,24.073125774186995,35.29197338780658,35.29197338780658,35.29197338780658,68.42520851503166,99.14435092700735,46.60320275337601
Med,CED (mJ),20-34,Male,NHW,19.331072740052953,17.003683630654624,21.625890400228997,30.928998485789094,30.928998485789094,30.928998485789094,59.996286298720804,81.89587125715276,43.01838173313588
Med,CED (mJ),20-34,Male,OTH,20.279837060826818,17.739153378296187,22.902175410871017,31.640077394988804,31.640077394988804,31.640077394988804,56.017414242966424,78.36295070147126,38.153152822199374
Med,CED (mJ),35-44,Female,HIS,21.771146308407218,18.679891578468975,25.05450261019636,34.59258155436305,34.59258155436305,34.59258155436305,58.89187029625842,85.18620094259828,38.06932068284208
Med,CED (mJ),35-44,Female,NHB,22.423957727603568,18.73899692753541,26.152409980403675,34.27727725751745,34.27727725751745,34.27727725751745,52.860069011468994,82.91948811384783,31.06737498839241
Med,CED (mJ),35-44,Female,NHW,18.458329717523505,16.055003149649448,20.89022608458012,31.068235088741776,31.068235088741776,31.068235088741776,68.315527808819,93.51123633644465,48.721392305440084
Med,CED (mJ),35-44,Female,OTH,22.187226211136537,18.20798312362366,25.98827226495781,32.04672199728185,32.04672199728185,32.04672199728185,44.437712458155275,76.00368903958032,23.31224511793791
Med,CED (mJ),35-44,Male,HIS,23.184154219443183,20.232299006065464,26.265627436065603,36.118925761017564,36.118925761017564,36.118925761017564,55.79143159221548,78.52111492712434,37.51404130335869
Med,CED (mJ),35-44,Male,NHB,21.816745037871357,18.572465760703782,24.967756141722873,34.95581688313042,34.95581688313042,34.95581688313042,60.224711901116066,88.2131179215366,40.003838089065574
Med,CED (mJ),35-44,Male,NHW,21.86917937090246,17.13654620160992,26.54028661393953,33.97757167543924,33.97757167543924,33.97757167543924,55.36738301505418,98.275494231429,28.02262526280893
Med,CED (mJ),35-44,Male,OTH,21.76020849062126,16.759770057740862,26.758902471290327,31.02302925764484,31.02302925764484,31.02302925764484,42.56770228564628,85.10414612350951,15.9353575541056
Med,CED (mJ),45-54,Female,HIS,21.53663317146644,18.577590889676095,24.573769453127905,30.91766982954092,30.91766982954092,30.91766982954092,43.558510670568836,66.42453810694275,25.81573978104333
Med,CED (mJ),45-54,Female,NHB,21.67402712656826,18.420831472544165,24.92349704610851,33.49929481643363,33.49929481643363,33.49929481643363,54.5596239259562,81.85549803418797,34.408485111298326
Med,CED (mJ),45-54,Female,NHW,19.403196915253588,16.28825472602676,22.49244067197848,32.636291755863454,32.636291755863454,32.636291755863454,68.20059033780576,100.3670270683722,45.09893449012131
Med,CED (mJ),45-54,Female,OTH,21.30950697019564,15.410689714677122,27.0958439419393,33.209291934157136,33.209291934157136,33.209291934157136,55.84261043958,115.49516958042862,22.56230883716953
Med,CED (mJ),45-54,Male,HIS,21.229864221666187,17.5505660503953,24.937739926998486,33.87540134191468,33.87540134191468,33.87540134191468,59.56485160815613,93.01600441059101,35.83990145490276
Med,CED (mJ),45-54,Male,NHB,24.437598427142667,20.34288882330109,28.501695630534016,37.86393947664974,37.86393947664974,37.86393947664974,54.94132776400209,86.12862610387832,32.84802408768236
Med,CED (mJ),45-54,Male,NHW,21.642024681350037,18.87972782465853,24.32869828529579,35.797012916293156,35.797012916293156,35.797012916293156,65.40510161760025,89.60555601622187,47.13903923881036
Med,CED (mJ),45-54,Male,OTH,24.614923496957392,19.550821551676066,29.51658897389273,35.16380691100114,35.16380691100114,35.16380691100114,42.855641681550125,79.85846179434128,19.13235280032982
Med,CED (mJ),55-64,Female,HIS,20.81800852693018,17.60557522054476,23.96911522056095,30.527143549357977,30.527143549357977,30.527143549357977,46.6381547008594,73.39475232672001,27.360327106156518
Med,CED (mJ),55-64,Female,NHB,21.92860632155645,18.442014602857654,25.31689029274058,32.31298112672282,32.31298112672282,32.31298112672282,47.355379785163215,75.21394393493111,27.634084411971838
Med,CED (mJ),55-64,Female,NHW,19.65089387650516,16.778833583500926,22.566170167774615,29.294342265199845,29.294342265199845,29.294342265199845,49.07384086087047,74.59105318265836,29.81530338290777
Med,CED (mJ),55-64,Female,OTH,20.622347544584446,15.254661639233372,25.70313885537344,31.982144464683063,31.982144464683063,31.982144464683063,55.08488738025253,109.65489252431779,24.42894482514516
Med,CED (mJ),55-64,Male,HIS,24.041064575259433,19.550662800758577,28.246784858364556,33.64636356843488,33.64636356843488,33.64636356843488,39.95371737015432,72.09832685124815,19.11572852324599
Med,CED (mJ),55-64,Male,NHB,21.661149360755818,18.655081940130064,24.785209419770887,30.317547016962443,30.317547016962443,30.317547016962443,39.96278088497784,62.51628973949749,22.321125085102054
Med,CED (mJ),55-64,Male,NHW,21.53806821802535,17.84740173752953,25.316710830385464,32.3086289309414,32.3086289309414,32.3086289309414,50.00708793327202,81.02707276994158,27.617798170543317
Med,CED (mJ),55-64,Male,OTH,23.949410234729516,17.584424803563838,30.14145888221413,32.764418006159026,32.764418006159026,32.764418006159026,36.80678432175625,86.32635626226828,8.702163801011803
Med,CED (mJ),65-74,Female,HIS,19.345528312325648,16.0684502659181,22.5566089225679,28.411009308118825,28.411009308118825,28.411009308118825,46.860860295127075,76.81237977491735,25.954257599836268
Med,CED (mJ),65-74,Female,NHB,21.019303867332496,17.84258111582317,24.194796978667178,29.988317070740546,29.988317070740546,29.988317070740546,42.67036272950691,68.0716308704142,23.94531393332864
Med,CED (mJ),65-74,Female,NHW,19.531543772282625,17.129481781926334,21.92305745402657,28.02994202556871,28.02994202556871,28.02994202556871,43.51114459956941,63.63566850658422,27.85598945014169
Med,CED (mJ),65-74,Female,OTH,22.494290043234002,16.69429380468932,28.350650276943355,29.094083805509417,29.094083805509417,29.094083805509417,29.339862469945118,74.27561863884937,2.6222803403231687
Med,CED (mJ),65-74,Male,HIS,20.92986434909409,17.173566932043315,24.706246831603828,30.744022386614382,30.744022386614382,30.744022386614382,46.89069109014594,79.01943439164418,24.438254811277652
Med,CED (mJ),65-74,Male,NHB,21.19401896765414,17.570216271545377,24.612384167925935,29.957473613516406,29.957473613516406,29.957473613516406,41.34871568831217,70.5014505827794,21.717073035760666
Med,CED (mJ),65-74,Male,NHW,20.911409112273063,17.88508982837946,23.85754661876957,30.452991099158393,30.452991099158393,30.452991099158393,45.62859411174402,70.27027200521302,27.645107796624625
Med,CED (mJ),65-74,Male,OTH,25.617752799837064,19.95106320577293,31.360949870989476,31.13063974935773,31.13063974935773,31.13063974935773,21.519791343898557,56.03499136000904,-0.7343850316370512
Med,CED (mJ),75+,Female,HIS,19.959409124367614,15.552763292742037,24.39842348946958,30.650939069220474,30.650939069220474,30.650939069220474,53.56636500726876,97.07712701783521,25.626719621657095
Med,CED (mJ),75+,Female,NHB,19.247441895938117,15.189868889679163,23.3249687001782,31.129029722418565,31.129029722418565,31.129029722418565,61.73073747004207,104.93284009560708,33.45796996581068
Med,CED (mJ),75+,Female,NHW,18.451327580837667,16.59854315527084,20.39722843478931,30.133934835571583,30.133934835571583,30.133934835571583,63.315808597245336,81.54566068650793,47.73543833129528
Med,CED (mJ),75+,Female,OTH,26.57327058588772,15.47333399866051,37.524226274745985,31.410631698750407,31.410631698750407,31.410631698750407,18.203860519268066,102.99847273683586,-16.29239342933517
Med,CED (mJ),75+,Male,HIS,23.567981924250446,16.559098575582198,30.85094964067153,30.81012110898644,30.81012110898644,30.81012110898644,30.728720040658814,86.06158401894285,-0.13234124771078304
Med,CED (mJ),75+,Male,NHB,20.53634925639914,16.251531263743075,24.83608221141505,29.148692657947027,29.148692657947027,29.148692657947027,41.937071161098764,79.35966885149665,17.364294456030727
Med,CED (mJ),75+,Male,NHW,19.70287522884849,17.45130246708702,22.04873631981409,29.93588253255331,29.93588253255331,29.93588253255331,51.93661932509165,71.53953172843161,35.771420630811576
Med,CED (mJ),75+,Male,OTH,18.22154741407648,12.690679577183433,23.76187204219807,32.20401482939034,32.20401482939034,32.20401482939034,76.73589458440915,153.7611530850556,35.52810473939129
US,CED (mJ),20-34,Female,HIS,21.42288184597053,18.666654514810926,24.095551266737377,29.281005575913536,29.281005575913536,29.281005575913536,36.68098338235971,56.86263198732654,21.52038047095607
US,CED (mJ),20-34,Female,NHB,22.518576384119665,19.80297434026608,25.297255577016905,28.78942820316556,28.78942820316556,28.78942820316556,27.847461189723187,45.379313776249305,13.804551309990195
US,CED (mJ),20-34,Female,NHW,19.724943444428014,17.244692874033966,22.15071340322006,27.759567167669193,27.759567167669193,27.759567167669193,40.733316908499596,60.974552405441216,25.321323346785622
US,CED (mJ),20-34,Female,OTH,19.769949623539883,16.810734863650868,22.689643995742376,26.673841922119426,26.673841922119426,26.673841922119426,34.92114259289334,58.6714806846138,17.559543583516202
US,CED (mJ),20-34,Male,HIS,22.69407576886761,19.59087920680098,25.787369824599093,26.129185389558113,26.129185389558113,26.129185389558113,15.136591838663405,33.37423560085735,1.3255154259003012
US,CED (mJ),20-34,Male,NHB,20.887390254718415,17.800827430378437,24.043112749531595,28.85100641665651,28.85100641665651,28.85100641665651,38.12642970147566,62.07677159669623,19.996968434208178
US,CED (mJ),20-34,Male,NHW,19.344387828758848,16.999085603049306,21.599043611299763,26.494882341287326,26.494882341287326,26.494882341287326,36.964180907798,55.86063250681354,22.666923675390212
US,CED (mJ),20-34,Male,OTH,20.311111040915677,17.608725889038396,22.958817367586022,26.25133581299678,26.25133581299678,26.25133581299678,29.246183333421925,49.08140417665591,14.340975812017378
US,CED (mJ),35-44,Female,HIS,21.808655470309393,18.551042627622916,24.967865512642472,27.970995170821954,27.970995170821954,27.970995170821954,28.2563943884668,50.77856125009663,12.02797915047583
US,CED (mJ),35-44,Female,NHB,22.4550453429812,18.697417549207707,26.070700997046927,28.78577206065031,28.78577206065031,28.78577206065031,28.192892158411563,53.955871097664456,10.414261833277605
US,CED (mJ),35-44,Female,NHW,18.46606935312284,16.017279794496933,20.911546451986627,26.283238865815758,26.283238865815758,26.283238865815758,42.332612117970505,64.09302455243309,25.687686112371722
US,CED (mJ),35-44,Female,OTH,22.192654135358197,18.25592383048812,26.04241864479006,26.624881647869653,26.624881647869653,26.624881647869653,19.971597292862146,45.842422958651056,2.2365933480457176
US,CED (mJ),35-44,Male,HIS,23.222447403430433,20.129503536701993,26.345871738723403,29.23351277404507,29.23351277404507,29.23351277404507,25.88471949656211,45.22719211998347,10.960506693264534
US,CED (mJ),35-44,Male,NHB,21.795939392098727,18.663768491191878,24.948935044111693,29.048667894586828,29.048667894586828,29.048667894586828,33.27559492626088,55.64202860904521,16.43249639003221
US,CED (mJ),35-44,Male,NHW,21.804722042300032,17.27142877161704,26.41677167811038,28.156350604223437,28.156350604223437,28.156350604223437,29.12960114603422,63.02270632348673,6.585130640904612
US,CED (mJ),35-44,Male,OTH,21.744808756388277,16.579365795395614,26.94332071739779,25.501057501841036,25.501057501841036,25.501057501841036,17.274232151382947,53.81202041469605,-5.352952706477112
US,CED (mJ),45-54,Female,HIS,21.585628792197912,18.633915888943882,24.5780658962477,25.87142817061676,25.87142817061676,25.87142817061676,19.854873905586395,38.84053316977315,5.262262213099994
US,CED (mJ),45-54,Female,NHB,21.658905792936242,18.27928790626976,24.856400895679574,27.766213467124807,27.766213467124807,27.766213467124807,28.19767412341015,51.89986398540748,11.706491956166523
US,CED (mJ),45-54,Female,NHW,19.40339871315021,16.405609519935627,22.4251697033215,27.20721894289732,27.20721894289732,27.20721894289732,40.218831479550275,65.84095159546426,21.324472915215114
US,CED (mJ),45-54,Female,OTH,21.172521987994312,15.417578255086696,27.0751297061121,27.125243296059015,27.125243296059015,27.125243296059015,28.115315272503388,75.93712091008605,0.18509085825580043
US,CED (mJ),45-54,Male,HIS,21.187867157054786,17.428268831435343,24.771810723189915,27.68490891455159,27.68490891455159,27.68490891455159,30.663972495851354,58.850596019131615,11.759730541758909
US,CED (mJ),45-54,Male,NHB,24.414409587648127,20.278585760605026,28.575193569430198,30.320390986025302,30.320390986025302,30.320390986025302,24.19055589763335,49.519258117735085,6.1073861576991035
US,CED (mJ),45-54,Male,NHW,21.715702851618648,18.842299052947723,24.417245611138725,28.854580663142226,28.854580663142226,28.854580663142226,32.874265504104834,53.13726091523934,18.172954978915662
US,CED (mJ),45-54,Male,OTH,24.63443895014061,19.632878449908787,29.63640902779927,27.941354823932855,27.941354823932855,27.941354823932855,13.423954491049491,42.31919631765798,-5.719499289797347
US,CED (mJ),55-64,Female,HIS,20.787866357166084,17.674403227604117,23.917249876554358,25.546862598144735,25.546862598144735,25.546862598144735,22.89314429490792,44.541585190527435,6.81354557903355
US,CED (mJ),55-64,Female,NHB,21.868929767365476,18.288617476563406,25.322161152816538,26.83686724074092,26.83686724074092,26.83686724074092,22.716875156776016,46.74081993968089,5.981740969040089
US,CED (mJ),55-64,Female,NHW,19.666724704940584,16.719969825017714,22.50956971604608,24.782599966101316,24.782599966101316,24.782599966101316,26.01284829026739,48.221559162263986,10.098061752086236
US,CED (mJ),55-64,Female,OTH,20.634847800276937,15.50920712138856,25.92265454512305,25.965535226081162,25.965535226081162,25.965535226081162,25.83342255489126,67.42013323345464,0.16541778498599252
US,CED (mJ),55-64,Male,HIS,24.036550707471847,19.764490333462227,28.59807884075504,27.172937908280367,27.172937908280367,27.172937908280367,13.048407980740615,37.4836256833564,-4.983345001635943
US,CED (mJ),55-64,Male,NHB,21.69658577476726,18.731655327980473,24.779366961461072,25.996185491576938,25.996185491576938,25.996185491576938,19.81694152916001,38.78210460527238,4.9106118489966395
US,CED (mJ),55-64,Male,NHW,21.54178971807345,17.730493752725774,25.3034748362474,26.717953046350896,26.717953046350896,26.717953046350896,24.028473938424312,50.68927813836795,5.590055196993129
US,CED (mJ),55-64,Male,OTH,23.915982024440776,17.678465167589895,30.169600972288528,26.5805630849908,26.5805630849908,26.5805630849908,11.141424415802675,50.355604024501,-11.896206020737038
US,CED (mJ),65-74,Female,HIS,19.293200602451932,15.907359205002528,22.65746913177868,24.207038861076406,24.207038861076406,24.207038861076406,25.469274693593263,52.17509423854466,6.839112172172604
US,CED (mJ),65-74,Female,NHB,21.01136431674495,17.760332097595384,24.415059247594098,25.63708334899592,25.63708334899592,25.63708334899592,22.015319721835084,44.35024755233596,5.005206372875142
US,CED (mJ),65-74,Female,NHW,19.55497709540264,17.19348926491559,21.950541432420653,24.52411857102352,24.52411857102352,24.52411857102352,25.411134216000285,42.636076907707995,11.724435802762157
US,CED (mJ),65-74,Female,OTH,22.4196184028652,16.583052154451067,28.284067924066125,24.791600211667227,24.791600211667227,24.791600211667227,10.579938365493721,49.4996215459221,-12.347826775749096
US,CED (mJ),65-74,Male,HIS,20.85726994897702,17.136379195484405,24.766553299062803,25.2334387640015,25.2334387640015,25.2334387640015,20.98150345529338,47.25070259095776,1.8851450958917493
US,CED (mJ),65-74,Male,NHB,21.19729407925886,17.78229669102832,24.607697849347446,25.287344415213468,25.287344415213468,25.287344415213468,19.295153054260084,42.20516536523462,2.7619266541182985
US,CED (mJ),65-74,Male,NHW,20.92085292161303,17.89708790284599,23.971880413717713,25.35553759391074,25.35553759391074,25.35553759391074,21.197437259913535,41.67409654326339,5.772001012491451
US,CED (mJ),65-74,Male,OTH,25.690141986908,19.97346212040613,31.189970241317585,25.12357792322969,25.12357792322969,25.12357792322969,-2.205375369147582,25.784792700319496,-19.44981758928292
US,CED (mJ),75+,Female,HIS,19.90629814075258,15.448744183494647,24.54063443398078,25.265031103443956,25.265031103443956,25.265031103443956,26.91978651581064,63.54100244883967,2.951825354849514
US,CED (mJ),75+,Female,NHB,19.250446846702843,14.994014295879378,23.44843040574594,25.26260761884152,25.26260761884152,25.26260761884152,31.23127904518446,68.48461739685105,7.736881239825018
US,CED (mJ),75+,Female,NHW,18.465652616857835,16.498432116400334,20.333088771565247,24.980278282701647,24.980278282701647,24.980278282701647,35.2796936074516,51.41001342709347,22.85530527774634
US,CED (mJ),75+,Female,OTH,26.731549898548554,15.606124551397324,37.74836218754253,25.324726653883182,25.324726653883182,25.324726653883182,-5.2627821806237955,62.27428257719298,-32.91172070442653
US,CED (mJ),75+,Male,HIS,23.564475297419644,16.31404980062671,30.94635761473279,25.249314099717562,25.249314099717562,25.249314099717562,7.1499101127128055,54.77036302014723,-18.40941536946179
US,CED (mJ),75+,Male,NHB,20.59540703287674,16.206270676594094,24.849237064214307,24.48633101542322,24.48633101542322,24.48633101542322,18.892192692940448,51.091707056254485,-1.4604313518893142
US,CED (mJ),75+,Male,NHW,19.723789549753157,17.4980684504328,22.042205016720494,24.974525266860017,24.974525266860017,24.974525266860017,26.62133310569912,42.72732637665669,13.303207405589232
US,CED (mJ),75+,Male,OTH,18.207623038970127,12.62766900451165,23.83346283716477,25.848559281123226,25.848559281123226,25.848559281123226,41.96558895029327,104.69778921104107,8.454904172868282
Veg,CED (mJ),20-34,Female,HIS,21.45053803925819,18.735193842961785,24.200485058409317,15.406760968088495,15.406760968088495,15.406760968088495,-28.175410146396047,-17.765670869339182,-36.336974523843814
Veg,CED (mJ),20-34,Female,NHB,22.51641234651779,19.794581487730145,25.268496349083044,14.842840627391936,14.842840627391936,14.842840627391936,-34.079904031925345,-25.015638059372918,-41.25950186216537
Veg,CED (mJ),20-34,Female,NHW,19.686945158336652,17.324505450865942,21.99445717739027,14.500866266895653,14.500866266895653,14.500866266895653,-26.342730422271217,-16.29852691598278,-34.070360773430835
Veg,CED (mJ),20-34,Female,OTH,19.756536476546827,16.954378806890993,22.665506753449932,14.635122234573204,14.635122234573204,14.635122234573204,-25.922631975768134,-13.679395740380313,-35.429980040726065
Veg,CED (mJ),20-34,Male,HIS,22.6664741041444,19.53757104586892,25.78884663927068,14.581833021262112,14.581833021262112,14.581833021262112,-35.66783720192313,-25.365169564691936,-43.456823698903925
Veg,CED (mJ),20-34,Male,NHB,20.998306372577,17.852866829138605,24.074598081001085,15.29276242696398,15.29276242696398,15.29276242696398,-27.171448231959538,-14.340018478131164,-36.47760026767571
Veg,CED (mJ),20-34,Male,NHW,19.30415479330527,16.999365915264697,21.613864399930936,14.944988593586578,14.944988593586578,14.944988593586578,-22.581492152303202,-12.085023240974989,-30.854620362870733
Veg,CED (mJ),20-34,Male,OTH,20.284363574498272,17.66069492057337,22.833107391059922,14.106028919120387,14.106028919120387,14.106028919120387,-30.45860735382083,-20.127554535309176,-38.221159838089044
Veg,CED (mJ),35-44,Female,HIS,21.83972508381662,18.57511532612714,25.207267349640276,14.3434072576964,14.3434072576964,14.3434072576964,-34.324231634559546,-22.78159782124507,-43.09812698558501
Veg,CED (mJ),35-44,Female,NHB,22.421128575444577,18.65305346429817,26.033026674831692,16.205629201974748,16.205629201974748,16.205629201974748,-27.721616922874208,-13.120770103445947,-37.749730738600256
Veg,CED (mJ),35-44,Female,NHW,18.470357581306782,16.002758313087064,20.908311806450467,14.734049713364694,14.734049713364694,14.734049713364694,-20.228671001602468,-7.928061993442838,-29.530179912377903
Veg,CED (mJ),35-44,Female,OTH,22.190825797131613,18.323263339738876,25.985259818004426,14.913342420751327,14.913342420751327,14.913342420751327,-32.7950092660408,-18.609790492898867,-42.60845369566669
Veg,CED (mJ),35-44,Male,HIS,23.160908088727634,20.163381180676755,26.18075625447913,14.955358959990528,14.955358959990528,14.955358959990528,-35.42844303557653,-25.829111566254813,-42.8765203929818
Veg,CED (mJ),35-44,Male,NHB,21.811030822546957,18.616051196753425,25.06088418933434,15.94187568553544,15.94187568553544,15.94187568553544,-26.909113946803153,-14.36489125945438,-36.38741727907533
Veg,CED (mJ),35-44,Male,NHW,21.87610702029576,17.34875916309319,26.525633918758725,15.28474685847196,15.28474685847196,15.28474685847196,-30.13040736959553,-11.897175384232083,-42.377449280626976
Veg,CED (mJ),35-44,Male,OTH,21.707941062798636,16.76956892084741,26.75743783674972,13.269823593127603,13.269823593127603,13.269823593127603,-38.87110917272397,-20.869620109131315,-50.40697216942684
Veg,CED (mJ),45-54,Female,HIS,21.52509562887657,18.461819424666462,24.6424309141477,14.141683529495793,14.141683529495793,14.141683529495793,-34.30141369256314,-23.400379972293646,-42.612465552752035
Veg,CED (mJ),45-54,Female,NHB,21.688600795801495,18.416181726036594,24.88718083082694,15.186522275646544,15.186522275646544,15.186522275646544,-29.979243849670706,-17.537074179844748,-38.9785352592629
Veg,CED (mJ),45-54,Female,NHW,19.42201579491018,16.3790546779176,22.397458797153103,15.134583337714233,15.134583337714233,15.134583337714233,-22.075115695866806,-7.597943621747455,-32.42722991575294
Veg,CED (mJ),45-54,Female,OTH,21.185205053155702,15.386877036870763,27.088304021573084,14.27764282220356,14.27764282220356,14.27764282220356,-32.60559533703076,-7.2089626245092004,-47.29222320144935
Veg,CED (mJ),45-54,Male,HIS,21.224700449386376,17.50881035368155,24.97747963056932,14.408270969226537,14.408270969226537,14.408270969226537,-32.11555091867931,-17.70845261227624,-42.314952579952816
Veg,CED (mJ),45-54,Male,NHB,24.390952020751804,20.388314480038424,28.57932835841235,15.439609118304192,15.439609118304192,15.439609118304192,-36.69944041065644,-24.272263244611803,-45.9763052347606
Veg,CED (mJ),45-54,Male,NHW,21.648116742599147,18.822465189742392,24.347027795927907,14.647176515726388,14.647176515726388,14.647176515726388,-32.33971947821361,-22.182475206761946,-39.839981132415026
Veg,CED (mJ),45-54,Male,OTH,24.56011870530809,19.48000726841276,29.670813273801727,13.995045563897374,13.995045563897374,13.995045563897374,-43.01719087020261,-28.156877094236847,-52.83228189685484
Veg,CED (mJ),55-64,Female,HIS,20.78726549793852,17.596538846786,24.092254612704945,13.925620001558425,13.925620001558425,13.925620001558425,-33.008889490830654,-20.861596005842177,-42.198767921808326
Veg,CED (mJ),55-64,Female,NHB,21.946574220315412,18.390513193186376,25.492156226368035,14.653803323430296,14.653803323430296,14.653803323430296,-33.2296549961514,-20.31868186876111,-42.516422725069425
Veg,CED (mJ),55-64,Female,NHW,19.703818608337496,16.845668250242998,22.50812956392317,13.829851146725318,13.829851146725318,13.829851146725318,-29.811315148458895,-17.902626709238305,-38.55619540731499
Veg,CED (mJ),55-64,Female,OTH,20.715910016614682,15.629081164653076,25.81187004875709,13.690769321808707,13.690769321808707,13.690769321808707,-33.9118131386535,-12.401956470915765,-46.95940551402259
Veg,CED (mJ),55-64,Male,HIS,24.08013821710651,19.79873211272041,28.299842196134538,13.989737429612925,13.989737429612925,13.989737429612925,-41.90341723340015,-29.34023577891276,-50.56602318608061
Veg,CED (mJ),55-64,Male,NHB,21.693278036664744,18.681266993909993,24.809753370526824,14.914802305068548,14.914802305068548,14.914802305068548,-31.246894637774897,-20.161719705999037,-39.88331088052312
Veg,CED (mJ),55-64,Male,NHW,21.492994034754773,17.73796832024583,25.009640617415187,14.46421635079273,14.46421635079273,14.46421635079273,-32.702645674196496,-18.45618342725583,-42.1654370326268
Veg,CED (mJ),55-64,Male,OTH,23.89911337151423,17.441884012326735,30.032037897753064,13.826425676964153,13.826425676964153,13.826425676964153,-42.14670033138505,-20.728599804971886,-53.961080749706234
Veg,CED (mJ),65-74,Female,HIS,19.31782172800832,16.041503957073463,22.614019081977936,13.620998795231577,13.620998795231577,13.620998795231577,-29.489986050120198,-15.089016393469578,-39.76745687772624
Veg,CED (mJ),65-74,Female,NHB,21.001539658374544,17.709194873702284,24.23984573785929,14.780284000311141,14.780284000311141,14.780284000311141,-29.62285508235404,-16.538927344125074,-39.02484297898654
Veg,CED (mJ),65-74,Female,NHW,19.533526808370116,17.13264773018907,21.95598970929136,14.614481548131018,14.614481548131018,14.614481548131018,-25.182576134337847,-14.69805614237224,-33.43738204638324
Veg,CED (mJ),65-74,Female,OTH,22.40477200310619,16.598232469986744,28.21637990907621,14.16448407996251,14.16448407996251,14.16448407996251,-36.77916437623757,-14.662696129994487,-49.80049132593974
Veg,CED (mJ),65-74,Male,HIS,20.907465640272164,17.072062255105347,24.679456163641913,13.338572562088345,13.338572562088345,13.338572562088345,-36.201867832342835,-21.86900233391847,-45.95272896759006
Veg,CED (mJ),65-74,Male,NHB,21.130534781439668,17.691857580663054,24.614467179536927,14.07717503727055,14.07717503727055,14.07717503727055,-33.37993958564904,-20.431334171168665,-42.80934486782832
Veg,CED (mJ),65-74,Male,NHW,20.91101164832834,17.81031611566351,24.022848602773973,13.95364370567935,13.95364370567935,13.95364370567935,-33.27131207066768,-21.65414911750141,-41.915116161252875
Veg,CED (mJ),65-74,Male,OTH,25.583618193319957,20.044891694432295,31.242745999123187,13.024653917949673,13.024653917949673,13.024653917949673,-49.08986751002057,-35.02257773950745,-58.311430377101935
Veg,CED (mJ),75+,Female,HIS,19.928236254714484,15.680729142636528,24.365728052566595,13.09662080418326,13.09662080418326,13.09662080418326,-34.28108420239673,-16.479516449442226,-46.249827725530615
Veg,CED (mJ),75+,Female,NHB,19.249434800914802,14.99004505146788,23.52115544158538,13.293948333445908,13.293948333445908,13.293948333445908,-30.93850042384553,-11.31482068398376,-43.48088738046337
Veg,CED (mJ),75+,Female,NHW,18.45973722508418,16.53296375549781,20.340834421747402,13.520971415795238,13.520971415795238,13.520971415795238,-26.754258465704783,-18.218102841367305,-33.52794120707609
Veg,CED (mJ),75+,Female,OTH,26.615625271817642,15.31807120234172,38.15435589901304,12.86876509764715,12.86876509764715,12.86876509764715,-51.649585661722405,-15.989650866227445,-66.27183241748807
Veg,CED (mJ),75+,Male,HIS,23.66380873351621,16.46456554747199,31.13223439019212,13.183910220411589,13.183910220411589,13.183910220411589,-44.286609273770154,-19.925550526075817,-57.65189849474782
Veg,CED (mJ),75+,Male,NHB,20.589449205347567,16.32690088469888,24.852526915616878,13.495899472020378,13.495899472020378,13.495899472020378,-34.452353059958625,-17.339490407096413,-45.69606737438116
Veg,CED (mJ),75+,Male,NHW,19.78861367888378,17.49043456525621,21.959033028067427,13.79910394947526,13.79910394947526,13.79910394947526,-30.267454944556643,-21.10485363876307,-37.159783257133284
Veg,CED (mJ),75+,Male,OTH,18.235286449088186,12.639760773697196,23.779743573779545,13.702126883299979,13.702126883299979,13.702126883299979,-24.859272589133784,8.404954244177796,-42.378996473248485
Vegan,CED (mJ),20-34,Female,HIS,21.441588640478628,18.770795299241435,24.220819409253828,9.783117974936182,9.783117974936182,9.783117974936182,-54.3731663778538,-47.88117488377524,-59.60864160029848
Vegan,CED (mJ),20-34,Female,NHB,22.536750241126622,19.816527690429243,25.348893693788515,9.297321613078848,9.297321613078848,9.297321613078848,-58.74595266130051,-53.082993356252004,-63.32257444687986
Vegan,CED (mJ),20-34,Female,NHW,19.72756321344174,17.309224297799886,22.120724460166915,9.202859384441929,9.202859384441929,9.202859384441929,-53.35024764654466,-46.83262966549188,-58.3971157860872
Vegan,CED (mJ),20-34,Female,OTH,19.76429059049239,16.887705023109493,22.698416912026186,10.174378490296181,10.174378490296181,10.174378490296181,-48.521408123848545,-39.75274629457735,-55.17582336367457
Vegan,CED (mJ),20-34,Male,HIS,22.677063152320642,19.44277926288006,25.796372469829606,8.950847805209333,8.950847805209333,8.950847805209333,-60.529069637073555,-53.963125928718455,-65.30191283414796
Vegan,CED (mJ),20-34,Male,NHB,20.94238535861963,17.76770647169334,24.119461202313573,9.440438325665538,9.440438325665538,9.440438325665538,-54.92185744839249,-46.86743423690845,-60.85966329645872
Vegan,CED (mJ),20-34,Male,NHW,19.387743914516925,17.097421424813827,21.65283149740878,8.8293978020868,8.8293978020868,8.8293978020868,-54.45886926804501,-48.35830747394154,-59.22289515279595
Vegan,CED (mJ),20-34,Male,OTH,20.283908219443436,17.738200369201902,22.864359057347222,9.155241683066999,9.155241683066999,9.155241683066999,-54.86450843683512,-48.38686285806725,-59.95845910176495
Vegan,CED (mJ),35-44,Female,HIS,21.857495081821057,18.56030098780345,24.94052846432944,9.071907357421864,9.071907357421864,9.071907357421864,-58.49521034564022,-51.121981462567355,-63.6258414876945
Vegan,CED (mJ),35-44,Female,NHB,22.456068536623818,18.715120080215307,26.097073191325777,10.011229083594793,10.011229083594793,10.011229083594793,-55.418602916768876,-46.50726770287642,-61.63849865385536
Vegan,CED (mJ),35-44,Female,NHW,18.48876785406346,16.012912750478243,20.947542333562318,9.0832513519380509,9.0832513519380509,9.0832513519380509,-50.871516027274176,-43.27545841610378,-56.638104808196076
Vegan,CED (mJ),35-44,Female,OTH,22.142535446076053,18.381052175828554,26.06188524253347,10.50305903645437,10.50305903645437,10.50305903645437,-52.56614102737882,-42.85931547343029,-59.699542305891264
Vegan,CED (mJ),35-44,Male,HIS,23.176862300206693,20.136813745528656,26.270416611232843,8.89640553897433,8.89640553897433,8.89640553897433,-61.61514262051343,-55.82019255181441,-66.13527044268358
Vegan,CED (mJ),35-44,Male,NHB,21.756384474650826,18.540172359919477,24.939217455502412,9.678345973600141,9.678345973600141,9.678345973600141,-55.51491570266768,-47.79797196210006,-61.19226278503466
Vegan,CED (mJ),35-44,Male,NHW,21.81910643767775,17.212158659374754,26.3762918268702,9.685452576464161,9.685452576464161,9.685452576464161,-55.61022352529024,-43.72900710400497,-63.279703454761815
Vegan,CED (mJ),35-44,Male,OTH,21.67755401122588,16.54641189061973,26.675378711450502,8.751496709691517,8.751496709691517,8.751496709691517,-59.628762981471574,-47.109398898423414,-67.19260556951377
Vegan,CED (mJ),45-54,Female,HIS,21.506504815750844,18.55231921486277,24.582862472892163,9.403924099350451,9.403924099350451,9.403924099350451,-56.27404741070132,-49.311328732330615,-61.746016723153055
Vegan,CED (mJ),45-54,Female,NHB,21.693259052862643,18.342812999652054,24.964411494716362,8.699447615340011,8.699447615340011,8.699447615340011,-59.897922234086664,-52.57299076480238,-65.1526028675612
Vegan,CED (mJ),45-54,Female,NHW,19.432928246966174,16.392467464231974,22.421692785093914,9.878283108277456,9.878283108277456,9.878283108277456,-49.16729489895774,-39.73888842645766,-55.943187684541805
Vegan,CED (mJ),45-54,Female,OTH,21.244912028971076,15.477223057650534,27.157324572962995,9.25629912416826,9.25629912416826,9.25629912416826,-56.430513284565684,-40.19405748893187,-65.91601245807715
Vegan,CED (mJ),45-54,Male,HIS,21.19928801240692,17.652429841421327,24.9044431094929,9.166663713939972,9.166663713939972,9.166663713939972,-56.7595680167411,-48.07137716287394,-63.19265733572702
Vegan,CED (mJ),45-54,Male,NHB,24.451548631124066,20.303542262106074,28.6913770279744,9.434785567216158,9.434785567216158,9.434785567216158,-61.41436393436962,-53.53133238811751,-67.11630272044057
Vegan,CED (mJ),45-54,Male,NHW,21.65669860870364,18.83276164823719,24.36644280586749,9.26684528688727,9.26684528688727,9.26684528688727,-57.2102588011129,-50.794018105386705,-61.96882179020488
Vegan,CED (mJ),45-54,Male,OTH,24.632591734685153,19.53818350560423,29.71176442242513,9.86925969581176,9.86925969581176,9.86925969581176,-59.934140093286025,-49.48732213012068,-66.78332678094715
Vegan,CED (mJ),55-64,Female,HIS,20.77138028199586,17.667651234118324,23.917707776243493,9.636952295309607,9.636952295309607,9.636952295309607,-53.604661007228835,-45.45425326995638,-59.707876751961955
Vegan,CED (mJ),55-64,Female,NHB,21.867772205556257,18.345363499439607,25.422816464363382,9.36522216380604,9.36522216380604,9.36522216380604,-57.17340533926687,-48.95046825268893,-63.16213753525771
Vegan,CED (mJ),55-64,Female,NHW,19.649365408041422,16.80387993492529,22.574025710501804,9.17221628052405,9.17221628052405,9.17221628052405,-53.32054705048969,-45.41608059540786,-59.36827397048199
Vegan,CED (mJ),55-64,Female,OTH,20.6466294260453,15.317897677657312,25.666781537656565,9.33025951611769,9.33025951611769,9.33025951611769,-54.80976907374644,-39.08916411077214,-63.648502238471295
Vegan,CED (mJ),55-64,Male,HIS,24.18119615860679,19.941400231470404,28.437768348768024,9.39192505659136,9.39192505659136,9.39192505659136,-61.160213105303725,-52.902379233281984,-66.97376200056769
Vegan,CED (mJ),55-64,Male,NHB,21.697633609414282,18.64069229243687,24.78916663722723,8.378229341331638,8.378229341331638,8.378229341331638,-61.386437377685056,-55.054086994768134,-66.20205324389728
Vegan,CED (mJ),55-64,Male,NHW,21.44757156169047,17.768169660628807,25.08971003269882,9.488200158242675,9.488200158242675,9.488200158242675,-55.76095815346086,-46.60001373542213,-62.182902289915155
Vegan,CED (mJ),55-64,Male,OTH,23.87809947664592,17.53878272877145,30.30561925726631,9.663575869924758,9.663575869924758,9.663575869924758,-59.529543465650356,-44.90167294180474,-68.11292391721135
Vegan,CED (mJ),65-74,Female,HIS,19.28771718141646,15.901307006544032,22.58710188843734,9.354129609268028,9.354129609268028,9.354129609268028,-51.50214241900722,-41.17383177736003,-58.5864107070038
Vegan,CED (mJ),65-74,Female,NHB,21.05310782421167,17.76174998955085,24.2051856676699,9.689175850728041,9.689175850728041,9.689175850728041,-53.97745581493096,-45.449204856345034,-59.97066089986839
Vegan,CED (mJ),65-74,Female,NHW,19.515724658441506,17.16447874767212,21.907893533439502,9.625607657897053,9.625607657897053,9.625607657897053,-50.67768260537788,-43.921351767221616,-56.06328995891442
Vegan,CED (mJ),65-74,Female,OTH,22.35311171300405,16.50922823593602,28.103219417244407,9.677545956348943,9.677545956348943,9.677545956348943,-56.70604575953077,-41.38099117629494,-65.56427997565748
Vegan,CED (mJ),65-74,Male,HIS,20.927521251397398,17.12297783034517,24.786255779938028,9.026600366184558,9.026600366184558,9.026600366184558,-56.86732194534589,-47.28369997543472,-63.58223506476246
Vegan,CED (mJ),65-74,Male,NHB,21.15987409066952,17.626730871243936,24.69065813542703,9.178105455970778,9.178105455970778,9.178105455970778,-56.62495241397547,-47.93075628706715,-62.827619233034106
Vegan,CED (mJ),65-74,Male,NHW,20.94502423430764,17.820565010617507,23.93991835237334,9.498567492328267,9.498567492328267,9.498567492328267,-54.65000476452181,-46.69884211488798,-60.32330874099826
Vegan,CED (mJ),65-74,Male,OTH,25.569859738291903,19.867119434890053,31.346795761471423,9.116200366162456,9.116200366162456,9.116200366162456,-64.34786713940954,-54.1141311600873,-70.91823854810946
Vegan,CED (mJ),75+,Female,HIS,19.89935226779589,15.360885875596082,24.43918198901787,8.722385738435372,8.722385738435372,8.722385738435372,-56.16748916721656,-43.21690943428809,-64.30982942737235
Vegan,CED (mJ),75+,Female,NHB,19.243542160620365,15.146129150804182,23.511547859251895,8.8503307706718,8.8503307706718,8.8503307706718,-54.00882697789934,-41.567045397854066,-62.35751544877911
Vegan,CED (mJ),75+,Female,NHW,18.430489196171628,16.45221780957478,20.334860005915353,9.073231583566603,9.073231583566603,9.073231583566603,-50.77053307162737,-44.851012255100294,-55.38089969182367
Vegan,CED (mJ),75+,Female,OTH,26.879925331736466,15.56116580281118,37.91187735304889,9.151890747219163,9.151890747219163,9.151890747219163,-65.9526928208623,-41.18762782178029,-75.86009613295195
Vegan,CED (mJ),75+,Male,HIS,23.58884002262045,16.496495608890385,30.597630377335197,7.964195472718054,7.964195472718054,7.964195472718054,-66.23744336270536,-51.72189499189182,-73.97120177444386
Vegan,CED (mJ),75+,Male,NHB,20.5427419730515,16.368477348544346,24.739015136806742,8.597423085484774,8.597423085484774,8.597423085484774,-58.14860987514181,-47.47573092833009,-65.24751273265719
Vegan,CED (mJ),75+,Male,NHW,19.69954709418347,17.3797706747079,21.99502930387507,9.31063884571921,9.31063884571921,9.31063884571921,-52.73678729158048,-46.42829862382121,-57.66935011957967
Vegan,CED (mJ),75+,Male,OTH,18.169395632934283,12.874027362293438,23.78424293147359,8.668997882833146,8.668997882833146,8.668997882833146,-52.28791282897978,-32.66289064893822,-63.55150799708029
Med,FL (mrh-eq),20-34,Female,HIS,0.6026948913407296,0.5330784170711512,0.6725939385310411,0.8602364248978005,0.8602364248978005,0.8602364248978005,42.731660290691174,61.371460061003134,27.898331462304643
Med,FL (mrh-eq),20-34,Female,NHB,0.5228700801917603,0.4575809240795106,0.587234263324095,0.7919032939002915,0.7919032939002915,0.7919032939002915,51.453166647031026,73.06300420921568,34.85304645162359
Med,FL (mrh-eq),20-34,Female,NHW,0.5341360624966146,0.47434636357736526,0.5943177519528812,0.8333624146523603,0.8333624146523603,0.8333624146523603,56.0206234263844,75.68647693795168,40.22169317911121
Med,FL (mrh-eq),20-34,Female,OTH,0.5967522513603504,0.5027466524293565,0.6868975508658194,0.8663294118214542,0.8663294118214542,0.8663294118214542,45.17405000929254,72.3192800260737,26.122070275176384
Med,FL (mrh-eq),20-34,Male,HIS,0.6050017982722574,0.5328233109890326,0.6763017731047757,0.7462492588251215,0.7462492588251215,0.7462492588251215,23.346618300347792,40.05567013198527,10.34264414230794
Med,FL (mrh-eq),20-34,Male,NHB,0.5235738351493561,0.4475442638928776,0.5981175512070658,0.7800992796752964,0.7800992796752964,0.7800992796752964,48.99508480074509,74.30662006250577,30.425746260241286
Med,FL (mrh-eq),20-34,Male,NHW,0.5293011899141719,0.46869782389695075,0.5881816558826356,0.7147912649503936,0.7147912649503936,0.7147912649503936,35.044333655531666,52.505778458137165,21.52559635301196
Med,FL (mrh-eq),20-34,Male,OTH,0.5541596014852262,0.48459974921219584,0.6249702836790022,0.7515348483044939,0.7515348483044939,0.7515348483044939,35.61703998095026,55.08362303658827,20.25129321036613
Med,FL (mrh-eq),35-44,Female,HIS,0.5974777397286368,0.519182881967349,0.6785533164073804,0.8316178226804839,0.8316178226804839,0.8316178226804839,39.188084740728435,60.17820532318393,22.557476704042635
Med,FL (mrh-eq),35-44,Female,NHB,0.5513878079992673,0.46624131806273533,0.6374757889366914,0.8021689997681049,0.8021689997681049,0.8021689997681049,45.48181663261781,72.05017416756885,25.835210323222068
Med,FL (mrh-eq),35-44,Female,NHW,0.532362469177728,0.4614452826833973,0.6050577848104159,0.7914655545228083,0.7914655545228083,0.7914655545228083,48.67042670105644,71.51883099124487,30.80825904434895
Med,FL (mrh-eq),35-44,Female,OTH,0.6481867314702275,0.53292390342863,0.7607089125473953,0.8961805143953429,0.8961805143953429,0.8961805143953429,38.25962039713646,68.1629419565641,17.808599270158698
Med,FL (mrh-eq),35-44,Male,HIS,0.6254115928963748,0.5512189834542738,0.7006155064977372,0.8109911007180332,0.8109911007180332,0.8109911007180332,29.673180019291266,47.1268452395941,15.754089539360267
Med,FL (mrh-eq),35-44,Male,NHB,0.5993897238630209,0.49951719807078054,0.6985940054809476,0.8513803502008642,0.8513803502008642,0.8513803502008642,42.04119895712976,70.44064818769772,21.870549063004155
Med,FL (mrh-eq),35-44,Male,NHW,0.634328386090121,0.5111304388013683,0.7537933003434107,0.8203880042489,0.8203880042489,0.8203880042489,29.331750279317465,60.504626993602514,8.834610744769192
Med,FL (mrh-eq),35-44,Male,OTH,0.6075922865605518,0.4876463615291583,0.7271587254300351,0.7537194056761473,0.7537194056761473,0.7537194056761473,24.050193254228006,54.562704684730726,3.652666098506126
Med,FL (mrh-eq),45-54,Female,HIS,0.595313057223757,0.516852255256812,0.6765787694536611,0.7873550859490082,0.7873550859490082,0.7873550859490082,32.25899825225391,52.33658708866222,16.373011022027654
Med,FL (mrh-eq),45-54,Female,NHB,0.5672499258043042,0.4750241998380731,0.6603009237721658,0.8135837179195912,0.8135837179195912,0.8135837179195912,43.425971676595644,71.27205691771634,23.214081433015686
Med,FL (mrh-eq),45-54,Female,NHW,0.5567230674195399,0.45803853125979993,0.6535312432397654,0.820415630444419,0.820415630444419,0.820415630444419,47.365122527995325,79.11498148156414,25.53579326634084
Med,FL (mrh-eq),45-54,Female,OTH,0.621306341129917,0.44588172579553786,0.792547954124174,0.8102500069412537,0.8102500069412537,0.8102500069412537,30.410709388177327,81.71859487975505,2.2335623636353747
Med,FL (mrh-eq),45-54,Male,HIS,0.5915332530503459,0.5011619910930791,0.6839543145418711,0.7714439810459851,0.7714439810459851,0.7714439810459851,30.414305039978352,53.93106316051558,12.791741296743881
Med,FL (mrh-eq),45-54,Male,NHB,0.6501225003209878,0.5371028117439446,0.7652428878297942,0.9016075845879213,0.9016075845879213,0.9016075845879213,38.68272273960164,67.8649906263661,17.81979276473295
Med,FL (mrh-eq),45-54,Male,NHW,0.6045106219919947,0.5256599145137851,0.6807227816997857,0.8261983294337109,0.8261983294337109,0.8261983294337109,36.67226006901363,57.17354635989545,21.370747629551666
Med,FL (mrh-eq),45-54,Male,OTH,0.7045764035340497,0.5537704512106801,0.8518338782769018,0.8237333498294852,0.8237333498294852,0.8237333498294852,16.911855931842464,48.74996454372004,-3.298827290628385
Med,FL (mrh-eq),55-64,Female,HIS,0.6053296856753196,0.516797046074484,0.6926883322807506,0.8053254527245121,0.8053254527245121,0.8053254527245121,33.03914739057817,55.83011916218338,16.26086584610018
Med,FL (mrh-eq),55-64,Female,NHB,0.5434032740551983,0.4582353532764998,0.6263065707590909,0.7490301900925415,0.7490301900925415,0.7490301900925415,37.84057363196082,63.459712293428325,19.59481587183543
Med,FL (mrh-eq),55-64,Female,NHW,0.5922350389616295,0.5111279082741569,0.6744024542689119,0.7955343951526008,0.7955343951526008,0.7955343951526008,34.32747858813245,55.642918783040706,17.961373081745737
Med,FL (mrh-eq),55-64,Female,OTH,0.5834921777422727,0.44891811561485107,0.7143622783454762,0.8045656508476637,0.8045656508476637,0.8045656508476637,37.887992596712884,79.22325316404478,12.627118653452177
Med,FL (mrh-eq),55-64,Male,HIS,0.6531134743420431,0.5456995877061258,0.7566191620659073,0.8438007099653786,0.8438007099653786,0.8438007099653786,29.196647001569946,54.627331406339344,11.522513870971341
Med,FL (mrh-eq),55-64,Male,NHB,0.5637772079808812,0.485814169231283,0.6437625878547016,0.7606153394948143,0.7606153394948143,0.7606153394948143,34.914169769099345,56.56507933853734,18.15152881585075
Med,FL (mrh-eq),55-64,Male,NHW,0.6188024025625217,0.5211487079597242,0.7192621929994903,0.8108886220738721,0.8108886220738721,0.8108886220738721,31.04160855159942,55.59639881838483,12.73894693286718
Med,FL (mrh-eq),55-64,Male,OTH,0.62210482337945,0.46273454710267703,0.7757603156685814,0.7479769078673902,0.7479769078673902,0.7479769078673902,20.233259694751666,61.64276312428003,-3.5814422625171662
Med,FL (mrh-eq),65-74,Female,HIS,0.5563278397976792,0.46007626253323725,0.650783759963897,0.7606190009890005,0.7606190009890005,0.7606190009890005,36.72136222153043,65.32454789145987,16.877378905582503
Med,FL (mrh-eq),65-74,Female,NHB,0.5421181379051,0.4594952928151718,0.6251010013773779,0.7587059440753872,0.7587059440753872,0.7587059440753872,39.95214161386383,65.1172397059942,21.37333685334332
Med,FL (mrh-eq),65-74,Female,NHW,0.6021217477692687,0.5224074283809843,0.6811160847026365,0.7843190931569576,0.7843190931569576,0.7843190931569576,30.259220176432876,50.13551694463365,15.152043942608948
Med,FL (mrh-eq),65-74,Female,OTH,0.6963339764194879,0.530481303684289,0.8643884996737738,0.8118976673400276,0.8118976673400276,0.8118976673400276,16.59601496321664,53.04925200968456,-6.072597258473094
Med,FL (mrh-eq),65-74,Male,HIS,0.6022891033422,0.4807059524126313,0.723886604284453,0.7709250985226447,0.7709250985226447,0.7709250985226447,27.99917751203802,60.373528693252645,6.498047340534546
Med,FL (mrh-eq),65-74,Male,NHB,0.5953338814023892,0.4937161200618344,0.6941972350592239,0.7483448567503428,0.7483448567503428,0.7483448567503428,25.701707920186845,51.573915928979176,7.800034191507457
Med,FL (mrh-eq),65-74,Male,NHW,0.6370192519630458,0.5487011242867357,0.7225622121727238,0.808852630454005,0.808852630454005,0.808852630454005,26.974597386411098,47.412242230311435,11.942282176894976
Med,FL (mrh-eq),65-74,Male,OTH,0.6358387698075972,0.48917040714297944,0.7810538389162149,0.7803786792799169,0.7803786792799169,0.7803786792799169,22.732163613750224,59.531048461772606,-0.08644213787296628
Med,FL (mrh-eq),75+,Female,HIS,0.5204393082358111,0.41722489753422837,0.6224663880711773,0.7105380111096443,0.7105380111096443,0.7105380111096443,36.526584342414715,70.30096125827512,14.148815859981232
Med,FL (mrh-eq),75+,Female,NHB,0.4921283993562937,0.3910599708912316,0.5929435974935557,0.6573283667818975,0.6573283667818975,0.6573283667818975,33.568468643891755,68.08889063327965,10.858498103445928
Med,FL (mrh-eq),75+,Female,NHW,0.5498006522222414,0.49651673374956196,0.6045560582229241,0.7493203426281559,0.7493203426281559,0.7493203426281559,36.28946047980757,50.91542574396004,23.945551853497662
Med,FL (mrh-eq),75+,Female,OTH,0.6152011987308071,0.38912115391125035,0.8344236155845618,0.7329975432476099,0.7329975432476099,0.7329975432476099,19.147612969516786,88.37257647904434,-12.15522552845021
Med,FL (mrh-eq),75+,Male,HIS,0.5782909988821908,0.4294157286517774,0.7311920358257965,0.7430912175526625,0.7430912175526625,0.7430912175526625,28.497801105156867,73.04704228830225,1.6273675236939975
Med,FL (mrh-eq),75+,Male,NHB,0.5378932059866225,0.42406243488431056,0.6528336821852309,0.7175947924006945,0.7175947924006945,0.7175947924006945,33.40841349435843,69.21913694064015,9.920001369826489
Med,FL (mrh-eq),75+,Male,NHW,0.6010806168648334,0.5318976392598113,0.6713771911060126,0.7816480881427673,0.7816480881427673,0.7816480881427673,30.040474806815908,46.95460751254861,16.424581963396285
Med,FL (mrh-eq),75+,Male,OTH,0.5511328400307899,0.39439387365806705,0.709171420720539,0.7894259606726062,0.7894259606726062,0.7894259606726062,43.236966359780645,100.16182131597343,11.316663024932145
US,FL (mrh-eq),20-34,Female,HIS,0.6012758581069392,0.5311163988304115,0.6700824403820619,0.7834655512704151,0.7834655512704151,0.7834655512704151,30.300516926969777,47.51296570689772,16.920770349347666
US,FL (mrh-eq),20-34,Female,NHB,0.5219722455278218,0.4573689718140288,0.5881448310935138,0.7087392996257074,0.7087392996257074,0.7087392996257074,35.78103159661783,54.96007453559584,20.504212934759146
US,FL (mrh-eq),20-34,Female,NHW,0.5345899517391154,0.4734575206089351,0.59673041167677765,0.739478283582371,0.739478283582371,0.739478283582371,38.32625943991609,56.18682804558571,23.92166866516492
US,FL (mrh-eq),20-34,Female,OTH,0.5952687554466781,0.5027557228232371,0.6861480543056547,0.7750325896800115,0.7750325896800115,0.7750325896800115,30.198768638283752,54.156890612362794,12.954133560038034
US,FL (mrh-eq),20-34,Male,HIS,0.6045682509136079,0.5319324881051104,0.6768496612774155,0.6942920506224136,0.6942920506224136,0.6942920506224136,14.840971151432026,30.522588138143725,2.5769960957177904
US,FL (mrh-eq),20-34,Male,NHB,0.5237136225356819,0.44838418125620205,0.5988517733988208,0.7123908988153662,0.7123908988153662,0.7123908988153662,36.02680323000941,58.87957885122479,18.95947051674357
US,FL (mrh-eq),20-34,Male,NHW,0.5293479961946137,0.47015011273455104,0.5888868450189554,0.6750936727677348,0.6750936727677348,0.6750936727677348,27.533055309713124,43.59109026714109,14.638946085814592
US,FL (mrh-eq),20-34,Male,OTH,0.5545524284741156,0.48213060884734493,0.6263160792691603,0.6834210768821546,0.6834210768821546,0.6834210768821546,23.238316485716034,41.750194727533554,9.117600442196741
US,FL (mrh-eq),35-44,Female,HIS,0.5985638241497061,0.5184672254875881,0.6776341117059111,0.7436894387502944,0.7436894387502944,0.7436894387502944,24.245637431688667,43.440009742351215,9.747934158463794
US,FL (mrh-eq),35-44,Female,NHB,0.5526598509152206,0.4670124375495866,0.6361100520184607,0.7410008785187825,0.7410008785187825,0.7410008785187825,34.07901393445963,58.66833920030325,16.48941502614043
US,FL (mrh-eq),35-44,Female,NHW,0.5328590769113807,0.46034015735486544,0.6059842085318501,0.7193918569691836,0.7193918569691836,0.7193918569691836,35.00602469587377,56.273973815980014,18.714621080983648
US,FL (mrh-eq),35-44,Female,OTH,0.6488693912006951,0.53293799628549,0.7614393038477357,0.7990065546495791,0.7990065546495791,0.7990065546495791,23.138271813232546,49.92486184482119,4.933715742280058
US,FL (mrh-eq),35-44,Male,HIS,0.625930454308841,0.5497837789124884,0.7025913580893856,0.7341431871576712,0.7341431871576712,0.7341431871576712,17.288299699096747,33.53307524093543,4.490779555570847
US,FL (mrh-eq),35-44,Male,NHB,0.5996032674389055,0.5015636354333679,0.6973253580971254,0.7787988111777391,0.7787988111777391,0.7787988111777391,29.885684997053847,55.27417782288595,11.68370720131848
US,FL (mrh-eq),35-44,Male,NHW,0.6327978710042215,0.5143845918655502,0.7505649646908674,0.7468626878543853,0.7468626878543853,0.7468626878543853,18.025474180111907,45.19538486673803,-0.4932653415293651
US,FL (mrh-eq),35-44,Male,OTH,0.607210322403565,0.4841514034674714,0.7299597444570783,0.6756255504678712,0.6756255504678712,0.6756255504678712,11.267138508695508,39.5484027577056,-7.443450738453973
US,FL (mrh-eq),45-54,Female,HIS,0.5963827964347235,0.5171609696598094,0.6767513711098531,0.7144205183312686,0.7144205183312686,0.7144205183312686,19.792274794342575,38.14277570119365,5.56617227973092
US,FL (mrh-eq),45-54,Female,NHB,0.5661959855178338,0.4716673715476625,0.6594949552369053,0.7393510211488846,0.7393510211488846,0.7393510211488846,30.582172968373488,56.752632416120484,12.10866971428057
US,FL (mrh-eq),45-54,Female,NHW,0.5574869028625895,0.4625060827915201,0.6520997370143713,0.7410460598946484,0.7410460598946484,0.7410460598946484,32.926182855510596,60.22406784835377,13.639987540482156
US,FL (mrh-eq),45-54,Female,OTH,0.6209866440153737,0.450495896321741,0.7959996569741181,0.7347164811119813,0.7347164811119813,0.7347164811119813,18.314377320777282,63.09060462278928,-7.698894757705838
US,FL (mrh-eq),45-54,Male,HIS,0.5916359522356341,0.4986198650599483,0.6807675367022381,0.7117334916717307,0.7117334916717307,0.7117334916717307,20.2992294471423,42.74070119251267,4.548682670665722
US,FL (mrh-eq),45-54,Male,NHB,0.6493160915783859,0.5341085418751744,0.7662965917020292,0.7957753164006887,0.7957753164006887,0.7957753164006887,22.555921025502894,48.99131056897943,3.8469079750418724
US,FL (mrh-eq),45-54,Male,NHW,0.6060850274168966,0.5251622718913148,0.6827393699501961,0.7425565668822226,0.7425565668822226,0.7425565668822226,22.516896688070435,41.39564219036259,8.761351632086189
US,FL (mrh-eq),45-54,Male,OTH,0.7031313138290687,0.5533265309123214,0.8525794821835139,0.7241880660864541,0.7241880660864541,0.7241880660864541,2.99471120731573,30.87897030572838,-15.05917263786839
US,FL (mrh-eq),55-64,Female,HIS,0.6038379479743234,0.5164999230267928,0.6908555451709656,0.7283903282251025,0.7283903282251025,0.7283903282251025,20.626789135828762,41.02428591984865,5.433087034837105
US,FL (mrh-eq),55-64,Female,NHB,0.5426109803208399,0.45700286982599414,0.6272479418321768,0.6801614257146383,0.6801614257146383,0.6801614257146383,25.349734963429306,48.83088720506565,8.435816262370261
US,FL (mrh-eq),55-64,Female,NHW,0.5923562541830958,0.5093043405858501,0.673511966236417,0.7163468927233398,0.7163468927233398,0.7163468927233398,20.93176828380694,40.65202976658904,6.359935477655183
US,FL (mrh-eq),55-64,Female,OTH,0.5830297017015178,0.45151294825925575,0.7163041265486075,0.7182138791850752,0.7182138791850752,0.7182138791850752,23.18649926222197,59.06827964824644,0.26661198305103573
US,FL (mrh-eq),55-64,Male,HIS,0.6531061797509677,0.5485240305117286,0.7598763342712554,0.7472624735834063,0.7472624735834063,0.7472624735834063,14.416690080675812,36.23149251752393,-1.6599886216941175
US,FL (mrh-eq),55-64,Male,NHB,0.5642349166892344,0.4864248606870146,0.6434718046400519,0.6967015056968103,0.6967015056968103,0.6967015056968103,23.477205165687216,43.229008631015716,8.272266270708514
US,FL (mrh-eq),55-64,Male,NHW,0.6194486926340087,0.5188135056662823,0.7198750251096435,0.7286151481943967,0.7286151481943967,0.7286151481943967,17.623163444932345,40.438739592693956,1.2141167258055574
US,FL (mrh-eq),55-64,Male,OTH,0.6206479699188133,0.45872396672793786,0.7772806159162299,0.6714177781415064,0.6714177781415064,0.6714177781415064,8.180129587684663,46.366404818720525,-13.61964207095738
US,FL (mrh-eq),65-74,Female,HIS,0.5549219405808888,0.45568195246658927,0.6539994540657125,0.6976154276061918,0.6976154276061918,0.6976154276061918,25.714154836972615,53.09261730249041,6.669114671171708
US,FL (mrh-eq),65-74,Female,NHB,0.5420599334432914,0.4591393801286541,0.6278846485861577,0.7062836857397784,0.7062836857397784,0.7062836857397784,30.296235188109062,53.82772994594207,12.486216589329926
US,FL (mrh-eq),65-74,Female,NHW,0.6033910715738562,0.5245522883132955,0.6817385092595681,0.7188459452370599,0.7188459452370599,0.7188459452370599,19.13433577365618,37.03990264698266,5.443059981721427
US,FL (mrh-eq),65-74,Female,OTH,0.6967633265524606,0.5299334770195503,0.8661401704541719,0.7428015931550314,0.7428015931550314,0.7428015931550314,6.607446868704334,40.16883729118097,-14.24002505673722
US,FL (mrh-eq),65-74,Male,HIS,0.600614312664968,0.47910220470621545,0.7253108551983178,0.7024748817149422,0.7024748817149422,0.7024748817149422,16.959397553816473,46.62317869017081,-3.1484395028296817
US,FL (mrh-eq),65-74,Male,NHB,0.5955338722641976,0.4976266295487549,0.6956795709542992,0.6825542534288666,0.6825542534288666,0.6825542534288666,14.612163172821838,37.16192279496838,-1.8866900902994748
US,FL (mrh-eq),65-74,Male,NHW,0.637374968912206,0.5490989227535753,0.7257860184081503,0.7160558590628919,0.7160558590628919,0.7160558590628919,12.344521512190678,30.405620807280947,-1.3406374741964955
US,FL (mrh-eq),65-74,Male,OTH,0.6345775307165675,0.4905274751760325,0.7759800134302579,0.6938705894579007,0.6938705894579007,0.6938705894579007,9.343705988829957,41.453970383391,-10.58138386959072
US,FL (mrh-eq),75+,Female,HIS,0.5191153198394458,0.4169668944101359,0.6251575412332295,0.6528525860907599,0.6528525860907599,0.6528525860907599,25.762535055347037,56.571803383652494,4.430090502131223
US,FL (mrh-eq),75+,Female,NHB,0.49248714574905367,0.3887138033245239,0.5952535853114732,0.604186276290416,0.604186276290416,0.604186276290416,22.680618470046017,55.43216400422022,1.5006530324833993
US,FL (mrh-eq),75+,Female,NHW,0.5495317100236187,0.49464616390973193,0.6032865075311382,0.6770787737848366,0.6770787737848366,0.6770787737848366,23.210137183118334,36.88143630451703,12.231711687980965
US,FL (mrh-eq),75+,Female,OTH,0.6166916149836466,0.39653904161753517,0.8403071919462028,0.6615953980285271,0.6615953980285271,0.6615953980285271,7.281399966184278,66.84243632853702,-21.267435960385907
US,FL (mrh-eq),75+,Male,HIS,0.5773143444646855,0.42498255979763044,0.7312962190247311,0.6695639306495241,0.6695639306495241,0.6695639306495241,15.97909129910447,57.550919493816224,-8.441488793355743
US,FL (mrh-eq),75+,Male,NHB,0.5380779800547232,0.42164294265008134,0.6516079859852164,0.657318291686681,0.657318291686681,0.657318291686681,22.16041467071946,55.894531888841556,0.8763406563887837
US,FL (mrh-eq),75+,Male,NHW,0.6011184639903382,0.5332436147419439,0.6733427670946915,0.7031192184565493,0.7031192184565493,0.7031192184565493,16.96849466062161,31.857034762022312,4.422183294599847
US,FL (mrh-eq),75+,Male,OTH,0.5520626749047517,0.39545646697069525,0.7103090092145917,0.7031270848341294,0.7031270848341294,0.7031270848341294,27.36363402134389,77.80138739929463,-1.0110985905139414
Veg,FL (mrh-eq),20-34,Female,HIS,0.601474907393645,0.5310631466352688,0.6723161325541287,0.566573360142417,0.566573360142417,0.566573360142417,-5.802660563591239,6.686627330880568,-15.728132539374737
Veg,FL (mrh-eq),20-34,Female,NHB,0.5217880109653734,0.4562238103166054,0.5879298487545307,0.48999153236051063,0.48999153236051063,0.48999153236051063,-6.093754156220513,7.401569422795238,-16.65816365702343
Veg,FL (mrh-eq),20-34,Female,NHW,0.5339985788785642,0.4727697923541734,0.59446203533328,0.5152664888380083,0.5152664888380083,0.5152664888380083,-3.5078913655340846,8.988877286812501,-13.322221065113338
Veg,FL (mrh-eq),20-34,Female,OTH,0.5950446624237412,0.5055921730871046,0.6876221261807557,0.5752170958939269,0.5752170958939269,0.5752170958939269,-3.332114004527408,13.770965318093872,-16.346918751896126
Veg,FL (mrh-eq),20-34,Male,HIS,0.6049004575561749,0.5326444021321333,0.6772586554026936,0.5022400703512604,0.5022400703512604,0.5022400703512604,-16.971451405354713,-5.708185735016973,-25.842207206250954
Veg,FL (mrh-eq),20-34,Male,NHB,0.5239451043532243,0.44970671157279624,0.5992481980793956,0.5111816266253851,0.5111816266253851,0.5111816266253851,-2.4360333977344473,13.670001685673675,-14.696176264904231
Veg,FL (mrh-eq),20-34,Male,NHW,0.5288998822448128,0.469258379229808,0.588781760340792,0.494110900687638,0.494110900687638,0.494110900687638,-6.577611893109084,5.296127369876775,-16.079108768307915
Veg,FL (mrh-eq),20-34,Male,OTH,0.554454345965501,0.4822622535237897,0.6231707713825878,0.47841180673041456,0.47841180673041456,0.47841180673041456,-13.714842310897488,-0.798413470106926,-23.229421420232228
Veg,FL (mrh-eq),35-44,Female,HIS,0.598234305098255,0.51745963480919,0.67994891781149,0.5248990869701741,0.5248990869701741,0.5248990869701741,-12.258611300473026,1.437687436958696,-22.803158704975274
Veg,FL (mrh-eq),35-44,Female,NHB,0.5514770287164095,0.46508215368609923,0.6354189924007567,0.5515973203248768,0.5515973203248768,0.5515973203248768,0.021812623591478862,18.60212565738866,-13.191559125291901
Veg,FL (mrh-eq),35-44,Female,NHW,0.5330303340569399,0.45895059908526925,0.6072859072613828,0.5215921202733845,0.5215921202733845,0.5215921202733845,-2.1458842119731028,13.648859226453913,-14.1109460903585
Veg,FL (mrh-eq),35-44,Female,OTH,0.6490672572201789,0.5381386278224499,0.7602814299133029,0.607340715744401,0.607340715744401,0.607340715744401,-6.42869302242792,12.859528074015742,-20.116329052827485
Veg,FL (mrh-eq),35-44,Male,HIS,0.62455689630598,0.550103991670975,0.7004667389603115,0.5128802103401012,0.5128802103401012,0.5128802103401012,-17.880946736222835,-6.766680826620479,-26.78021927188736
Veg,FL (mrh-eq),35-44,Male,NHB,0.5994768114172074,0.5019362253028977,0.699713210571527,0.5871217910903699,0.5871217910903699,0.5871217910903699,-2.060967178635212,16.971392279181725,-16.091081000056047
Veg,FL (mrh-eq),35-44,Male,NHW,0.6339385842487226,0.5143905950853052,0.7528873064523884,0.5478964919756777,0.5478964919756777,0.5478964919756777,-13.572622713131269,6.513707134325814,-27.22729055462885
Veg,FL (mrh-eq),35-44,Male,OTH,0.6059582214415561,0.4872877735802204,0.7262276581128739,0.4665590611317982,0.4665590611317982,0.4665590611317982,-23.004747749462258,-4.253895454040103,-35.75581211762617
Veg,FL (mrh-eq),45-54,Female,HIS,0.5954714363372972,0.51392479058389,0.6771809124218134,0.5124746493897364,0.5124746493897364,0.5124746493897364,-13.93799633078425,-0.282169924612117,-24.322342820183053
Veg,FL (mrh-eq),45-54,Female,NHB,0.5666505045555802,0.4735203940074768,0.658781506567283,0.5504108456176794,0.5504108456176794,0.5504108456176794,-2.8659039050247466,16.238044355274063,-16.45016744842934
Veg,FL (mrh-eq),45-54,Female,NHW,0.557192878660562,0.46235579705142843,0.6526295696066634,0.5460783520271353,0.5460783520271353,0.5460783520271353,-1.9947359449648685,18.107819888845103,-16.32644650835328
Veg,FL (mrh-eq),45-54,Female,OTH,0.6220251104042299,0.45491885277419114,0.7910772075569702,0.5421365480180738,0.5421365480180738,0.5421365480180738,-12.843301829766919,19.17214349592476,-31.46856680496243
Veg,FL (mrh-eq),45-54,Male,HIS,0.5914959996505181,0.501608246915671,0.6866012020835663,0.5222608536075345,0.5222608536075345,0.5222608536075345,-11.705091172871974,4.117278138637858,-23.935342375941538
Veg,FL (mrh-eq),45-54,Male,NHB,0.6481219228403807,0.5381648679497698,0.7633722944441176,0.573304723673926,0.573304723673926,0.573304723673926,-11.54369209400754,6.529570735084857,-24.898410926558114
Veg,FL (mrh-eq),45-54,Male,NHW,0.6049629470973474,0.5247463813410066,0.6817101910951433,0.5246610430911773,0.5246610430911773,0.5246610430911773,-13.273854934664014,-0.016262760995354373,-23.037523870909435
Veg,FL (mrh-eq),45-54,Male,OTH,0.701544608860048,0.5507470017343453,0.8507281626487608,0.49708926997239855,0.49708926997239855,0.49708926997239855,-29.143597756366834,-9.742718815168196,-41.56896505874448
Veg,FL (mrh-eq),55-64,Female,HIS,0.6045079894307389,0.5169918756135344,0.6961457560705534,0.5266466930625572,0.5266466930625572,0.5266466930625572,-12.880110392172513,1.8674988726979505,-24.348214656187277
Veg,FL (mrh-eq),55-64,Female,NHB,0.5436910209579799,0.4581064063767662,0.6287991771494017,0.482337277550811,0.482337277550811,0.482337277550811,-11.284671080104292,5.289354358890218,-23.292317312271475
Veg,FL (mrh-eq),55-64,Female,NHW,0.5927839198945136,0.5108021788256064,0.6733612485866565,0.519164486487557,0.519164486487557,0.519164486487557,-12.419269642141657,1.6370931856979312,-22.899559845884944
Veg,FL (mrh-eq),55-64,Female,OTH,0.5846358276769882,0.45135935591930854,0.7140995236627835,0.535946483889268,0.535946483889268,0.535946483889268,-8.328149162733329,18.740528330841002,-24.9479286668232
Veg,FL (mrh-eq),55-64,Male,HIS,0.6539827379471527,0.5478296529266524,0.7584206398469023,0.5286231454156725,0.5286231454156725,0.5286231454156725,-19.1686393627121,-3.5059269625829246,-30.29947793583488
Veg,FL (mrh-eq),55-64,Male,NHB,0.5648037338889025,0.48682985000278955,0.6429774067122584,0.504234221677505,0.504234221677505,0.504234221677505,-10.723992880562577,3.57504201408679,-21.5782364335615
Veg,FL (mrh-eq),55-64,Male,NHW,0.6178927897604575,0.5184271575677702,0.7123412982034658,0.5260784196223875,0.5260784196223875,0.5260784196223875,-14.859271973972085,1.4758605800115918,-26.147982582342998
Veg,FL (mrh-eq),55-64,Male,OTH,0.6207090287214265,0.46022155999015296,0.7752599436861605,0.4664586061660877,0.4664586061660877,0.4664586061660877,-24.85068130442263,1.3552268555319713,-39.83197378311619
Veg,FL (mrh-eq),65-74,Female,HIS,0.555592985286528,0.459576232589935,0.6542125472930553,0.5207242138318929,0.5207242138318929,0.5207242138318929,-6.27595602861197,13.305296685461599,-20.404428807349998
Veg,FL (mrh-eq),65-74,Female,NHB,0.5420873397441532,0.45985251008654215,0.6256563455124796,0.5539859616887155,0.5539859616887155,0.5539859616887155,2.194963997900782,20.47035724225097,-11.455231667962767
Veg,FL (mrh-eq),65-74,Female,NHW,0.6021903658697906,0.5233126465183825,0.6826810224210542,0.537317311275422,0.537317311275422,0.537317311275422,-10.77284830033229,2.676156376157364,-21.29306460433242
Veg,FL (mrh-eq),65-74,Female,OTH,0.6965132994066301,0.5253390112940434,0.862698439783128,0.5643982581368739,0.5643982581368739,0.5643982581368739,-18.968057233409166,7.435055460019566,-34.57757286790076
Veg,FL (mrh-eq),65-74,Male,HIS,0.601505754573214,0.4799274185754962,0.7241773712195765,0.5238656742245413,0.5238656742245413,0.5238656742245413,-12.907620543673861,9.155187628050326,-27.660584955546618
Veg,FL (mrh-eq),65-74,Male,NHB,0.5948019927801331,0.49711465430921764,0.6954446086127108,0.502560840280225,0.502560840280225,0.502560840280225,-15.507875497990279,1.0955593289791974,-27.735317226379095
Veg,FL (mrh-eq),65-74,Male,NHW,0.6371240115729624,0.5464271437705543,0.7275322448751363,0.5104499333503054,0.5104499333503054,0.5104499333503054,-19.882169863590278,-6.584081854351624,-29.838170480277192
Veg,FL (mrh-eq),65-74,Male,OTH,0.6348407018481791,0.4914166460757805,0.78136958976811,0.5070621879759739,0.5070621879759739,0.5070621879759739,-20.12764989708602,3.183763111227765,-35.10597358588569
Veg,FL (mrh-eq),75+,Female,HIS,0.5205478286035848,0.4191971333946604,0.6231143571774317,0.4639143744245417,0.4639143744245417,0.4639143744245417,-10.879587055615493,10.667353726338929,-25.549079542000957
Veg,FL (mrh-eq),75+,Female,NHB,0.492263537759375,0.3896553800203432,0.5979980452288446,0.4415869366698896,0.4415869366698896,0.4415869366698896,-10.294607908631415,13.327560534859058,-26.1557892717022
Veg,FL (mrh-eq),75+,Female,NHW,0.5497860663915672,0.4947716668840668,0.6033860374138473,0.49124491936186704,0.49124491936186704,0.49124491936186704,-10.647986663962882,-0.7128030480019696,-18.58530212807452
Veg,FL (mrh-eq),75+,Female,OTH,0.613290307677716,0.3928946049997158,0.8449175034420485,0.46824878269950404,0.46824878269950404,0.46824878269950404,-23.649733765959212,19.179234517573168,-44.580532325115875
Veg,FL (mrh-eq),75+,Male,HIS,0.579814623121956,0.4261045925816226,0.73723189315691,0.47343907815794917,0.47343907815794917,0.47343907815794917,-18.34647501493459,11.108654166232533,-35.781525114081845
Veg,FL (mrh-eq),75+,Male,NHB,0.5377781314421013,0.42476926362438444,0.6526127549026037,0.4855505884213573,0.4855505884213573,0.4855505884213573,-9.711726819514038,14.309256813534569,-25.598973545372843
Veg,FL (mrh-eq),75+,Male,NHW,0.6028233290203395,0.5333152565967176,0.6710546544741565,0.52333728218666,0.52333728218666,0.52333728218666,-13.185628857936527,-1.870933615087408,-22.01271853233012
Veg,FL (mrh-eq),75+,Male,OTH,0.5531739650908087,0.39484375955088086,0.7070527805745987,0.532162741149865,0.532162741149865,0.532162741149865,-3.7983031138304924,34.77805544025288,-24.73507554593115
Vegan,FL (mrh-eq),20-34,Female,HIS,0.6012033760161928,0.530929003435456,0.672949291947547,0.5876807393120818,0.5876807393120818,0.5876807393120818,-2.2492616049026988,10.68913837997267,-12.670873371260125
Vegan,FL (mrh-eq),20-34,Female,NHB,0.5226857864311532,0.45703749610509614,0.589288360666064,0.5120858114647481,0.5120858114647481,0.5120858114647481,-2.0279822489110826,12.04459499029671,-13.100979818107225
Vegan,FL (mrh-eq),20-34,Female,NHW,0.5345930626836011,0.4729564882659755,0.5965066813095913,0.5438382640297216,0.5438382640297216,0.5438382640297216,1.7293904450818274,14.98695493609222,-8.8294765054835
Vegan,FL (mrh-eq),20-34,Female,OTH,0.5959226639998955,0.5041547231544277,0.6867444880928971,0.6244418761274886,0.6244418761274886,0.6244418761274886,4.7857236937707945,23.859174068714566,-9.072167748797535
Vegan,FL (mrh-eq),20-34,Male,HIS,0.6046895067170818,0.5305942589898154,0.676448398414892,0.523242597455703,0.523242597455703,0.523242597455703,-13.469211613008131,-1.3855524083711368,-22.64855698057577
Vegan,FL (mrh-eq),20-34,Male,NHB,0.5241736457560466,0.44814303356616264,0.6008829490453341,0.526430703147834,0.526430703147834,0.526430703147834,0.4305934512468477,17.469348783285994,-12.390474054187713
Vegan,FL (mrh-eq),20-34,Male,NHW,0.530258847264984,0.47079838397069385,0.5890018106832283,0.5031664390521825,0.5031664390521825,0.5031664390521825,-5.10927980787894,6.875141500805045,-14.573023388753048
Vegan,FL (mrh-eq),20-34,Male,OTH,0.5545425634046813,0.48503444411543606,0.6241892901103179,0.5128011172331148,0.5128011172331148,0.5128011172331148,-7.527185274163596,5.724680680836437,-17.845255380385737
Vegan,FL (mrh-eq),35-44,Female,HIS,0.5984426013926955,0.5173811491274753,0.6758152109781437,0.5528627562119701,0.5528627562119701,0.5528627562119701,-7.6164105086522795,6.857924210097691,-18.193206185492315
Vegan,FL (mrh-eq),35-44,Female,NHB,0.5516995615577813,0.46702432742363786,0.6359992360475119,0.5589712299590555,0.5589712299590555,0.5589712299590555,1.3180486097798987,19.68781862877403,-12.111336259954575
Vegan,FL (mrh-eq),35-44,Female,NHW,0.5332230682789106,0.45946677865784036,0.6066888595066567,0.5412815245951471,0.5412815245951471,0.5412815245951471,1.5112730104207293,17.806455164462122,-10.781034444030691
Vegan,FL (mrh-eq),35-44,Female,OTH,0.6478964243897418,0.535692653821241,0.7630494298309587,0.6628189604266133,0.6628189604266133,0.6628189604266133,2.3032286450611417,23.731202154546242,-13.135514618830117
Vegan,FL (mrh-eq),35-44,Male,HIS,0.6254863735831672,0.5489845330118904,0.7016544340777652,0.52387402933055,0.52387402933055,0.52387402933055,-16.24533299910591,-4.573991100182146,-25.337316506933316
Vegan,FL (mrh-eq),35-44,Male,NHB,0.5993289746243872,0.49947664854281437,0.6967056746818907,0.5989833096255393,0.5989833096255393,0.5989833096255393,-0.05767533583113557,19.92218482546243,-14.026348371709558
Vegan,FL (mrh-eq),35-44,Male,NHW,0.6325703952989761,0.5128051143799378,0.7522690038021992,0.5745388673527834,0.5745388673527834,0.5745388673527834,-9.173924100378562,12.038443307549963,-23.625875258865246
Vegan,FL (mrh-eq),35-44,Male,OTH,0.6064619166082998,0.48413577253232287,0.7256293648931275,0.516436792651917,0.516436792651917,0.516436792651917,-14.84431610477003,6.671892876380578,-28.829121637328015
Vegan,FL (mrh-eq),45-54,Female,HIS,0.5953316541795415,0.5156238304567011,0.6758452822689922,0.5535543882186377,0.5535543882186377,0.5535543882186377,-7.017477681155608,7.356246069608631,-18.094510276048904
Vegan,FL (mrh-eq),45-54,Female,NHB,0.5670259658950114,0.47240596945925323,0.6617544184811551,0.4166131031209495,0.4166131031209495,0.4166131031209495,-26.52662696612942,-11.81036437836886,-37.04415240971852
Vegan,FL (mrh-eq),45-54,Female,NHW,0.5581651910099331,0.46125682318902,0.6540051818309276,0.5773652166086486,0.5773652166086486,0.5773652166086486,3.4398464662361565,25.172179051332567,-11.71855626704986
Vegan,FL (mrh-eq),45-54,Female,OTH,0.6200592743493675,0.45415115590217425,0.7950635876359374,0.5799650054209922,0.5799650054209922,0.5799650054209922,-6.466199375930068,27.703078123601355,-27.054261515676366
Vegan,FL (mrh-eq),45-54,Male,HIS,0.591033186207222,0.5011954554923802,0.6844266164438186,0.5557425441638915,0.5557425441638915,0.5557425441638915,-5.971008543496118,10.883396502053987,-18.801734062966595
Vegan,FL (mrh-eq),45-54,Male,NHB,0.6500973000378109,0.5349964502100065,0.7663332776524738,0.5963107112245649,0.5963107112245649,0.5963107112245649,-8.273621319472888,11.460685578472567,-22.186504408205124
Vegan,FL (mrh-eq),45-54,Male,NHW,0.6051372891591872,0.5257541184323019,0.6814570551501973,0.5521979359563135,0.5521979359563135,0.5521979359563135,-8.7483211084927,5.029692891966684,-18.96805062285169
Vegan,FL (mrh-eq),45-54,Male,OTH,0.7026760179955425,0.5534314395321794,0.8541888563901809,0.5561946757899873,0.5561946757899873,0.5561946757899873,-20.846213397663504,0.4992915220254963,-34.88621730088156
Vegan,FL (mrh-eq),55-64,Female,HIS,0.6050389196382949,0.5180471842690716,0.6937335447008411,0.5794821294998856,0.5794821294998856,0.5794821294998856,-4.223991103528955,11.858947813314433,-16.469063096873047
Vegan,FL (mrh-eq),55-64,Female,NHB,0.5428932880603933,0.4585532318393028,0.6282490536054887,0.5114670469677934,0.5114670469677934,0.5114670469677934,-5.788658983955586,11.539296084829246,-18.588489066157656
Vegan,FL (mrh-eq),55-64,Female,NHW,0.5923570600469882,0.5106391851666882,0.6753617719766052,0.564212696210635,0.564212696210635,0.564212696210635,-4.751249834706231,10.491461015953718,-16.45770909429272
Vegan,FL (mrh-eq),55-64,Female,OTH,0.5825234133378052,0.4479435637722496,0.711471297986197,0.5892186460802603,0.5892186460802603,0.5892186460802603,1.149349981332429,31.538589620151342,-17.183075726592204
Vegan,FL (mrh-eq),55-64,Male,HIS,0.6553754287688102,0.5505480967915173,0.7593396728783204,0.5744027597960046,0.5744027597960046,0.5744027597960046,-12.355157886361559,4.332893555260203,-24.354965200396002
Vegan,FL (mrh-eq),55-64,Male,NHB,0.5647587611193967,0.48592531060979677,0.6436723148323802,0.3682279496045456,0.3682279496045456,0.3682279496045456,-34.79907263860971,-24.22128636550143,-42.79263825407242
Vegan,FL (mrh-eq),55-64,Male,NHW,0.6179183670214127,0.5188012669003208,0.7147784183628976,0.5639766188095816,0.5639766188095816,0.5639766188095816,-8.729591332889095,8.707641016216044,-21.097699046189295
Vegan,FL (mrh-eq),55-64,Male,OTH,0.6206995052831095,0.4622146050789409,0.7811423612643434,0.5212668815072142,0.5212668815072142,0.5212668815072142,-16.019446274657923,12.775943420954402,-33.268645082376445
Vegan,FL (mrh-eq),65-74,Female,HIS,0.5547470497576336,0.45520493260653805,0.6507801637934282,0.5770231407814621,0.5770231407814621,0.5770231407814621,4.015540241910411,26.761179295088862,-11.333631096257285
Vegan,FL (mrh-eq),65-74,Female,NHB,0.5431331408461285,0.45998156715940064,0.6251550407323124,0.5950401658498476,0.5950401658498476,0.5950401658498476,9.556961470414963,29.361741498577093,-4.817185005368898
Vegan,FL (mrh-eq),65-74,Female,NHW,0.6018141118836313,0.524911957911991,0.6802668371137556,0.5743305451498639,0.5743305451498639,0.5743305451498639,-4.566786685633869,9.414643064039073,-15.572755598870502
Vegan,FL (mrh-eq),65-74,Female,OTH,0.6949071258027947,0.5246281471172461,0.8619218023645882,0.6176147635930935,0.6176147635930935,0.6176147635930935,-11.122689542204476,17.724290430621203,-28.344455158375737
Vegan,FL (mrh-eq),65-74,Male,HIS,0.6014551130317014,0.4800047777127074,0.7253168824754108,0.5802350934065115,0.5802350934065115,0.5802350934065115,-3.528113597410132,20.88110792801191,-20.002538555803962
Vegan,FL (mrh-eq),65-74,Male,NHB,0.5949399362621812,0.49399403794067376,0.6944539161259926,0.545261508943812,0.545261508943812,0.545261508943812,-8.350158442965357,10.378155820839115,-21.483413617198625
Vegan,FL (mrh-eq),65-74,Male,NHW,0.6373695128161454,0.5469929994253566,0.7267211212086102,0.5597754708221948,0.5597754708221948,0.5597754708221948,-12.174106296849697,2.3368619726882818,-22.972450574818577
Vegan,FL (mrh-eq),65-74,Male,OTH,0.63472958295129,0.49133309454779683,0.7786797908327355,0.5708000708213327,0.5708000708213327,0.5708000708213327,-10.071928872876148,16.173747943169598,-26.696431891354493
Vegan,FL (mrh-eq),75+,Female,HIS,0.5187881609673297,0.41626113531259173,0.6225200015062846,0.5144869881574937,0.5144869881574937,0.5144869881574937,-0.8290807565492726,23.597171225495067,-17.354143334734324
Vegan,FL (mrh-eq),75+,Female,NHB,0.4925156441898376,0.39234380430245064,0.5947561694243717,0.4914212173935968,0.4914212173935968,0.4914212173935968,-0.2222115803125619,25.252702350505118,-17.374338820358354
Vegan,FL (mrh-eq),75+,Female,NHW,0.5494196183837127,0.49428682935161977,0.6035766801063807,0.5399202042533632,0.5399202042533632,0.5399202042533632,-1.7289907044628203,9.23216484679613,-10.546543289544918
Vegan,FL (mrh-eq),75+,Female,OTH,0.6184143019645318,0.3903215482444923,0.840099976421186,0.5331876155638655,0.5331876155638655,0.5331876155638655,-13.781486962692266,36.60214711740276,-36.53283769448045
Vegan,FL (mrh-eq),75+,Male,HIS,0.5791624822446191,0.4286455609482642,0.7279114591709535,0.3663967806797575,0.3663967806797575,0.3663967806797575,-36.736789430879675,-14.522203409921675,-49.66464999780867
Vegan,FL (mrh-eq),75+,Male,NHB,0.538575040527882,0.42718522995817665,0.6490457436128604,0.5237850334306524,0.5237850334306524,0.5237850334306524,-2.746136746837208,22.613095373623597,-19.299211406110516
Vegan,FL (mrh-eq),75+,Male,NHW,0.6005638913568375,0.531634875690955,0.6709816211704276,0.5738418678812811,0.5738418678812811,0.5738418678812811,-4.449488865403492,7.939093938385912,-14.477259916553397
Vegan,FL (mrh-eq),75+,Male,OTH,0.5511764729149637,0.3974514504354301,0.7101502006552967,0.42845256057719805,0.42845256057719805,0.42845256057719805,-22.265811109230658,7.799974086848718,-39.667332321832745
Med,Food_price ($),20-34,Female,HIS,18.744395705060295,16.21952077697815,21.300683367344774,24.98272423823199,24.98272423823199,24.98272423823199,33.28103306892725,54.02874463277767,17.286022271623487
Med,Food_price ($),20-34,Female,NHB,18.637451785555083,16.186161556043167,21.06391870542633,25.385508024438906,25.385508024438906,25.385508024438906,36.206968187109624,56.8346388768196,20.51654955304816
Med,Food_price ($),20-34,Female,NHW,18.280284814335406,16.033413400362594,20.531066191057235,24.317136157688076,24.317136157688076,24.317136157688076,33.02383636068169,51.66537249727588,18.44068852244969
Med,Food_price ($),20-34,Female,OTH,19.004453023926683,15.664534999813712,22.16755255152057,25.848981763264764,25.848981763264764,25.848981763264764,36.01539455369114,65.01595332113061,16.607287625406666
Med,Food_price ($),20-34,Male,HIS,19.96601829049862,17.212859493611386,22.690396336734352,21.30772873980194,21.30772873980194,21.30772873980194,6.719970050021494,23.789593168470237,-6.093624705417583
Med,Food_price ($),20-34,Male,NHB,18.60790116267965,15.653534270056578,21.441627143788963,23.095334715445098,23.095334715445098,23.095334715445098,24.115742627467995,47.540704335530364,7.712602968824441
Med,Food_price ($),20-34,Male,NHW,16.804590386373054,14.502852943334748,19.086207264611033,21.137108448537173,21.137108448537173,21.137108448537173,25.7817534527791,45.74448579961235,10.745462183724934
Med,Food_price ($),20-34,Male,OTH,19.27620280813367,16.287450713725985,22.340861879704555,23.193048421464294,23.193048421464294,23.193048421464294,20.319591219894683,42.39827232090242,3.814474778763587
Med,Food_price ($),35-44,Female,HIS,17.81811121959165,15.380127088932516,20.275632910621777,20.648954437939334,20.648954437939334,20.648954437939334,15.887448357798279,34.25737198750618,1.841232423980145
Med,Food_price ($),35-44,Female,NHB,16.31984538645902,13.630448139704018,19.001604297735277,20.72413582246542,20.72413582246542,20.72413582246542,26.987329424461038,52.04295273387424,9.06518995838391
Med,Food_price ($),35-44,Female,NHW,17.033401588621523,14.263349590539349,19.73731009829154,22.121623845152378,22.121623845152378,22.121623845152378,29.872026618158507,55.09417128656299,12.080236541793113
Med,Food_price ($),35-44,Female,OTH,17.10144242948394,14.099162988735047,20.081047985859534,21.77290357854667,21.77290357854667,21.77290357854667,27.3161820608117,54.42692304460053,8.425135948474853
Med,Food_price ($),35-44,Male,HIS,18.672878531435096,15.910863042609973,21.548439549069634,21.31394851127361,21.31394851127361,21.31394851127361,14.143882398165712,33.95846884102981,-1.088204263060665
Med,Food_price ($),35-44,Male,NHB,18.962218383039136,15.57085409374141,22.308414644600084,25.168603719316472,25.168603719316472,25.168603719316472,32.7302703244293,61.63919825973328,12.821122075605304
Med,Food_price ($),35-44,Male,NHW,19.338178689499063,15.58367851242183,23.02123444780781,24.427227038871482,24.427227038871482,24.427227038871482,26.31606849375041,56.748787004303345,6.10737271387963
Med,Food_price ($),35-44,Male,OTH,18.557986850663347,14.047626007710642,23.073180392719028,21.596306703051894,21.596306703051894,21.596306703051894,16.372033652345987,53.73634442714972,-6.40082409329741
Med,Food_price ($),45-54,Female,HIS,17.200078051057023,14.918516054737562,19.49434143159911,20.389774305344208,20.389774305344208,20.389774305344208,18.54466151152822,36.67427933537115,4.593296351594912
Med,Food_price ($),45-54,Female,NHB,16.249368795498885,13.90505640048503,18.62052165023589,20.888899207285828,20.888899207285828,20.888899207285828,28.552065438210157,50.2252030172074,12.18213753437569
Med,Food_price ($),45-54,Female,NHW,17.377691258344043,14.130753414005996,20.662385712899603,25.069337760943455,25.069337760943455,25.069337760943455,44.26161328482691,77.40977445757031,21.32837954570065
Med,Food_price ($),45-54,Female,OTH,15.445750711313368,11.700293596540986,19.14199299209651,19.612891837202508,19.612891837202508,19.612891837202508,26.97920744530004,67.62734777015136,2.4600303912995063
Med,Food_price ($),45-54,Male,HIS,17.103566556785744,14.332363444909664,19.809982238533934,19.8155830822585,19.8155830822585,19.8155830822585,15.856438576530566,38.25760948935659,0.028272835670041723
Med,Food_price ($),45-54,Male,NHB,17.583203990576088,14.75580601359799,20.312135249164168,21.889602107364983,21.889602107364983,21.889602107364983,24.49154385683608,48.34568906092253,7.766130142648231
Med,Food_price ($),45-54,Male,NHW,18.332174126977385,15.511697144009531,21.127255746166036,24.180239676783604,24.180239676783604,24.180239676783604,31.900556416820645,55.88390781676511,14.450451905811729
Med,Food_price ($),45-54,Male,OTH,17.61108925946937,13.765000751131948,21.49789496000501,21.086368952274473,21.086368952274473,21.086368952274473,19.73347384481892,53.18828769798984,-1.91426187771475
Med,Food_price ($),55-64,Female,HIS,15.614519671734268,13.418706183852473,17.817062885627237,18.750963887359518,18.750963887359518,18.750963887359518,20.086715964135017,39.737495034533715,5.241610290805252
Med,Food_price ($),55-64,Female,NHB,16.91835896980256,14.504944189728,19.30730032585469,20.68033997323527,20.68033997323527,20.68033997323527,22.236086905044615,42.5744194719516,7.111505100181832
Med,Food_price ($),55-64,Female,NHW,17.50505770070445,14.674682616227033,20.227785691591983,23.123537241185982,23.123537241185982,23.123537241185982,32.09632116925514,57.574360181502925,14.315712029704105
Med,Food_price ($),55-64,Female,OTH,17.257644719234253,13.297001222086987,21.152515751906346,20.697524675014602,20.697524675014602,20.697524675014602,19.93249954871583,55.65558225741135,-2.1510021891875377
Med,Food_price ($),55-64,Male,HIS,18.59940685011756,15.785312846045656,21.454722232220337,19.33993252637213,19.33993252637213,19.33993252637213,3.9814478075675295,22.518525384924093,-9.856989444833042
Med,Food_price ($),55-64,Male,NHB,15.65144666294083,13.078895662691258,18.28131807482144,19.435837532011064,19.435837532011064,19.435837532011064,24.179176216540014,48.60457666508926,6.315296591112466
Med,Food_price ($),55-64,Male,NHW,18.691649497924658,15.37911806312715,21.924739752970478,23.111634416024184,23.111634416024184,23.111634416024184,23.646842503601835,50.279322397793756,5.413494875773383
Med,Food_price ($),55-64,Male,OTH,15.72035473769833,11.877422561986334,19.430024942106918,17.53795358678631,17.53795358678631,17.53795358678631,11.562072735733315,47.657907220683484,-9.737874042664203
Med,Food_price ($),65-74,Female,HIS,15.277076633655966,12.646210702400737,17.86891030470361,18.70273769674466,18.70273769674466,18.70273769674466,22.423537861568587,47.892029769788365,4.666358372292913
Med,Food_price ($),65-74,Female,NHB,15.523919134361279,13.264050201097126,17.841270569463532,19.22336181344817,19.22336181344817,19.22336181344817,23.8305974610393,44.92829506825996,7.746596513984697
Med,Food_price ($),65-74,Female,NHW,17.11914001640168,15.042926330883612,19.271647197997797,21.28485342544246,21.28485342544246,21.28485342544246,24.33366048206657,41.49410132883501,10.446466805669948
Med,Food_price ($),65-74,Female,OTH,14.761298172520213,11.463044151783453,17.961270893790847,17.514448078107613,17.514448078107613,17.514448078107613,18.651136732084257,52.79054888210183,-2.487701557007857
Med,Food_price ($),65-74,Male,HIS,16.925463417111622,13.656862159093244,20.225223932459617,18.507090766760783,18.507090766760783,18.507090766760783,9.34466200819138,35.514956152926224,-8.495001941320359
Med,Food_price ($),65-74,Male,NHB,16.062824820019703,13.22276930218619,18.871604074933348,19.6136112879963,19.6136112879963,19.6136112879963,22.105616588379384,48.33209927328519,3.931871451502842
Med,Food_price ($),65-74,Male,NHW,18.32589489122332,15.797881728333607,20.902596667686634,22.16069007032614,22.16069007032614,22.16069007032614,20.925554805726776,40.276338634570195,6.018837863261244
Med,Food_price ($),65-74,Male,OTH,15.417211366589465,11.726272034597464,18.966748799076207,17.61952884517306,17.61952884517306,17.61952884517306,14.284797854923518,50.256865892143686,-7.103062144044231
Med,Food_price ($),75+,Female,HIS,13.272397812834546,10.692751347610873,15.776641003602956,16.00396975857664,16.00396975857664,16.00396975857664,20.580847441904105,49.67120470965105,1.4409198695829462
Med,Food_price ($),75+,Female,NHB,14.097942422165687,11.409023741665411,16.802513007173744,16.613385029775607,16.613385029775607,16.613385029775607,17.842622223048522,45.61618422358107,-1.125593399733656
Med,Food_price ($),75+,Female,NHW,15.911819546397837,14.251588473573182,17.594490676475544,21.289234343369056,21.289234343369056,21.289234343369056,33.795096665664325,49.38148391560582,20.99943519157116
Med,Food_price ($),75+,Female,OTH,17.886914473554725,11.57211562565279,24.319926752830092,19.305687026951023,19.305687026951023,19.305687026951023,7.931902148321397,66.82936510031611,-20.61782412767985
Med,Food_price ($),75+,Male,HIS,15.789550971005637,10.334122045353844,21.228811514069374,21.44359129481039,21.44359129481039,21.44359129481039,35.808746773022676,107.50278737467876,1.011737188389797
Med,Food_price ($),75+,Male,NHB,14.628675350181426,11.282769481207936,18.01064297591191,18.582742143907133,18.582742143907133,18.582742143907133,27.02956145428894,64.70018442597537,3.176450550712537
Med,Food_price ($),75+,Male,NHW,16.432933274227786,14.41825485932376,18.499613969005463,22.132681814148988,22.132681814148988,22.132681814148988,34.68491257650436,53.50458172707767,19.63861435828025
Med,Food_price ($),75+,Male,OTH,13.24950320259048,9.100690668739311,17.38708221592118,17.259157806417267,17.259157806417267,17.259157806417267,30.262678853067023,89.64668105578103,-0.7357439731133997
US,Food_price ($),20-34,Female,HIS,18.717666792400657,16.132098429705604,21.241714298226835,21.776420976455896,21.776420976455896,21.776420976455896,16.341535609005973,34.98814845040154,2.517248234873846
US,Food_price ($),20-34,Female,NHB,18.595491107447465,16.14219291458103,21.021180616695144,21.660064718306057,21.660064718306057,21.660064718306057,16.48019723249597,34.1829132691185,3.0392398660211652
US,Food_price ($),20-34,Female,NHW,18.288979897625424,16.08741469450691,20.51408388051859,20.856225061604093,20.856225061604093,20.856225061604093,14.037115128066768,29.64311207024149,1.6678355371765825
US,Food_price ($),20-34,Female,OTH,18.959419710466406,15.766095261100912,22.20079998341439,22.180696211885596,22.180696211885596,22.180696211885596,16.99037497250461,40.68604714454052,-0.09055426625983863
US,Food_price ($),20-34,Male,HIS,19.94566063454445,17.202832322119587,22.77169985997645,18.96234361702073,18.96234361702073,18.96234361702073,-4.929979686010933,10.228032581813537,-16.728466765237183
US,Food_price ($),20-34,Male,NHB,18.587054627751666,15.601004629053936,21.511765018889523,20.90129929098852,20.90129929098852,20.90129929098852,12.450841241847629,33.97405992729328,-2.837822593194718
US,Food_price ($),20-34,Male,NHW,16.819484736713626,14.504757714956485,19.08914859860233,18.681076657021585,18.681076657021585,18.681076657021585,11.068067479168786,28.792752172335263,-2.1377168262529107
US,Food_price ($),20-34,Male,OTH,19.294433918403282,16.36901492600081,22.313676638586948,19.907098622739152,19.907098622739152,19.907098622739152,3.175344282847825,21.614518116898985,-10.78521507157682
US,Food_price ($),35-44,Female,HIS,17.79883177365676,15.342904107395594,20.264196820207566,17.947613002330396,17.947613002330396,17.947613002330396,0.8359044602794584,16.9766354316148,-11.431905436128908
US,Food_price ($),35-44,Female,NHB,16.339593654890763,13.6400847716595,19.04849542874459,18.542297572299876,18.542297572299876,18.542297572299876,13.480775372585846,35.93975318119636,-2.657416478578413
US,Food_price ($),35-44,Female,NHW,17.056877519377228,14.293371487926589,19.78578161736813,19.73320753970526,19.73320753970526,19.73320753970526,15.69062108400335,38.05845287358286,-0.2657164557841961
US,Food_price ($),35-44,Female,OTH,17.122055983727165,14.184426060757195,20.033415088093438,19.304055743064026,19.304055743064026,19.304055743064026,12.743795262733856,36.09331572795082,-3.6407139862184343
US,Food_price ($),35-44,Male,HIS,18.696512892970894,15.877148753626608,21.499813282780238,18.448149252003795,18.448149252003795,18.448149252003795,-1.328395526956653,16.193086921793352,-14.193909456974682
US,Food_price ($),35-44,Male,NHB,19.00275086775554,15.61261844546499,22.43830547683148,21.705634653082964,21.705634653082964,21.705634653082964,14.22364479825792,39.026228873144696,-3.2652680680590227
US,Food_price ($),35-44,Male,NHW,19.301709192649433,15.723462941990016,22.927663491900194,21.755445730649576,21.755445730649576,21.755445730649576,12.712535006664522,38.36294085414833,-5.1126786716175205
US,Food_price ($),35-44,Male,OTH,18.58997201953025,13.90628731636981,23.238243504084654,18.256333028994415,18.256333028994415,18.256333028994415,-1.7947256197336974,31.28114365581921,-21.43841239211799
US,Food_price ($),45-54,Female,HIS,17.211955300013326,15.040263966354198,19.473184249764255,17.90984635205187,17.90984635205187,17.90984635205187,4.054687802018648,19.079335257127575,-8.02815747882277
US,Food_price ($),45-54,Female,NHB,16.268970238286656,13.858318750579423,18.63516385084581,18.44679170433543,18.44679170433543,18.44679170433543,13.386351036057503,33.10988177093386,-1.0108424482773304
US,Food_price ($),45-54,Female,NHW,17.38393578252824,14.045270895839383,20.578027732345685,21.34508222374466,21.34508222374466,21.34508222374466,22.78624639880216,51.97344630830648,3.7275413434946327
US,Food_price ($),45-54,Female,OTH,15.469830087785814,11.811164475357263,19.149881699339435,17.612661129662705,17.612661129662705,17.612661129662705,13.851677941626264,49.11875257016061,-8.027311049810589
US,Food_price ($),45-54,Male,HIS,17.05650504712073,14.367194130427746,19.76953967452558,17.934509919116767,17.934509919116767,17.934509919116767,5.147624730684502,24.829592725652223,-9.282106642945129
US,Food_price ($),45-54,Male,NHB,17.611255052765753,14.806862257473187,20.438996000783575,19.078048981905877,19.078048981905877,19.078048981905877,8.32873026224086,28.845994851319528,-6.658580582067357
US,Food_price ($),45-54,Male,NHW,18.317937880404436,15.416389122935776,21.136206161967188,20.76752795754997,20.76752795754997,20.76752795754997,13.372630113381787,34.710714629361696,-1.7442969736007945
US,Food_price ($),45-54,Male,OTH,17.60351038841998,13.699226264000663,21.411842638245883,17.727651818115845,17.727651818115845,17.727651818115845,0.7052083758108142,29.406226866266376,-17.206323072584738
US,Food_price ($),55-64,Female,HIS,15.604221008205267,13.415142335798363,17.820502149527456,16.872437094366855,16.872437094366855,16.872437094366855,8.127391207127319,25.771584617053872,-5.320080473634357
US,Food_price ($),55-64,Female,NHB,16.865976566486403,14.492708488745063,19.301650697716035,18.5832455008183,18.5832455008183,18.5832455008183,10.181852960380624,28.224793283118338,-3.7219883840439785
US,Food_price ($),55-64,Female,NHW,17.498633913042607,14.730651731866214,20.239249914842986,19.977464706349174,19.977464706349174,19.977464706349174,14.165853206740733,35.61833563095342,-1.2934531150871609
US,Food_price ($),55-64,Female,OTH,17.296785518382045,13.404540284706824,21.16052774303001,18.201020711089235,18.201020711089235,18.201020711089235,5.227764382845706,35.782505960720584,-13.985979309592574
US,Food_price ($),55-64,Male,HIS,18.60659956838777,15.839412564746459,21.438839569516634,17.566138219035945,17.566138219035945,17.566138219035945,-5.591894131583014,10.901450083651675,-18.06395042009265
US,Food_price ($),55-64,Male,NHB,15.64888026477117,13.087740376841529,18.174729768042933,17.22248034538378,17.22248034538378,17.22248034538378,10.055672060799804,31.59246630425664,-5.239414477201841
US,Food_price ($),55-64,Male,NHW,18.711226246730114,15.345047477716538,21.98498647972198,20.085564602015058,20.085564602015058,20.085564602015058,7.344993519733199,30.892814969666983,-8.639631775342991
US,Food_price ($),55-64,Male,OTH,15.671359681336801,11.929063873786562,19.424658689212283,16.111734963211575,16.111734963211575,16.111734963211575,2.8100642881627023,35.0628610398859,-17.055248068994796
US,Food_price ($),65-74,Female,HIS,15.255101822291046,12.584461825518792,17.89895878755562,16.81481854503562,16.81481854503562,16.81481854503562,10.224230168463952,33.61571418921152,-6.057001725004007
US,Food_price ($),65-74,Female,NHB,15.528381361778825,13.22686858175908,17.859296447002425,17.13449261249476,17.13449261249476,17.13449261249476,10.343069334123761,29.54307746071213,-4.058412024563926
US,Food_price ($),65-74,Female,NHW,17.15005223144832,15.038407060111963,19.276274884627348,19.01539714113814,19.01539714113814,19.01539714113814,10.876613578291664,26.445554141002013,-1.353361814202258
US,Food_price ($),65-74,Female,OTH,14.754440030734626,11.474289029739971,17.955038519000638,15.937233515925765,15.937233515925765,15.937233515925765,8.016525755821908,38.895172281423115,-11.23809899343609
US,Food_price ($),65-74,Male,HIS,16.93639829513332,13.6430579582515,20.254430781650942,16.48582215793517,16.48582215793517,16.48582215793517,-2.6604011629061715,20.836708371266063,-18.60634181400871
US,Food_price ($),65-74,Male,NHB,16.016763979423242,13.242455697467507,18.861765816654014,17.366958803456022,17.366958803456022,17.366958803456022,8.4298852487767,31.14605931267934,-7.925064003700813
US,Food_price ($),65-74,Male,NHW,18.294865677037958,15.749924123302014,20.924808507133054,19.487543170572415,19.487543170572415,19.487543170572415,6.519192403972647,23.731028911692302,-6.868714406971465
US,Food_price ($),65-74,Male,OTH,15.38344082085267,11.706221491355393,18.956962109777617,15.07877745647171,15.07877745647171,15.07877745647171,-1.980463070186349,28.809944930623637,-20.4578382910077
US,Food_price ($),75+,Female,HIS,13.21951368278332,10.733037136428669,15.815909213711219,14.664579343830097,14.664579343830097,14.664579343830097,10.931307275915787,36.63028607305851,-7.279568024347312
US,Food_price ($),75+,Female,NHB,14.08415430201881,11.329787876567991,16.7463553299915,15.133339733084942,15.133339733084942,15.133339733084942,7.44940312756828,33.57125391891378,-9.63203971922036
US,Food_price ($),75+,Female,NHW,15.911540054159932,14.204524592534222,17.638409712952626,18.675255659553283,18.675255659553283,18.675255659553283,17.369252730949835,31.473992937214103,5.878341434824804
US,Food_price ($),75+,Female,OTH,18.0145083196235,11.69371960503495,24.123561899591092,16.52645407221219,16.52645407221219,16.52645407221219,-8.2603100845686,41.3276068728073,-31.492479671949596
US,Food_price ($),75+,Male,HIS,15.816648659157853,10.204054017442992,21.565711179175345,17.416615390911733,17.416615390911733,17.416615390911733,10.115712666017265,70.68329274952347,-19.239318164801045
US,Food_price ($),75+,Male,NHB,14.675270559693352,11.263793062099987,18.11858331921911,16.416261299097847,16.416261299097847,16.416261299097847,11.863431970966495,45.74363368175418,-9.395447702114438
US,Food_price ($),75+,Male,NHW,16.44735813450847,14.351856034174432,18.52782461995857,19.15071143326802,19.15071143326802,19.15071143326802,16.43639833614131,33.437176262544895,3.3618993383522526
US,Food_price ($),75+,Male,OTH,13.316017210354449,9.178366694482134,17.311917953093566,15.481098914923058,15.481098914923058,15.481098914923058,16.259228794665834,68.66943139491268,-10.575483566471899
Veg,Food_price ($),20-34,Female,HIS,18.72011233677236,16.237065861958147,21.246965076484685,14.201993512188908,14.201993512188908,14.201993512188908,-24.135105299065987,-12.533498152133593,-33.157542919354995
Veg,Food_price ($),20-34,Female,NHB,18.61621436816391,16.15563671998281,21.03222161188175,13.741889737086947,13.741889737086947,13.741889737086947,-26.18322143632315,-14.940587144487555,-34.662680953667156
Veg,Food_price ($),20-34,Female,NHW,18.28784598346755,16.049315430319993,20.528919342219435,13.689754096520721,13.689754096520721,13.689754096520721,-25.142883919208224,-14.701943793450804,-33.31478453243956
Veg,Food_price ($),20-34,Female,OTH,18.923827035727708,15.73000010733046,22.173713842992782,14.921128785035398,14.921128785035398,14.921128785035398,-21.15163197769308,-5.142220704233265,-32.708030370155186
Veg,Food_price ($),20-34,Male,HIS,19.917173341127686,17.161021300292372,22.748999384301037,12.031962466181492,12.031962466181492,12.031962466181492,-39.590009786497866,-29.88784143064665,-47.109926626114884
Veg,Food_price ($),20-34,Male,NHB,18.56430103888522,15.674931683345262,21.52464285758892,14.167100916740658,14.167100916740658,14.167100916740658,-23.68632200552061,-9.619376958476227,-34.18194666237736
Veg,Food_price ($),20-34,Male,NHW,16.78609207188022,14.517564615211317,19.12161400640104,11.715074890244919,11.715074890244919,11.715074890244919,-30.20963521420321,-19.304131231694228,-38.73385956685848
Veg,Food_price ($),20-34,Male,OTH,19.269592463086976,16.26400643149466,22.19079313711039,12.23092131859233,12.23092131859233,12.23092131859233,-36.527348245573926,-24.797611399688133,-44.8829014671938
Veg,Food_price ($),35-44,Female,HIS,17.795501975774634,15.339193148972134,20.298610331907167,11.286105090186869,11.286105090186869,11.286105090186869,-36.57888883634266,-26.42308509595147,-44.39961699030025
Veg,Food_price ($),35-44,Female,NHB,16.315409133818317,13.540471747108707,18.944260709125835,12.514668401678653,12.514668401678653,12.514668401678653,-23.29540559458941,-7.575831659255843,-33.939526098001366
Veg,Food_price ($),35-44,Female,NHW,17.011394895103944,14.313203299157264,19.826127639982467,13.53517898948528,13.53517898948528,13.53517898948528,-20.43463176919816,-5.435710605171052,-31.730596941232797
Veg,Food_price ($),35-44,Female,OTH,17.137709562312224,14.170638776435137,20.020355112840342,14.179396237768302,14.179396237768302,14.179396237768302,-17.262011086064796,0.061800046358727184,-29.175101251455114
Veg,Food_price ($),35-44,Male,HIS,18.69734331716256,15.85853990679217,21.482139719390883,11.77803478576645,11.77803478576645,11.77803478576645,-37.006907420075976,-25.730648250145983,-45.1728973946902
Veg,Food_price ($),35-44,Male,NHB,19.016791499824226,15.607019889844622,22.45372493514294,14.048079248578611,14.048079248578611,14.048079248578611,-26.128026125182796,-9.988714387942842,-37.43541755697034
Veg,Food_price ($),35-44,Male,NHW,19.360719633541084,15.599510976569032,23.075315068393117,15.254448113263049,15.254448113263049,15.254448113263049,-21.209291792874314,-2.2120107728010137,-33.892785134026276
Veg,Food_price ($),35-44,Male,OTH,18.574193262534052,14.045771467171393,23.275931128371354,10.770102153561549,10.770102153561549,10.770102153561549,-42.01577424476417,-23.321391219171776,-53.72858729404933
Veg,Food_price ($),45-54,Female,HIS,17.199973683467153,14.897875986893151,19.484467577831037,12.238785539941894,12.238785539941894,12.238785539941894,-28.844161245979233,-17.84878897697008,-37.1869644830999
Veg,Food_price ($),45-54,Female,NHB,16.26727876930295,13.899066896226424,18.64880968045865,12.621621157654154,12.621621157654154,12.621621157654154,-22.410986270969357,-9.190874093275246,-32.31942749204068
Veg,Food_price ($),45-54,Female,NHW,17.413333028638856,14.174783217856573,20.665840374122705,13.59924395268711,13.59924395268711,13.59924395268711,-21.90326843045442,-4.060303824925048,-34.19457565482906
Veg,Food_price ($),45-54,Female,OTH,15.484241103805008,11.788395220162306,19.19823493615698,12.818957584755333,12.818957584755333,12.818957584755333,-17.212877926543804,8.742176906576757,-33.228457577562196
Veg,Food_price ($),45-54,Male,HIS,17.089104595126894,14.369764502704337,19.794126316027132,12.207320366401902,12.207320366401902,12.207320366401902,-28.566647254983007,-15.048570461231087,-38.32857196370551
Veg,Food_price ($),45-54,Male,NHB,17.59877248810496,14.887535579780936,20.42491438625732,11.818033523110811,11.818033523110811,11.818033523110811,-32.84739869727482,-20.61793263378579,-42.139128225367514
Veg,Food_price ($),45-54,Male,NHW,18.338650587640227,15.547873845092651,21.16201396724066,13.361501908987206,13.361501908987206,13.361501908987206,-27.140212170286343,-14.06219241221542,-36.86091536622576
Veg,Food_price ($),45-54,Male,OTH,17.567325069983838,13.671010252269022,21.523388045881173,11.170365081882547,11.170365081882547,11.170365081882547,-36.413967195446084,-18.29159019152542,-48.101269846221236
Veg,Food_price ($),55-64,Female,HIS,15.614360786205092,13.432018084118965,17.90209037466505,11.895268549587563,11.895268549587563,11.895268549587563,-23.81840849933003,-11.440943013234495,-33.55374539712028
Veg,Food_price ($),55-64,Female,NHB,16.927801362065274,14.528998392359815,19.318556292980578,13.216068138556164,13.216068138556164,13.216068138556164,-21.926847699353324,-9.036619169109867,-31.58873811208015
Veg,Food_price ($),55-64,Female,NHW,17.529372075472445,14.726507820421435,20.20594172927601,13.39424062518023,13.39424062518023,13.39424062518023,-23.589729469421208,-9.04672860319087,-33.71137656121434
Veg,Food_price ($),55-64,Female,OTH,17.296799739594018,13.378940725377003,21.05568136538624,11.948147363846843,11.948147363846843,11.948147363846843,-30.922786042921004,-10.694369538660482,-43.25452044744281
Veg,Food_price ($),55-64,Male,HIS,18.62597991886283,15.80797952528353,21.375046873449737,11.751583302015671,11.751583302015671,11.751583302015671,-36.907570215327816,-25.660434445654456,-45.02195306709485
Veg,Food_price ($),55-64,Male,NHB,15.661315837228946,13.082606338873207,18.251944332215135,12.068889650431567,12.068889650431567,12.068889650431567,-22.93821428629722,-7.748583594000817,-33.87614255907149
Veg,Food_price ($),55-64,Male,NHW,18.674046875437327,15.484002491299037,21.947335552941528,13.414687424339302,13.414687424339302,13.414687424339302,-28.164004761152533,-13.364212955419957,-38.877831470793836
Veg,Food_price ($),55-64,Male,OTH,15.714296370338992,11.905772136526561,19.409892589454984,12.150703075456114,12.150703075456114,12.150703075456114,-22.677396498701796,2.057245310265194,-37.39943165858963
Veg,Food_price ($),65-74,Female,HIS,15.2421574653974,12.65060545855169,17.91143397193967,11.00847075026518,11.00847075026518,11.00847075026518,-27.776164396303436,-12.980680756085405,-38.53942254142677
Veg,Food_price ($),65-74,Female,NHB,15.528480410827145,13.212010601753637,17.84499243963959,11.95830996291751,11.95830996291751,11.95830996291751,-22.991112803416065,-9.489098038338867,-32.987867586011554
Veg,Food_price ($),65-74,Female,NHW,17.12773796819499,15.015682768194974,19.281242213842013,13.644998764094993,13.644998764094993,13.644998764094993,-20.333912222193025,-9.128349508044051,-29.231744444871705
Veg,Food_price ($),65-74,Female,OTH,14.757723576934286,11.460319258443894,18.029528625691857,12.249199529925749,12.249199529925749,12.249199529925749,-16.998041967185625,6.883580236219094,-32.0603450914918
Veg,Food_price ($),65-74,Male,HIS,16.916791078357104,13.652292641696414,20.23129259180799,11.036190215965432,11.036190215965432,11.036190215965432,-34.76191693302377,-19.162367042594465,-45.449900613694936
Veg,Food_price ($),65-74,Male,NHB,16.02279163659165,13.217524739185752,18.80531607174568,11.092429167426488,11.092429167426488,11.092429167426488,-30.77093293721407,-16.077863394944384,-41.01439654028219
Veg,Food_price ($),65-74,Male,NHW,18.303895326430293,15.756086860981219,20.88436451427964,13.746564060632826,13.746564060632826,13.746564060632826,-24.898149735465395,-12.753945938980744,-34.17772395595929
Veg,Food_price ($),65-74,Male,OTH,15.39812092174096,11.76800420423982,19.015681332229626,9.97893766979338,9.97893766979338,9.97893766979338,-35.19379591503344,-15.202803324984092,-47.52258677747136
Veg,Food_price ($),75+,Female,HIS,13.269873854318915,10.710495825334082,15.790135289173286,10.08817946888915,10.08817946888915,10.08817946888915,-23.97682465078013,-5.810341244640937,-36.11087375669135
Veg,Food_price ($),75+,Female,NHB,14.084849869948266,11.386680607529192,16.76709145453866,10.505936380063705,10.505936380063705,10.505936380063705,-25.409667287406496,-7.734863722120331,-37.341927140142914
Veg,Food_price ($),75+,Female,NHW,15.911134480125721,14.204213326810141,17.647210058970778,12.281822538431914,12.281822538431914,12.281822538431914,-22.80988791985328,-13.533947598138058,-30.403602057263573
Veg,Food_price ($),75+,Female,OTH,17.888574162920104,11.506268333287721,24.560143525778823,11.432174384506641,11.432174384506641,11.432174384506641,-36.09231076558608,-0.6439442105371863,-53.45233071416216
Veg,Food_price ($),75+,Male,HIS,15.808138141974645,10.041748602050106,21.38020493869826,9.956513251437341,9.956513251437341,9.956513251437341,-37.01653438237451,-0.8488098436896044,-53.431160833187285
Veg,Food_price ($),75+,Male,NHB,14.659815564020882,11.263442337158136,18.046967235009408,11.224775219858405,11.224775219858405,11.224775219858405,-23.431675038211168,-0.3432975119175431,-37.80242921878085
Veg,Food_price ($),75+,Male,NHW,16.44642848483263,14.385701899690591,18.49471761131458,12.724254063252816,12.724254063252816,12.724254063252816,-22.632113866013583,-11.549299770166304,-31.200603703900548
Veg,Food_price ($),75+,Male,OTH,13.282090665653927,9.16228583285401,17.429538000511226,13.163884899237749,13.163884899237749,13.163884899237749,-0.8899635561278447,43.674680526063206,-24.47370148966864
Vegan,Food_price ($),20-34,Female,HIS,18.709201279285534,16.151377065041622,21.29099179950916,12.583713666422577,12.583713666422577,12.583713666422577,-32.740508381001696,-22.08891157857351,-40.89653603308099
Vegan,Food_price ($),20-34,Female,NHB,18.61931362867169,16.12080134275817,21.084354600453636,12.224144348380346,12.224144348380346,12.224144348380346,-34.34696577882167,-24.17160854183152,-42.02267709860401
Vegan,Food_price ($),20-34,Female,NHW,18.313854657324757,16.052292787661056,20.524662843762403,11.884154198578372,11.884154198578372,11.884154198578372,-35.10839514156994,-25.966001519026705,-42.098175794444025
Vegan,Food_price ($),20-34,Female,OTH,18.9741232141822,15.732874873027303,22.193460634770126,13.034541659294463,13.034541659294463,13.034541659294463,-31.30358903987826,-17.150922736688802,-41.268548092614886
Vegan,Food_price ($),20-34,Male,HIS,19.918028247170255,17.154652453567685,22.68778560468063,10.279326090308896,10.279326090308896,10.279326090308896,-48.39184901864332,-40.078494052083904,-54.69224599782798
Vegan,Food_price ($),20-34,Male,NHB,18.595218483140883,15.632990987227736,21.45416478786083,11.548475342658808,11.548475342658808,11.548475342658808,-37.89545762460879,-26.127537896657177,-46.17140561354711
Vegan,Food_price ($),20-34,Male,NHW,16.792563795890572,14.558219481290578,19.052828344924205,9.95023613513968,9.95023613513968,9.95023613513968,-40.746176366620844,-31.652107952300245,-47.77554305846415
Vegan,Food_price ($),20-34,Male,OTH,19.282164786841197,16.364568298512445,22.28676467645577,10.586772872382495,10.586772872382495,10.586772872382495,-45.095517078003255,-35.306739051925724,-52.497488863573835
Vegan,Food_price ($),35-44,Female,HIS,17.837340641523742,15.450262754656402,20.27006216437409,9.443509784505203,9.443509784505203,9.443509784505203,-47.05763614492201,-38.87799881164405,-53.41154009333644
Vegan,Food_price ($),35-44,Female,NHB,16.345927371370525,13.63054149685975,19.034974226792244,10.910724503940196,10.910724503940196,10.910724503940196,-33.251113527825574,-19.95384404607957,-42.68064472300123
Vegan,Food_price ($),35-44,Female,NHW,16.99490886579356,14.221078706472538,19.764863512666253,10.650539769273355,10.650539769273355,10.650539769273355,-37.33099804547825,-25.107370621429016,-46.11377021425931
Vegan,Food_price ($),35-44,Female,OTH,17.12790438937743,14.191200713475947,20.149494772860756,12.287649712096163,12.287649712096163,12.287649712096163,-28.259468100972988,-13.413600722116303,-39.017579097584466
Vegan,Food_price ($),35-44,Male,HIS,18.663904111159606,15.841374622255515,21.512861068528373,10.202218013355473,10.202218013355473,10.202218013355473,-45.33717086954322,-35.59764694269399,-52.57619160530667
Vegan,Food_price ($),35-44,Male,NHB,18.988742550065496,15.629200775611965,22.439174007346704,12.627245243147325,12.627245243147325,12.627245243147325,-33.50141427293315,-19.207351518248686,-43.72678228256932
Vegan,Food_price ($),35-44,Male,NHW,19.346574678197257,15.607522583474287,23.184252709997427,13.276029177986256,13.276029177986256,13.276029177986256,-31.37788265460883,-14.938267063324231,-42.736868235302595
Vegan,Food_price ($),35-44,Male,OTH,18.564926842542437,13.939462498459303,23.146678375747598,9.032261792406697,9.032261792406697,9.032261792406697,-51.347711364480965,-35.203658007580906,-60.97815139700376
Vegan,Food_price ($),45-54,Female,HIS,17.20288075915684,15.000956369397617,19.44570680918604,10.105861343005868,10.105861343005868,10.105861343005868,-41.254831185023086,-32.6318863001154,-48.03037275954444
Vegan,Food_price ($),45-54,Female,NHB,16.278851840916868,13.872357950943096,18.677065558311607,11.150545494619939,11.150545494619939,11.150545494619939,-31.502874996422904,-19.62040242868818,-40.29819374030221
Vegan,Food_price ($),45-54,Female,NHW,17.3969665955102,14.122024310460462,20.616397858908464,11.691006446955305,11.691006446955305,11.691006446955305,-32.798592313371955,-17.214372458659874,-43.292681258071696
Vegan,Food_price ($),45-54,Female,OTH,15.457819653405709,11.771554272331826,19.208142867455688,10.593028921193962,10.593028921193962,10.593028921193962,-31.47139015262041,-10.011637578802159,-44.851363329134195
Vegan,Food_price ($),45-54,Male,HIS,17.089352896333256,14.37197429278719,19.781198908410126,10.235590661267754,10.235590661267754,10.235590661267754,-40.1054520708977,-28.780900572549367,-48.25596411693724
Vegan,Food_price ($),45-54,Male,NHB,17.621452997444184,14.696105297230423,20.43884560832911,10.18212987139756,10.18212987139756,10.18212987139756,-42.21742172524379,-30.71545375143407,-50.182461052261175
Vegan,Food_price ($),45-54,Male,NHW,18.328146058597522,15.529725554852263,21.08372263891525,11.137221586478832,11.137221586478832,11.137221586478832,-39.23432544201878,-28.284491911069175,-47.17620897780964
Vegan,Food_price ($),45-54,Male,OTH,17.56776730189154,13.626608323603673,21.532325325879,9.827978824140388,9.827978824140388,9.827978824140388,-44.056756585783106,-27.87655892980642,-54.35709485436549
Vegan,Food_price ($),55-64,Female,HIS,15.626422534030883,13.412855306462331,17.788607816999782,10.095395661593754,10.095395661593754,10.095395661593754,-35.395349513887645,-24.733433479076012,-43.2479721547066
Vegan,Food_price ($),55-64,Female,NHB,16.903406950986398,14.475603405594576,19.329301298024486,11.033371469774256,11.033371469774256,11.033371469774256,-34.72693699106378,-23.77954023312048,-42.91893276607003
Vegan,Food_price ($),55-64,Female,NHW,17.482285335678824,14.825510418861588,20.246740848442986,10.881106705677887,10.881106705677887,10.881106705677887,-37.75924316101216,-26.605517123818405,-46.25749009616694
Vegan,Food_price ($),55-64,Female,OTH,17.250921641968823,13.288685141792918,21.019510069607357,10.021189649230093,10.021189649230093,10.021189649230093,-41.90925066374373,-24.588553778631947,-52.324342403584446
Vegan,Food_price ($),55-64,Male,HIS,18.628694032790804,15.776946489228273,21.440884192934927,9.758313893311467,9.758313893311467,9.758313893311467,-47.61675791048701,-38.14827286145665,-54.48735320100759
Vegan,Food_price ($),55-64,Male,NHB,15.694720619896882,13.0760442463134,18.309748857264285,10.51702680149701,10.51702680149701,10.51702680149701,-32.990034953765814,-19.570272145093625,-42.56050760999683
Vegan,Food_price ($),55-64,Male,NHW,18.6453739320201,15.404215975959065,21.98255529919963,11.152172303774387,11.152172303774387,11.152172303774387,-40.187993309039925,-27.603116437868213,-49.26808029373896
Vegan,Food_price ($),55-64,Male,OTH,15.693728830295267,11.95672439801281,19.442758513324613,9.705846938483113,9.705846938483113,9.705846938483113,-38.154615493630246,-18.825201489998296,-50.07988742013407
Vegan,Food_price ($),65-74,Female,HIS,15.250106771874199,12.627188444350606,17.903550802290756,9.294804447371174,9.294804447371174,9.294804447371174,-39.05088937138723,-26.390546174753084,-48.08401668465729
Vegan,Food_price ($),65-74,Female,NHB,15.546291886553826,13.275013792680937,17.816432231171877,10.460557335975736,10.460557335975736,10.460557335975736,-32.71348941400491,-21.20115655365215,-41.28702536934527
Vegan,Food_price ($),65-74,Female,NHW,17.14140475309143,15.015918351836158,19.207150805920232,11.454150346578832,11.454150346578832,11.454150346578832,-33.17846167471723,-23.719947870000173,-40.365177207603786
Vegan,Food_price ($),65-74,Female,OTH,14.743203470601124,11.445719714991522,18.014308340221216,10.503204431913161,10.503204431913161,10.503204431913161,-28.759007817688925,-8.234652835713433,-41.69521119796609
Vegan,Food_price ($),65-74,Male,HIS,16.93671154633962,13.679805597113761,20.1733844171725,9.178142733012583,9.178142733012583,9.178142733012583,-45.80918079698787,-32.907359919288346,-54.50370377515965
Vegan,Food_price ($),65-74,Male,NHB,16.027287379488957,13.24214065266203,18.892000867145853,9.522867532142817,9.522867532142817,9.522867532142817,-40.58341061301628,-28.086645641930545,-49.59312357060301
Vegan,Food_price ($),65-74,Male,NHW,18.313702666947865,15.746581672189143,20.9175195515126,11.554840665475288,11.554840665475288,11.554840665475288,-36.90603765054464,-26.620006131979153,-44.75998630229689
Vegan,Food_price ($),65-74,Male,OTH,15.353530175891656,11.829254710170305,18.986785306773463,8.645301207521568,8.645301207521568,8.645301207521568,-43.69176919913474,-26.91592649460245,-54.46674585593281
Vegan,Food_price ($),75+,Female,HIS,13.234540113977438,10.705368534265181,15.765704993904963,8.72388887675504,8.72388887675504,8.72388887675504,-34.082417661483746,-18.509214803469163,-44.665405827854165
Vegan,Food_price ($),75+,Female,NHB,14.084751905395299,11.388262187428062,16.727085423639675,8.984194503850418,8.984194503850418,8.984194503850418,-36.21332797201109,-21.11004860980094,-46.289540130204394
Vegan,Food_price ($),75+,Female,NHW,15.916728471087241,14.221582380187494,17.595088675855646,10.227350154952969,10.227350154952969,10.227350154952969,-35.74464643578632,-28.085708878633696,-41.87383568582319
Vegan,Food_price ($),75+,Female,OTH,17.959017530942518,11.709207914612172,24.358061134557797,9.548162246796794,9.548162246796794,9.548162246796794,-46.83360473174118,-18.45595093685682,-60.80081171464662
Vegan,Food_price ($),75+,Male,HIS,15.798579355288474,10.406925210790515,21.28823266612269,8.641749402962574,8.641749402962574,8.641749402962574,-45.30046525942978,-16.961549853339026,-59.40598010883855
Vegan,Food_price ($),75+,Male,NHB,14.627595010017853,11.325940454327517,18.05032655570771,9.229368377407265,9.229368377407265,9.229368377407265,-36.904403142919655,-18.51124050470506,-48.86869027591726
Vegan,Food_price ($),75+,Male,NHW,16.42498555411136,14.385866266317347,18.453219505150233,10.429929280545247,10.429929280545247,10.429929280545247,-36.49961367585789,-27.498774926292878,-43.479080831210574
Vegan,Food_price ($),75+,Male,OTH,13.252812460882922,9.13999445115673,17.417470290435364,11.84734973825135,11.84734973825135,11.84734973825135,-10.6050147980283,29.620972983763522,-31.980077814415985
Med,GHG (kgCO2eq),20-34,Female,HIS,4.600159624459955,4.114221054553867,5.093464118157275,5.182920587370662,5.182920587370662,5.182920587370662,12.668276983521427,25.975744099454595,1.7562991932050822
Med,GHG (kgCO2eq),20-34,Female,NHB,3.9318461609195183,3.513330993048567,4.344782015894954,5.043985218119017,5.043985218119017,5.043985218119017,28.285416358696224,43.56703732437916,16.092940903964745
Med,GHG (kgCO2eq),20-34,Female,NHW,3.829049961335781,3.4539852298192506,4.203044150262047,5.04524461194619,5.04524461194619,5.04524461194619,31.762308219821033,46.070242813696424,20.03786854419873
Med,GHG (kgCO2eq),20-34,Female,OTH,3.8642363573497365,3.371689650343744,4.334045802007225,4.83197263233336,4.83197263233336,4.83197263233336,25.0434027707182,43.31012440129951,11.488730232050868
Med,GHG (kgCO2eq),20-34,Male,HIS,5.044114488968788,4.600805064713451,5.48785476893025,4.806018356361121,4.806018356361121,4.806018356361121,-4.720276138227441,4.460377885200647,-12.424461675432411
Med,GHG (kgCO2eq),20-34,Male,NHB,4.165015965792366,3.6432624629727353,4.671799321848031,4.829202476571123,4.829202476571123,4.829202476571123,15.946793871470769,32.55159422773825,3.369219092673429
Med,GHG (kgCO2eq),20-34,Male,NHW,4.384696172872149,3.972759323571405,4.778301910316192,4.634147607208107,4.634147607208107,4.634147607208107,5.689138414636319,16.6480833538673,-3.0168521331157514
Med,GHG (kgCO2eq),20-34,Male,OTH,4.381699628423154,3.855532362683295,4.915906717780824,4.812497979643178,4.812497979643178,4.812497979643178,9.831763647729904,24.820583176064254,-2.1035537099110706
Med,GHG (kgCO2eq),35-44,Female,HIS,4.158947054939646,3.682679873170454,4.655959217237867,4.936374531303387,4.936374531303387,4.936374531303387,18.69289188089995,34.04299861268189,6.022718434202166
Med,GHG (kgCO2eq),35-44,Female,NHB,3.7876762310266394,3.3006316731612686,4.276543491326158,4.937049322206193,4.937049322206193,4.937049322206193,30.34507231015412,49.57892340279223,15.444852419242261
Med,GHG (kgCO2eq),35-44,Female,NHW,3.8910757813091905,3.444615718814186,4.358021964801306,4.686132249142746,4.686132249142746,4.686132249142746,20.43281890454601,36.04223610626598,7.528880923306665
Med,GHG (kgCO2eq),35-44,Female,OTH,4.289819046250589,3.7174984027123137,4.851743478951192,4.627074078810381,4.627074078810381,4.627074078810381,7.861754282026453,24.467412694365496,-4.6306941229584275
Med,GHG (kgCO2eq),35-44,Male,HIS,5.181239882707475,4.683300146226173,5.680449192273754,5.167195652705849,5.167195652705849,5.167195652705849,-0.27105925067277625,10.332361611920195,-9.035439314658515
Med,GHG (kgCO2eq),35-44,Male,NHB,4.726026160896394,4.133653471730755,5.312514541754296,5.182059761163942,5.182059761163942,5.182059761163942,9.64940913871394,25.362703879341424,-2.455612677669487
Med,GHG (kgCO2eq),35-44,Male,NHW,4.850975913034081,4.097843480030189,5.5811764561625585,5.13380393329314,5.13380393329314,5.13380393329314,5.830332397634226,25.280625243776246,-8.015738731489916
Med,GHG (kgCO2eq),35-44,Male,OTH,4.382586312181897,3.727780361223177,5.033419063376009,4.52440400067159,4.52440400067159,4.52440400067159,3.2359360064511433,21.369918886181956,-10.112709796172075
Med,GHG (kgCO2eq),45-54,Female,HIS,4.187899795051601,3.6889539723018676,4.698221994951492,4.6006041398663315,4.6006041398663315,4.6006041398663315,9.854685284074357,24.71297214358042,-2.077761655155003
Med,GHG (kgCO2eq),45-54,Female,NHB,3.819874590400705,3.3590171500230372,4.288659209955358,4.939216851860076,4.939216851860076,4.939216851860076,29.303115454948784,47.04351395842683,15.169254773020068
Med,GHG (kgCO2eq),45-54,Female,NHW,4.034067550804727,3.401780550251239,4.6183615702852965,4.785329738184086,4.785329738184086,4.785329738184086,18.622945151959488,40.67132395799797,3.615311736808762
Med,GHG (kgCO2eq),45-54,Female,OTH,3.786047382262827,2.840883948385307,4.7046593858590215,4.672869837205459,4.672869837205459,4.672869837205459,23.423437833802282,64.48647400262199,-0.6757035110578571
Med,GHG (kgCO2eq),45-54,Male,HIS,4.702786219419061,4.0800816805605375,5.353064062956723,4.786802516878008,4.786802516878008,4.786802516878008,1.7865217243348357,17.32124235856911,-10.57826955588395
Med,GHG (kgCO2eq),45-54,Male,NHB,4.752511945831795,4.104216661111829,5.408883231989314,5.472391343418169,5.472391343418169,5.472391343418169,15.147345357390332,33.33582983739707,1.174144619230333
Med,GHG (kgCO2eq),45-54,Male,NHW,4.925168736152333,4.334858636994607,5.480982119332664,5.136885029195109,5.136885029195109,5.136885029195109,4.298660703514779,18.50178885548511,-6.278018841255594
Med,GHG (kgCO2eq),45-54,Male,OTH,5.115525981041103,4.096827906725582,6.071715759762277,5.113976639322483,5.113976639322483,5.113976639322483,-0.030287046226769282,24.827714411120194,-15.773780564413181
Med,GHG (kgCO2eq),55-64,Female,HIS,4.1307914768866665,3.649593343381137,4.612090418216766,4.582632545345086,4.582632545345086,4.582632545345086,10.938365467892538,25.565566192630705,-0.6387097866799898
Med,GHG (kgCO2eq),55-64,Female,NHB,3.9050960900354843,3.3453890823736536,4.443878831671347,4.619890092907459,4.619890092907459,4.619890092907459,18.304133531973598,38.097243075520204,3.9607574351867436
Med,GHG (kgCO2eq),55-64,Female,NHW,4.2057445315486,3.715500448029148,4.714016325922731,4.537623924259109,4.537623924259109,4.537623924259109,7.891097288981262,22.12685714157426,-3.7418708266584964
Med,GHG (kgCO2eq),55-64,Female,OTH,3.5727054006846246,2.9394778172489193,4.19564950056545,4.299777122873224,4.299777122873224,4.299777122873224,20.350732586271274,46.27690325274915,2.4817998332258435
Med,GHG (kgCO2eq),55-64,Male,HIS,4.714695898680776,4.088400811208073,5.308980542102179,4.848488818785917,4.848488818785917,4.848488818785917,2.837784726318782,18.591328068767478,-8.67382578753854
Med,GHG (kgCO2eq),55-64,Male,NHB,4.340563055776894,3.889312594259999,4.804820557098107,4.5104652809513475,4.5104652809513475,4.5104652809513475,3.914289989367379,15.970757598863877,-6.126249100227301
Med,GHG (kgCO2eq),55-64,Male,NHW,4.981358991532109,4.275804641245522,5.715837122382138,4.707876567674697,4.707876567674697,4.707876567674697,-5.490116739675035,10.105043674383454,-17.63452199784451
Med,GHG (kgCO2eq),55-64,Male,OTH,4.393728490822339,3.5047089338360817,5.263262306889501,4.554470659145784,4.554470659145784,4.554470659145784,3.6584456381227364,29.952893239573115,-13.466774149103736
Med,GHG (kgCO2eq),65-74,Female,HIS,3.716368689262105,3.1384041014344985,4.28893059242078,4.3466417072178,4.3466417072178,4.3466417072178,16.959378109517907,38.49847141198424,1.3455828569248678
Med,GHG (kgCO2eq),65-74,Female,NHB,3.6809450842267477,3.2054055214828745,4.167565039138076,4.329815077453396,4.329815077453396,4.329815077453396,17.627809662445845,35.07854305592979,3.8931615173755305
Med,GHG (kgCO2eq),65-74,Female,NHW,4.23974404173325,3.778097647984565,4.691283293387815,4.366608840947114,4.366608840947114,4.366608840947114,2.992274957287296,15.576918539320756,-6.920802521099442
Med,GHG (kgCO2eq),65-74,Female,OTH,3.9825464856658224,3.0426997817707613,4.9834764837195085,4.351015450110718,4.351015450110718,4.351015450110718,9.252094502125892,42.998513234143516,-12.691161193896953
Med,GHG (kgCO2eq),65-74,Male,HIS,4.303603178674116,3.537310100107205,5.082772695316313,4.413529681003763,4.413529681003763,4.413529681003763,2.5542899232524934,24.770787861375307,-13.166888515971722
Med,GHG (kgCO2eq),65-74,Male,NHB,4.358320548510846,3.769010461935895,4.9057776244087785,4.420973164833348,4.420973164833348,4.420973164833348,1.437540346680317,17.297980716205867,-9.882316254272878
Med,GHG (kgCO2eq),65-74,Male,NHW,4.6376398029954595,4.118282588043751,5.133451573400249,4.521536104279756,4.521536104279756,4.521536104279756,-2.50350832854057,9.791788387876418,-11.920156650375846
Med,GHG (kgCO2eq),65-74,Male,OTH,3.7922659566905383,3.047841891103699,4.528970842271368,4.156755787731926,4.156755787731926,4.156755787731926,9.611399495816839,36.38357684711336,-8.218535016064903
Med,GHG (kgCO2eq),75+,Female,HIS,3.7381811556993005,3.071882384228162,4.385963211037538,4.349489078432033,4.349489078432033,4.349489078432033,16.35308448871507,41.59035192113583,-0.8316105459734827
Med,GHG (kgCO2eq),75+,Female,NHB,3.3085311924236245,2.686471394375895,3.9188820191712495,4.130943380468855,4.130943380468855,4.130943380468855,24.85732006784504,53.768373976248164,5.411271894897499
Med,GHG (kgCO2eq),75+,Female,NHW,3.8716005981869785,3.5676843648569823,4.183306261932673,4.411806567388009,4.411806567388009,4.411806567388009,13.95303971835323,23.660226528051197,5.462194043372998
Med,GHG (kgCO2eq),75+,Female,OTH,4.417768107967235,2.744713858720769,6.004744941440769,4.257779977794402,4.257779977794402,4.257779977794402,-3.6214696259023142,55.126552236626544,-29.093075237716974
Med,GHG (kgCO2eq),75+,Male,HIS,4.329671054870505,3.389661212061497,5.308642114390182,4.322564041022434,4.322564041022434,4.322564041022434,-0.1641467390478981,27.522007970630547,-18.57495856981538
Med,GHG (kgCO2eq),75+,Male,NHB,3.9005945534358055,3.2170823499967303,4.585960321720635,4.050098899645786,4.050098899645786,4.050098899645786,3.832860456575536,25.893541383853663,-11.68482464919793
Med,GHG (kgCO2eq),75+,Male,NHW,4.200489038814064,3.808589477198832,4.603831741146965,4.263035055576722,4.263035055576722,4.263035055576722,1.489017497360663,11.932122931561768,-7.402457447007802
Med,GHG (kgCO2eq),75+,Male,OTH,3.7464784554230284,2.9033231498558187,4.602727038723757,4.1179342294742405,4.1179342294742405,4.1179342294742405,9.914798082277233,41.835201144548456,-10.532729948372955
US,GHG (kgCO2eq),20-34,Female,HIS,4.587263064023804,4.0848224970043185,5.064437775488157,4.999847700530844,4.999847700530844,4.999847700530844,8.994135081172638,22.40061114522299,-1.275365160372365
US,GHG (kgCO2eq),20-34,Female,NHB,3.92682628374814,3.5073144993474323,4.367012868603629,4.770876950417378,4.770876950417378,4.770876950417378,21.49447430772505,36.02649409698055,9.248062553634892
US,GHG (kgCO2eq),20-34,Female,NHW,3.8338926683283128,3.445128824234469,4.222281980964363,4.746879577266074,4.746879577266074,4.746879577266074,23.813575076838276,37.78525621087225,12.424504063603393
US,GHG (kgCO2eq),20-34,Female,OTH,3.8588980643545616,3.372370178447428,4.3274386021603775,4.649721930918673,4.649721930918673,4.649721930918673,20.493515334574784,37.87697331196638,7.447438505479963
US,GHG (kgCO2eq),20-34,Male,HIS,5.040801421035726,4.595879178663982,5.480550629172976,4.783267865911327,4.783267865911327,4.783267865911327,-5.108980370654717,4.077319702338616,-12.722859625637106
US,GHG (kgCO2eq),20-34,Male,NHB,4.173135683240729,3.650216493742037,4.686069400629754,4.70535680701494,4.70535680701494,4.70535680701494,12.753506336053386,28.90623926229705,0.41159028465507186
US,GHG (kgCO2eq),20-34,Male,NHW,4.385303147630615,3.9868909860356276,4.784785215693288,4.6338391467502,4.6338391467502,4.6338391467502,5.66747590195376,16.22688362888663,-3.154709399452481
US,GHG (kgCO2eq),20-34,Male,OTH,4.380466833830024,3.8342709315057792,4.931001736646424,4.63014769897132,4.63014769897132,4.63014769897132,5.699868863588444,20.756925675906455,-6.101276246552593
US,GHG (kgCO2eq),35-44,Female,HIS,4.172866607522908,3.693043647151036,4.663956391350176,4.691749418296153,4.691749418296153,4.691749418296153,12.43468482404385,27.04289108295698,0.5959109522876802
US,GHG (kgCO2eq),35-44,Female,NHB,3.796382892294252,3.303372222974098,4.267515417039397,4.845355078022983,4.845355078022983,4.845355078022983,27.630832176013996,46.67905252471382,13.540423513793986
US,GHG (kgCO2eq),35-44,Female,NHW,3.89316617952981,3.420407945112893,4.3704560819194525,4.579367140789696,4.579367140789696,4.579367140789696,17.62578142356,33.88365406333281,4.780074549530587
US,GHG (kgCO2eq),35-44,Female,OTH,4.294016058055295,3.722215259871021,4.845747394112673,4.540660852809267,4.540660852809267,4.540660852809267,5.743918779513697,21.98813168496348,-6.295964615779822
US,GHG (kgCO2eq),35-44,Male,HIS,5.18660257946756,4.668656313552227,5.698407840260002,4.9368962171680195,4.9368962171680195,4.9368962171680195,-4.814449506659027,5.745548303419605,-13.363585837289534
US,GHG (kgCO2eq),35-44,Male,NHB,4.721126542477323,4.141943666085562,5.3057514802456724,5.058984125504608,5.058984125504608,5.058984125504608,7.156291617847639,22.140341186381125,-4.650940694448775
US,GHG (kgCO2eq),35-44,Male,NHW,4.83793492590996,4.125482771600297,5.550368645012097,4.924586011823403,4.924586011823403,4.924586011823403,1.7910758875522743,19.3699327924506,-11.27461387183823
US,GHG (kgCO2eq),35-44,Male,OTH,4.3805946658215005,3.7157543801978075,5.038379560707659,4.451867526843273,4.451867526843273,4.451867526843273,1.6270133728158258,19.810597561787134,-11.640886257128436
US,GHG (kgCO2eq),45-54,Female,HIS,4.188894774981319,3.679786157504592,4.708630508000889,4.535147472107409,4.535147472107409,4.535147472107409,8.265967891915714,23.244864728304528,-3.68436290761608
US,GHG (kgCO2eq),45-54,Female,NHB,3.822919988246247,3.3527429311380947,4.28854170429349,4.783548859298086,4.783548859298086,4.783548859298086,25.12814482137578,42.67568249481929,11.542551970732095
US,GHG (kgCO2eq),45-54,Female,NHW,4.034323761259724,3.4572778861699733,4.620362878832454,4.6252599551568,4.6252599551568,4.6252599551568,14.647713690498518,33.783285794267904,0.10598899811053654
US,GHG (kgCO2eq),45-54,Female,OTH,3.768440637517618,2.853930857360788,4.692636021407597,4.579846278315213,4.579846278315213,4.579846278315213,21.531602029748097,60.47502575274333,-2.40354765589834
US,GHG (kgCO2eq),45-54,Male,HIS,4.699398479278103,4.047547283886688,5.310677249577275,4.692171193273719,4.692171193273719,4.692171193273719,-0.1537917253932096,15.926284838061871,-11.646462913045392
US,GHG (kgCO2eq),45-54,Male,NHB,4.749663386251855,4.092812556854311,5.412045325348627,5.108413317774793,5.108413317774793,5.108413317774793,7.553165400338843,24.81425051385841,-5.610300530036217
US,GHG (kgCO2eq),45-54,Male,NHW,4.939814336044954,4.338081552828362,5.5065445412305705,4.889151251659914,4.889151251659914,4.889151251659914,-1.0256070560255663,12.70307374632604,-11.211991203337925
US,GHG (kgCO2eq),45-54,Male,OTH,5.102295169282939,4.091522071139383,6.084314811156968,4.773206206460628,4.773206206460628,4.773206206460628,-6.449822127177319,16.660893512702334,-21.54899352499193
US,GHG (kgCO2eq),55-64,Female,HIS,4.124279740092358,3.6573559616082014,4.5917023416559175,4.559720584019305,4.559720584019305,4.559720584019305,10.557985184516038,24.67259495338591,-0.6965119961386366
US,GHG (kgCO2eq),55-64,Female,NHB,3.903449402305783,3.350352712221182,4.458136511632407,4.52703380453878,4.52703380453878,4.52703380453878,15.975214175048432,35.121110921407855,1.5454280667853533
US,GHG (kgCO2eq),55-64,Female,NHW,4.210581182439534,3.7094555255348607,4.6928457931696475,4.4422216802213015,4.4422216802213015,4.4422216802213015,5.501390134640728,19.754008361666077,-5.340557179891247
US,GHG (kgCO2eq),55-64,Female,OTH,3.5640136248295002,2.9506558383050416,4.213488142127691,4.1824489373238745,4.1824489373238745,4.1824489373238745,17.352215159501803,41.74641728892439,-0.7366629205260438
US,GHG (kgCO2eq),55-64,Male,HIS,4.714710216549392,4.12505924073653,5.325787983709395,4.642231577617913,4.642231577617913,4.642231577617913,-1.5372872478369288,12.537331143613892,-12.83484074436224
US,GHG (kgCO2eq),55-64,Male,NHB,4.341279045453095,3.901417055894344,4.81151200406466,4.523766001225164,4.523766001225164,4.523766001225164,4.203529740001392,15.951869190466624,-5.980365477554965
US,GHG (kgCO2eq),55-64,Male,NHW,4.989183827169669,4.2752365020643515,5.718664115947393,4.563013930636509,4.563013930636509,4.563013930636509,-8.541876012111658,6.731263368311918,-20.20839416128974
US,GHG (kgCO2eq),55-64,Male,OTH,4.388725247934809,3.468220697098262,5.270739039213686,4.412923260057047,4.412923260057047,4.412923260057047,0.5513676695442551,27.238824903766496,-16.275056927967587
US,GHG (kgCO2eq),65-74,Female,HIS,3.7128007594656705,3.111518026263329,4.31630563456085,4.336435937302702,4.336435937302702,4.336435937302702,16.796893187631813,39.36721242493961,0.46637806601710013
US,GHG (kgCO2eq),65-74,Female,NHB,3.682524716252794,3.1995169965165107,4.178556843755615,4.33963065881119,4.33963065881119,4.33963065881119,17.84389768406073,35.6339304818816,3.8547714217716536
US,GHG (kgCO2eq),65-74,Female,NHW,4.2435036800357375,3.799185716073931,4.686368632375153,4.394083225427302,4.394083225427302,4.394083225427302,3.5484721292923735,15.658553011410472,-6.236927349859683
US,GHG (kgCO2eq),65-74,Female,OTH,3.9916095400793012,3.0267803392922907,4.977662076314297,4.361425446863254,4.361425446863254,4.361425446863254,9.264831719402226,44.09454793415977,-12.38004147335238
US,GHG (kgCO2eq),65-74,Male,HIS,4.272905651918461,3.514692016755102,5.084184843146416,4.271168155592287,4.271168155592287,4.271168155592287,-0.04066311001728188,21.52325538712757,-15.991092232810777
US,GHG (kgCO2eq),65-74,Male,NHB,4.358901210943481,3.8151318544391004,4.912994469532259,4.3848096565303285,4.3848096565303285,4.3848096565303285,0.5943801965917879,14.932060642370171,-10.750771576834605
US,GHG (kgCO2eq),65-74,Male,NHW,4.637289861742269,4.119793004577552,5.162372930045007,4.366914730000709,4.366914730000709,4.366914730000709,-5.830455714493061,5.9984015009632055,-15.408770556166749
US,GHG (kgCO2eq),65-74,Male,OTH,3.782655825384764,3.0594419675032962,4.5109006521299895,4.023554908333782,4.023554908333782,4.023554908333782,6.368517096701873,31.51270561988352,-10.803734805511374
US,GHG (kgCO2eq),75+,Female,HIS,3.72463929677781,3.0680890324551413,4.4084113285153546,4.313029716803924,4.313029716803924,4.313029716803924,15.797245669805694,40.57707162925967,-2.163627769815045
US,GHG (kgCO2eq),75+,Female,NHB,3.307887567905794,2.667558017203849,3.9340104586744093,4.020871012263479,4.020871012263479,4.020871012263479,21.554041052521953,50.73227972294229,2.2079390612077234
US,GHG (kgCO2eq),75+,Female,NHW,3.867505989310119,3.5525240433822862,4.172044437768898,4.274629602424336,4.274629602424336,4.274629602424336,10.526773953020802,20.326549524336166,2.4588703736410347
US,GHG (kgCO2eq),75+,Female,OTH,4.414216027215495,2.7970814242064748,6.0735903592994704,4.186313672970686,4.186313672970686,4.186313672970686,-5.162918009442584,49.66720799550312,-31.073493184128143
US,GHG (kgCO2eq),75+,Male,HIS,4.323803419709893,3.3555568317137645,5.295587229086829,4.217941504741023,4.217941504741023,4.217941504741023,-2.4483517101240757,25.70019571347321,-20.349881471627373
US,GHG (kgCO2eq),75+,Male,NHB,3.9069068805339566,3.194666337277509,4.588648780739555,4.074540173257904,4.074540173257904,4.074540173257904,4.290690765095399,27.541963481864666,-11.20392150385482
US,GHG (kgCO2eq),75+,Male,NHW,4.201610630182472,3.8300582125996523,4.601359705590011,4.195843325062031,4.195843325062031,4.195843325062031,-0.1372641500621624,9.550379972269447,-8.812968480497934
US,GHG (kgCO2eq),75+,Male,OTH,3.754546523374592,2.900328305626752,4.60842683693574,3.983233076936656,3.983233076936656,3.983233076936656,6.090923421466092,37.33731692405394,-13.566316274965345
Veg,GHG (kgCO2eq),20-34,Female,HIS,4.587638942351985,4.088617812106435,5.084831082410452,2.540436590144047,2.540436590144047,2.540436590144047,-44.62431280955124,-37.86563804956797,-50.038918717831635
Veg,GHG (kgCO2eq),20-34,Female,NHB,3.926863445469764,3.4880589383223515,4.363917180186782,2.4437557902349605,2.4437557902349605,2.4437557902349605,-37.7682513239872,-29.939377933495255,-44.00086689705774
Veg,GHG (kgCO2eq),20-34,Female,NHW,3.829078626046617,3.443292503967476,4.208676829506557,2.392409340228983,2.392409340228983,2.392409340228983,-37.519973500803836,-30.519718046829613,-43.15530896893599
Veg,GHG (kgCO2eq),20-34,Female,OTH,3.855750274780417,3.3981493240369796,4.346614305169772,2.4332121083760674,2.4332121083760674,2.4332121083760674,-36.89393931211903,-28.395962732872874,-44.02051947691664
Veg,GHG (kgCO2eq),20-34,Male,HIS,5.044935453079027,4.597448337627456,5.4902154452097305,2.4798241155196403,2.4798241155196403,2.4798241155196403,-50.8452756515219,-46.060859559340464,-54.83193437001981
Veg,GHG (kgCO2eq),20-34,Male,NHB,4.17034846181172,3.6711389828755427,4.68259535259882,2.468302885022926,2.468302885022926,2.468302885022926,-40.81303019099215,-32.764657057752004,-47.28771761896897
Veg,GHG (kgCO2eq),20-34,Male,NHW,4.379739923916246,3.9824724704123047,4.788795176039125,2.4614486673934297,2.4614486673934297,2.4614486673934297,-43.79920474381802,-38.19295209996527,-48.59983405201043
Veg,GHG (kgCO2eq),20-34,Male,OTH,4.382430139850782,3.8337296479456136,4.897548346869839,2.403139297505308,2.403139297505308,2.403139297505308,-45.164230328446656,-37.31589031602472,-50.93179020802885
Veg,GHG (kgCO2eq),35-44,Female,HIS,4.169986849523838,3.672362613936611,4.668548838722727,2.3369830270955068,2.3369830270955068,2.3369830270955068,-43.95706481994392,-36.362955601751864,-49.94198180574493
Veg,GHG (kgCO2eq),35-44,Female,NHB,3.7871543006176163,3.2937461613887535,4.2628185600326365,2.61404697825559,2.61404697825559,2.61404697825559,-30.975957915702395,-20.63605238014394,-38.677967606588055
Veg,GHG (kgCO2eq),35-44,Female,NHW,3.8968111480704692,3.429506968265003,4.360289813087873,2.424556644574765,2.424556644574765,2.424556644574765,-37.781007278854155,-29.30305530764514,-44.39459878797046
Veg,GHG (kgCO2eq),35-44,Female,OTH,4.293265606831525,3.7409293537384185,4.831743281455038,2.539376056756201,2.539376056756201,2.539376056756201,-40.852109109776535,-32.11911221422748,-47.44389532236304
Veg,GHG (kgCO2eq),35-44,Male,HIS,5.171746843020875,4.677196459667807,5.674848683869018,2.5344256398176417,2.5344256398176417,2.5344256398176417,-50.99478538401823,-45.81314550987139,-55.33932654412713
Veg,GHG (kgCO2eq),35-44,Male,NHB,4.722254926810256,4.129011786224668,5.3412982230737285,2.731240886395034,2.731240886395034,2.731240886395034,-42.16235826472192,-33.85243182140867,-48.86559835591241
Veg,GHG (kgCO2eq),35-44,Male,NHW,4.849756787141722,4.11304225968876,5.565528700200632,2.5141411610362727,2.5141411610362727,2.5141411610362727,-48.15943826910916,-38.873928292034584,-54.82655293924474
Veg,GHG (kgCO2eq),35-44,Male,OTH,4.373271282347665,3.7247719514281834,5.015909095119959,2.3037716085207105,2.3037716085207105,2.3037716085207105,-47.321548109313795,-38.14999579672578,-54.070706529309334
Veg,GHG (kgCO2eq),45-54,Female,HIS,4.180567308524292,3.653662018086866,4.6995499143630886,2.3263076460657373,2.3263076460657373,2.3263076460657373,-44.3542592575335,-36.32942416266952,-50.49935231125187
Veg,GHG (kgCO2eq),45-54,Female,NHB,3.8222051287954524,3.3580675830273137,4.277814516922526,2.5726891957520466,2.5726891957520466,2.5726891957520466,-32.69097002748212,-23.38780765595089,-39.85973011277619
Veg,GHG (kgCO2eq),45-54,Female,NHW,4.036386443814779,3.4516806164619775,4.618308654374643,2.425254370524257,2.425254370524257,2.425254370524257,-39.91520870751526,-29.736999450135176,-47.48609172695808
Veg,GHG (kgCO2eq),45-54,Female,OTH,3.763889185554317,2.881662056333405,4.686027128259847,2.520739456537591,2.520739456537591,2.520739456537591,-33.028329680583944,-12.524806612994995,-46.207322588128804
Veg,GHG (kgCO2eq),45-54,Male,HIS,4.697849865092509,4.086150594870335,5.3627197526731125,2.416372277877923,2.416372277877923,2.416372277877923,-48.5642932986676,-40.8643362065171,-54.941291185811956
Veg,GHG (kgCO2eq),45-54,Male,NHB,4.749419260284603,4.1238800276478,5.391357363635495,2.652260172211142,2.652260172211142,2.652260172211142,-44.15611621425462,-35.68532172542489,-50.80533540402018
Veg,GHG (kgCO2eq),45-54,Male,NHW,4.930102061720604,4.32729480186409,5.480679145943999,2.3961643010847147,2.3961643010847147,2.3961643010847147,-51.397267823529525,-44.626737701057316,-56.279792389269744
Veg,GHG (kgCO2eq),45-54,Male,OTH,5.087136946633435,4.088423451299276,6.082555751964276,2.368798561667244,2.368798561667244,2.368798561667244,-53.43552598412222,-42.06083127435212,-61.0558676605262
Veg,GHG (kgCO2eq),55-64,Female,HIS,4.128895499690409,3.6463006434255774,4.625312667684843,2.334726972820943,2.334726972820943,2.334726972820943,-43.45395825600322,-35.969981602297466,-49.52282925362602
Veg,GHG (kgCO2eq),55-64,Female,NHB,3.90827889833104,3.354315256713148,4.47955586316729,2.5009719002449704,2.5009719002449704,2.5009719002449704,-36.00835648364385,-25.440165612350878,-44.16919943316329
Veg,GHG (kgCO2eq),55-64,Female,NHW,4.212443581434303,3.721425143895359,4.691594682248156,2.2969194051097888,2.2969194051097888,2.2969194051097888,-45.472993033470935,-38.27850040520996,-51.04181923897286
Veg,GHG (kgCO2eq),55-64,Female,OTH,3.5830600419703584,2.956184231008006,4.203138168403206,2.289485044730237,2.289485044730237,2.289485044730237,-36.102520808687665,-22.55269408735181,-45.529151005758536
Veg,GHG (kgCO2eq),55-64,Male,HIS,4.7214301980276465,4.1094256430389775,5.3249795524125,2.358499726258412,2.358499726258412,2.358499726258412,-50.04692164582538,-42.60755805976164,-55.708755253531706
Veg,GHG (kgCO2eq),55-64,Male,NHB,4.345904092764481,3.89130124423208,4.805901326679203,2.4593525229808395,2.4593525229808395,2.4593525229808395,-43.40987581673906,-36.79871157170781,-48.826404126773646
Veg,GHG (kgCO2eq),55-64,Male,NHW,4.9749409929014075,4.264845636037984,5.638094285197434,2.4052181410000144,2.4052181410000144,2.4052181410000144,-51.653333287129485,-43.60362962082615,-57.33987373508798
Veg,GHG (kgCO2eq),55-64,Male,OTH,4.377455270888076,3.484764125155911,5.23991643948584,2.2607933006330936,2.2607933006330936,2.2607933006330936,-48.35370870221512,-35.123491305686464,-56.85440165425747
Veg,GHG (kgCO2eq),65-74,Female,HIS,3.7169660349357394,3.1289787223123517,4.301848634983926,2.2617473954147047,2.2617473954147047,2.2617473954147047,-39.15071124792221,-27.716114549246697,-47.423826653929765
Veg,GHG (kgCO2eq),65-74,Female,NHB,3.685306753419177,3.2037856966703124,4.170358526908654,2.3863398648491088,2.3863398648491088,2.3863398648491088,-35.24718498303851,-25.51499723189268,-42.77854411193701
Veg,GHG (kgCO2eq),65-74,Female,NHW,4.238814506348142,3.785296785760802,4.705016119589278,2.3969900083024274,2.3969900083024274,2.3969900083024274,-43.4514059364324,-36.67629927145437,-49.054584567253904
Veg,GHG (kgCO2eq),65-74,Female,OTH,3.9807532724198786,2.9915780058027965,4.92300522873381,2.4401558143392887,2.4401558143392887,2.4401558143392887,-38.701154094487975,-18.432485811632127,-50.43361319023232
Veg,GHG (kgCO2eq),65-74,Male,HIS,4.2841234536241215,3.5048501862818124,5.080480282584836,2.2160705865386365,2.2160705865386365,2.2160705865386365,-48.27248536304507,-36.771317780929245,-56.380687193393676
Veg,GHG (kgCO2eq),65-74,Male,NHB,4.34575616930495,3.7983698983034837,4.913727368539363,2.3327604991710036,2.3327604991710036,2.3327604991710036,-46.32095294145093,-38.58522045962624,-52.52564246631307
Veg,GHG (kgCO2eq),65-74,Male,NHW,4.6393908347365205,4.091937388278614,5.173549368893855,2.3074472347244983,2.3074472347244983,2.3074472347244983,-50.26400411347232,-43.609908564725394,-55.39914534114423
Veg,GHG (kgCO2eq),65-74,Male,OTH,3.7858044548204925,3.06862376914453,4.5377491841150865,2.140799319351651,2.140799319351651,2.140799319351651,-43.45193089342595,-30.23584901877814,-52.82244054286285
Veg,GHG (kgCO2eq),75+,Female,HIS,3.7454557194098648,3.0929394151421623,4.405107254952923,2.1485268658320287,2.1485268658320287,2.1485268658320287,-42.63643661042798,-30.534466491213998,-51.22645734865336
Veg,GHG (kgCO2eq),75+,Female,NHB,3.3088840162998348,2.673229325204195,3.967552422549867,2.166472134798685,2.166472134798685,2.166472134798685,-34.525594607533385,-18.95674215555007,-45.39524865543336
Veg,GHG (kgCO2eq),75+,Female,NHW,3.8692719473289063,3.553558517109859,4.175064670139942,2.201001310998727,2.201001310998727,2.201001310998727,-43.11587965487525,-38.062049621492626,-47.282222315254515
Veg,GHG (kgCO2eq),75+,Female,OTH,4.381111471198327,2.822347776540165,6.112675283058208,2.261980246734084,2.261980246734084,2.261980246734084,-48.36971710022744,-19.854659105584055,-62.99524934682279
Veg,GHG (kgCO2eq),75+,Male,HIS,4.352513464203391,3.3596797688335807,5.357122576895163,2.1158051374191955,2.1158051374191955,2.1158051374191955,-51.38888932061154,-37.023606920913046,-60.504821253400245
Veg,GHG (kgCO2eq),75+,Male,NHB,3.900859447438343,3.2345909527246772,4.595144295691107,2.292514456693393,2.292514456693393,2.292514456693393,-41.230529128680466,-29.125058154191656,-50.11006599198426
Veg,GHG (kgCO2eq),75+,Male,NHW,4.213402412958014,3.820702718605056,4.588887752206373,2.2221167721575017,2.2221167721575017,2.2221167721575017,-47.26075142209198,-41.840102834046206,-51.576135827486944
Veg,GHG (kgCO2eq),75+,Male,OTH,3.7623705782932255,2.927174795786124,4.580707067225414,2.301955995258657,2.301955995258657,2.301955995258657,-38.81634072572076,-21.359120795502683,-49.74671024635117
Vegan,GHG (kgCO2eq),20-34,Female,HIS,4.584057740996722,4.083474895935294,5.087420962200464,1.4778763303696572,1.4778763303696572,1.4778763303696572,-67.76052105206863,-63.80836498246283,-70.95038249536891
Vegan,GHG (kgCO2eq),20-34,Female,NHB,3.935103980593885,3.501303341983029,4.37468584640191,1.3974084367261086,1.3974084367261086,1.3974084367261086,-64.4886528127978,-60.08890689446348,-68.0569420116087
Vegan,GHG (kgCO2eq),20-34,Female,NHW,3.831533722634824,3.4439625811763968,4.223060170431128,1.39319197606483,1.39319197606483,1.39319197606483,-63.638791227791245,-59.546831789649126,-67.00989519828224
Vegan,GHG (kgCO2eq),20-34,Female,OTH,3.8582845301039312,3.377091859176603,4.330183472541917,1.5925777603203524,1.5925777603203524,1.5925777603203524,-58.723164455747046,-52.84173997243143,-63.221471551516665
Vegan,GHG (kgCO2eq),20-34,Male,HIS,5.042845085901625,4.587869976516169,5.484922029505722,1.414490716220791,1.414490716220791,1.414490716220791,-71.95054196339863,-69.1689013973562,-74.21128853588719
Vegan,GHG (kgCO2eq),20-34,Male,NHB,4.173668916930027,3.636809754240208,4.7130955972133695,1.365404111415768,1.365404111415768,1.365404111415768,-67.28527972410181,-62.45599292556274,-71.02956892656566
Vegan,GHG (kgCO2eq),20-34,Male,NHW,4.393824006611772,3.9938845984518756,4.788956733012866,1.3083677272605356,1.3083677272605356,1.3083677272605356,-70.22257320066257,-67.24072278483736,-72.67948323188534
Vegan,GHG (kgCO2eq),20-34,Male,OTH,4.383645542298528,3.8592662179049886,4.906248831286179,1.4689803107568615,1.4689803107568615,1.4689803107568615,-66.48952802907021,-61.93627939058578,-70.058992903306
Vegan,GHG (kgCO2eq),35-44,Female,HIS,4.164492393971193,3.6697234453604324,4.637076475827572,1.339242386567166,1.339242386567166,1.339242386567166,-67.84140154737834,-63.505631786494774,-71.11882036993677
Vegan,GHG (kgCO2eq),35-44,Female,NHB,3.789690770450729,3.3073352004744367,4.269088492274719,1.4463908495750097,1.4463908495750097,1.4463908495750097,-61.83353900922681,-56.26718303704066,-66.11944558674814
Vegan,GHG (kgCO2eq),35-44,Female,NHW,3.9005802117542863,3.4292685643924496,4.365144904882074,1.3575662500650192,1.3575662500650192,1.3575662500650192,-65.19578687360325,-60.412367110549305,-68.89985831749395
Vegan,GHG (kgCO2eq),35-44,Female,OTH,4.2771911648752425,3.7228614853223085,4.854998655726809,1.7093416809940043,1.7093416809940043,1.7093416809940043,-60.03588301053028,-54.0852731767425,-64.79212864502615
Vegan,GHG (kgCO2eq),35-44,Male,HIS,5.183138200498568,4.66917243273428,5.684382691039423,1.3905128637633533,1.3905128637633533,1.3905128637633533,-73.17237530672827,-70.2192865267761,-75.53801460349796
Vegan,GHG (kgCO2eq),35-44,Male,NHB,4.723711343384699,4.12069964896588,5.293037090244799,1.5529209023699302,1.5529209023699302,1.5529209023699302,-67.12498310158787,-62.314144813741834,-70.66106139267373
Vegan,GHG (kgCO2eq),35-44,Male,NHW,4.83672536946801,4.125005334187364,5.553711518018436,1.4578971408771786,1.4578971408771786,1.4578971408771786,-69.85776471659518,-64.65708471224589,-73.74913810076048
Vegan,GHG (kgCO2eq),35-44,Male,OTH,4.3638768938025345,3.712470809969429,5.0327413404479255,1.4527452387734345,1.4527452387734345,1.4527452387734345,-66.70975661947325,-60.868507440590555,-71.13411676658636
Vegan,GHG (kgCO2eq),45-54,Female,HIS,4.179786492352255,3.6679546951892936,4.700396286966931,1.4269923882772921,1.4269923882772921,1.4269923882772921,-65.85968228548859,-61.095692099227286,-69.64101958309347
Vegan,GHG (kgCO2eq),45-54,Female,NHB,3.8259605051380943,3.341570152198168,4.2903121101492,1.3819560642385953,1.3819560642385953,1.3819560642385953,-63.87950000051777,-58.643511843391636,-67.78891538055173
Vegan,GHG (kgCO2eq),45-54,Female,NHW,4.037443898212222,3.43795826459456,4.6385717659061525,1.4316053761031655,1.4316053761031655,1.4316053761031655,-64.54178900821186,-58.35884947044303,-69.13693592873626
Vegan,GHG (kgCO2eq),45-54,Female,OTH,3.7732912196864525,2.8587923225125875,4.729297694890023,1.5737435324086226,1.5737435324086226,1.5737435324086226,-58.292550434540935,-44.95075700268209,-66.72352569158329
Vegan,GHG (kgCO2eq),45-54,Male,HIS,4.691331447206212,4.078199154163368,5.345343948848205,1.4243771826784708,1.4243771826784708,1.4243771826784708,-69.63810383666842,-65.07337849785127,-73.35293675563402
Vegan,GHG (kgCO2eq),45-54,Male,NHB,4.756952926614572,4.116664758821158,5.407895086181399,1.5216691801939988,1.5216691801939988,1.5216691801939988,-68.01168303179027,-63.0363590590325,-71.86208023742425
Vegan,GHG (kgCO2eq),45-54,Male,NHW,4.9312494369972,4.348144996150282,5.502017559358314,1.3786443024040922,1.3786443024040922,1.3786443024040922,-72.04269790003576,-68.29350668791628,-74.94293161498233
Vegan,GHG (kgCO2eq),45-54,Male,OTH,5.1050256957974804,4.095183570104433,6.101363463288435,1.5907195310046172,1.5907195310046172,1.5907195310046172,-68.84012685158241,-61.15633148615969,-73.92845811307771
Vegan,GHG (kgCO2eq),55-64,Female,HIS,4.131290624382207,3.6617887301721,4.6215883415980485,1.519450291626673,1.519450291626673,1.519450291626673,-63.22092949212714,-58.50524419645422,-67.1227686388598
Vegan,GHG (kgCO2eq),55-64,Female,NHB,3.9013324525028352,3.3616703086103796,4.461912667242128,1.5021888150756093,1.5021888150756093,1.5021888150756093,-61.495493312498795,-55.31421355544612,-66.33307446593078
Vegan,GHG (kgCO2eq),55-64,Female,NHW,4.207280274426741,3.7155954098615456,4.699628556170235,1.4153262814585268,1.4153262814585268,1.4153262814585268,-66.36006661925154,-61.90849311251394,-69.88429480027061
Vegan,GHG (kgCO2eq),55-64,Female,OTH,3.5722022157555062,2.9428055545955094,4.190151159816018,1.464126389347679,1.464126389347679,1.464126389347679,-59.0133396454987,-50.24726023568608,-65.05791000122377
Vegan,GHG (kgCO2eq),55-64,Male,HIS,4.728817994737208,4.144538094527293,5.33117522861842,1.484795246103547,1.484795246103547,1.484795246103547,-68.60113356538561,-64.17465077557948,-72.14881930473831
Vegan,GHG (kgCO2eq),55-64,Male,NHB,4.347153295281415,3.8843827470295227,4.800059581449986,1.258822305869822,1.258822305869822,1.258822305869822,-71.04260603746822,-67.5927325433501,-73.77486082184085
Vegan,GHG (kgCO2eq),55-64,Male,NHW,4.975901085217065,4.266268040666687,5.657004110457421,1.464704715810889,1.464704715810889,1.464704715810889,-70.56403070064256,-65.6677756331972,-74.10812000112806
Vegan,GHG (kgCO2eq),55-64,Male,OTH,4.390071070429391,3.4908499282842174,5.304486344760659,1.4711024902317447,1.4711024902317447,1.4711024902317447,-66.49023520050082,-57.85832904725285,-72.26682482301457
Vegan,GHG (kgCO2eq),65-74,Female,HIS,3.707177399894797,3.0941177531522444,4.292008936713075,1.4514770704552644,1.4514770704552644,1.4514770704552644,-60.846840766334665,-53.08914571927589,-66.18187212893268
Vegan,GHG (kgCO2eq),65-74,Female,NHB,3.6842243247696618,3.2027761680098825,4.162119017534148,1.424488566514015,1.424488566514015,1.424488566514015,-61.33545514758865,-55.523318153102366,-65.77491992629382
Vegan,GHG (kgCO2eq),65-74,Female,NHW,4.2267591259357795,3.801854235957818,4.689811145158207,1.4543581619091317,1.4543581619091317,1.4543581619091317,-65.59164791328995,-61.74608305195244,-68.9889823514403
Vegan,GHG (kgCO2eq),65-74,Female,OTH,3.9742135017136673,2.991161958756976,4.906861616336844,1.5942028226743161,1.5942028226743161,1.5942028226743161,-59.88633167325054,-46.70289189767538,-67.51074419203921
Vegan,GHG (kgCO2eq),65-74,Male,HIS,4.2935129568368025,3.5264368723822974,5.102998528803925,1.396580651328107,1.396580651328107,1.396580651328107,-67.47230844839414,-60.39683391852009,-72.63215649690875
Vegan,GHG (kgCO2eq),65-74,Male,NHB,4.34913766706611,3.7778874853288436,4.920597016487268,1.4055813632812009,1.4055813632812009,1.4055813632812009,-67.6813779907456,-62.794514957375625,-71.43473935029489
Vegan,GHG (kgCO2eq),65-74,Male,NHW,4.638087522871606,4.099040096695888,5.168897722978868,1.4642539462985789,1.4642539462985789,1.4642539462985789,-68.4297905315938,-64.27812581099488,-71.67183363313445
Vegan,GHG (kgCO2eq),65-74,Male,OTH,3.787191908020628,3.072350274052615,4.5217693222139115,1.3993330014414418,1.3993330014414418,1.3993330014414418,-63.05090855105884,-54.45398875058483,-69.05341909931151
Vegan,GHG (kgCO2eq),75+,Female,HIS,3.7283630699711803,3.0751957300517496,4.3927091462421926,1.3182018357270229,1.3182018357270229,1.3182018357270229,-64.64395202430721,-57.13437610344106,-69.9911423260359
Vegan,GHG (kgCO2eq),75+,Female,NHB,3.303510226897532,2.7027440805321032,3.9341104630085675,1.3234695138360755,1.3234695138360755,1.3234695138360755,-59.937477926956426,-51.03237767241665,-66.35911659623387
Vegan,GHG (kgCO2eq),75+,Female,NHW,3.8631341650745132,3.5501594502522367,4.175767481750562,1.358315508336485,1.358315508336485,1.358315508336485,-64.83902835638933,-61.7393098149443,-67.471476458573
Vegan,GHG (kgCO2eq),75+,Female,OTH,4.432474509569294,2.727221984791156,6.061838261320917,1.5627909917116651,1.5627909917116651,1.5627909917116651,-64.74224525515608,-42.69659747439518,-74.21919021357851
Vegan,GHG (kgCO2eq),75+,Male,HIS,4.344939293625629,3.377206467356757,5.288242699520383,1.1581926629387453,1.1581926629387453,1.1581926629387453,-73.3438700826521,-65.7056009416792,-78.09872336147153
Vegan,GHG (kgCO2eq),75+,Male,NHB,3.9071253629927187,3.24418793099525,4.569012846421283,1.3659562299092192,1.3659562299092192,1.3659562299092192,-65.03935494757339,-57.89528045343009,-70.10390918512923
Vegan,GHG (kgCO2eq),75+,Male,NHW,4.194715353580131,3.8193832060842317,4.59433452409867,1.3722261678490708,1.3722261678490708,1.3722261678490708,-67.28678701218915,-64.07204792482904,-70.13221042892435
Vegan,GHG (kgCO2eq),75+,Male,OTH,3.7480046494004844,2.917438408781133,4.612325683929544,1.384807663964936,1.384807663964936,1.384807663964936,-63.05213590953138,-52.53343961617719,-69.97593494340741
Med,WATER (litereq),20-34,Female,HIS,2619.828178941704,2306.6067533646615,2937.4662825431747,3596.2521428577206,3596.2521428577206,3596.2521428577206,37.2705344481961,55.91093443266155,22.427010115131875
Med,WATER (litereq),20-34,Female,NHB,2079.140494612219,1817.3808925061228,2342.867002927869,3236.255376334935,3236.255376334935,3236.255376334935,55.65352051586731,78.07248825380903,38.13227009004792
Med,WATER (litereq),20-34,Female,NHW,2425.8195689829677,2145.9147927861027,2705.1621395771563,3525.233469760089,3525.233469760089,3525.233469760089,45.32133860384571,64.27648859175706,30.315052772072214
Med,WATER (litereq),20-34,Female,OTH,2964.0262540792223,2441.2728897098937,3465.2838751389177,4197.322689170876,4197.322689170876,4197.322689170876,41.608822910874615,71.93172901164938,21.12493060911532
Med,WATER (litereq),20-34,Male,HIS,2732.7041714948364,2396.3621589945124,3063.090601511933,3525.412370832656,3525.412370832656,3525.412370832656,29.00819662833078,47.11517445726488,15.09331030210214
Med,WATER (litereq),20-34,Male,NHB,2209.039314950022,1885.3640306350885,2528.749659811192,3253.6602417834843,3253.6602417834843,3253.6602417834843,47.2884714981678,72.57464282308825,28.66675944610576
Med,WATER (litereq),20-34,Male,NHW,2360.0813117415205,2065.038514715792,2648.9848547453244,3105.6077806324806,3105.6077806324806,3105.6077806324806,31.58901624202223,50.38982365226734,17.23765709981971
Med,WATER (litereq),20-34,Male,OTH,2822.2291643380886,2453.0833620060807,3195.0098579098076,3648.9006986753757,3648.9006986753757,3648.9006986753757,29.29143900797193,48.747521392480536,14.206242263756453
Med,WATER (litereq),35-44,Female,HIS,2676.484886213035,2313.602838864765,3044.0333673125306,3439.220533636215,3439.220533636215,3439.220533636215,28.497663160817478,48.65215739983125,12.98235330030502
Med,WATER (litereq),35-44,Female,NHB,2329.379086415457,1960.1685410427242,2701.4480512871182,3492.9482980909697,3492.9482980909697,3492.9482980909697,49.951904284762,78.19632470138886,29.299110394765403
Med,WATER (litereq),35-44,Female,NHW,2499.6744771612616,2132.5376825795356,2879.0522265206528,3461.2435967454667,3461.2435967454667,3461.2435967454667,38.46777363891816,62.30632757488802,20.221632829787
Med,WATER (litereq),35-44,Female,OTH,2884.541093454078,2373.1676857830025,3397.241278504607,4065.351334971845,4065.351334971845,4065.351334971845,40.93580931113769,71.3048496036016,19.666252753214092
Med,WATER (litereq),35-44,Male,HIS,2757.58454823524,2384.1437926610947,3131.6837458487253,3357.389415868128,3357.389415868128,3357.389415868128,21.751096190930657,40.82159919225055,7.207166761924534
Med,WATER (litereq),35-44,Male,NHB,2677.2561233198635,2199.293767467122,3154.245484767631,3776.501315620894,3776.501315620894,3776.501315620894,41.05864891768141,71.71427353109843,19.727565081989926
Med,WATER (litereq),35-44,Male,NHW,2990.906698031226,2371.6379658759965,3581.838586142476,4145.071947349812,4145.071947349812,4145.071947349812,38.58914255260183,74.77675796182382,15.724699694352232
Med,WATER (litereq),35-44,Male,OTH,2995.9552200520457,2471.448556351628,3523.906633437099,3467.611876242416,3467.611876242416,3467.611876242416,15.743114350760454,40.306860417168956,-1.597509895992191
Med,WATER (litereq),45-54,Female,HIS,2776.407407420308,2410.1421014881744,3162.701730965681,3657.0182601255933,3657.0182601255933,3657.0182601255933,31.717638065355203,51.73454950509012,15.629565201173138
Med,WATER (litereq),45-54,Female,NHB,2528.289247833666,2082.5954031218303,2979.2412968538824,3720.4901436076802,3720.4901436076802,3720.4901436076802,47.154450259025424,78.64680475288817,24.880456898088994
Med,WATER (litereq),45-54,Female,NHW,2521.0938397297764,1997.7083054733619,3032.149297741317,3564.001220877058,3564.001220877058,3564.001220877058,41.3672575257677,78.40448533513802,17.540426638355967
Med,WATER (litereq),45-54,Female,OTH,3099.8940813180297,2152.666534968907,4009.897471928433,3553.818123889057,3553.818123889057,3553.818123889057,14.643211369919626,65.08911464730826,-11.373840633886308
Med,WATER (litereq),45-54,Male,HIS,2769.3296290993176,2354.4699592796956,3190.152650731121,3539.6822715238077,3539.6822715238077,3539.6822715238077,27.817296804607388,50.33881649552687,10.956517103110453
Med,WATER (litereq),45-54,Male,NHB,2544.958325970183,2123.6254631396514,2976.170027676407,3432.132757265139,3432.132757265139,3432.132757265139,34.860076970287885,61.616670021979246,15.320452976428808
Med,WATER (litereq),45-54,Male,NHW,2697.9843562908877,2322.3569043956013,3061.683422063329,3619.7394641625383,3619.7394641625383,3619.7394641625383,34.164583116369634,55.86490850356973,18.227098140771332
Med,WATER (litereq),45-54,Male,OTH,3051.9477299145215,2353.3720745471346,3746.6358649053036,3315.351406185589,3315.351406185589,3315.351406185589,8.6306745587168,40.87663578754628,-11.511245668669094
Med,WATER (litereq),55-64,Female,HIS,2808.294167795928,2396.259330534591,3214.7429759301554,3571.1551312431825,3571.1551312431825,3571.1551312431825,27.164567451492488,49.03041109688573,11.086800966099092
Med,WATER (litereq),55-64,Female,NHB,2431.518834955529,2051.0333678759607,2805.4899235886587,3458.884549726424,3458.884549726424,3458.884549726424,42.252015489309784,68.64106668866273,23.289858239874622
Med,WATER (litereq),55-64,Female,NHW,2729.1021323561017,2359.3111183844517,3101.5171521760326,3647.180858078102,3647.180858078102,3647.180858078102,33.640321292387846,54.58668548027378,17.593444728146366
Med,WATER (litereq),55-64,Female,OTH,3145.9064377827663,2415.8039220338474,3870.282268740285,4102.384910623807,4102.384910623807,4102.384910623807,30.403907164993953,69.81448176348846,5.997046875835944
Med,WATER (litereq),55-64,Male,HIS,2941.889254374501,2480.611936510074,3403.128741138063,3619.707986916481,3619.707986916481,3619.707986916481,23.040253182001457,45.91996166917505,6.364121438026762
Med,WATER (litereq),55-64,Male,NHB,2519.9264810763043,2144.5883285424898,2899.178333186658,3659.7000417535587,3659.7000417535587,3659.7000417535587,45.2304291111873,70.64813759574888,26.232318994015323
Med,WATER (litereq),55-64,Male,NHW,2889.7243842591456,2430.3920573616715,3360.99854069546,3806.615151606207,3806.615151606207,3806.615151606207,31.72935011870101,56.62555924160251,13.258458922702756
Med,WATER (litereq),55-64,Male,OTH,2849.12171793857,2114.3636080181313,3555.4051676607087,3120.372700670047,3120.372700670047,3120.372700670047,9.520512269575333,47.579758223084625,-12.235805667034368
Med,WATER (litereq),65-74,Female,HIS,2594.3825031183324,2098.0531325428865,3078.916727243445,3410.3067964725506,3410.3067964725506,3410.3067964725506,31.449652947223996,62.546255076923806,10.763203379189765
Med,WATER (litereq),65-74,Female,NHB,2286.286614304111,1915.4748545888651,2658.1898989140186,3315.337578911333,3315.337578911333,3315.337578911333,45.00970955124275,73.08175938560845,24.721622795489008
Med,WATER (litereq),65-74,Female,NHW,2947.52029173334,2504.567752234197,3381.7322395046544,3825.9948230743703,3825.9948230743703,3825.9948230743703,29.803850165334346,52.760683741192295,13.137130680541107
Med,WATER (litereq),65-74,Female,OTH,3222.18514154451,2495.7473575014674,3954.501324492991,3501.4208947950033,3501.4208947950033,3501.4208947950033,8.666036896832242,40.29548641094553,-11.457334124324195
Med,WATER (litereq),65-74,Male,HIS,2829.7757975873847,2208.0333731583455,3443.5536286165398,3491.0467263033843,3491.0467263033843,3491.0467263033843,23.368315231185,58.10661055859999,1.379188559520853
Med,WATER (litereq),65-74,Male,NHB,2620.7641958501704,2164.5674241846655,3077.312962143154,3340.606955642366,3340.606955642366,3340.606955642366,27.46690300989403,54.33138826343943,8.555970638613378
Med,WATER (litereq),65-74,Male,NHW,3017.963716702686,2595.857750981466,3423.5266357162495,3679.8531284691467,3679.8531284691467,3679.8531284691467,21.931655708890247,41.75865865831184,7.487206031311337
Med,WATER (litereq),65-74,Male,OTH,2513.663072326413,1895.8258537207555,3117.404989133519,3128.432742895115,3128.432742895115,3128.432742895115,24.457123046316966,65.01688363175553,0.3537478704254373
Med,WATER (litereq),75+,Female,HIS,2238.7535662864398,1784.1696437772341,2687.245771127432,3047.1716444277495,3047.1716444277495,3047.1716444277495,36.11018605689072,70.78934478319204,13.393857650367085
Med,WATER (litereq),75+,Female,NHB,2292.815464758903,1797.3091093649102,2781.6304073441074,2944.751036114628,2944.751036114628,2944.751036114628,28.43384395195005,63.84221393921343,5.864209290344489
Med,WATER (litereq),75+,Female,NHW,2650.066293221349,2382.678523142831,2924.3504241228466,3556.976471540283,3556.976471540283,3556.976471540283,34.22216948454215,49.28478336424984,21.633045143937952
Med,WATER (litereq),75+,Female,OTH,2720.7484928500457,1866.4921857252405,3558.990893557895,3459.8176041284623,3459.8176041284623,3459.8176041284623,27.164183430428917,85.36469804635814,-2.78655642555719
Med,WATER (litereq),75+,Male,HIS,2358.1197297125395,1783.1036273529944,2936.264461323984,3167.4927588191586,3167.4927588191586,3167.4927588191586,34.32281316798463,77.63929758369011,7.874913875806401
Med,WATER (litereq),75+,Male,NHB,2430.5772248264807,1838.1994056375436,3022.5745335166866,3286.6723945794993,3286.6723945794993,3286.6723945794993,35.22188725413303,78.79846900720659,8.73751360419032
Med,WATER (litereq),75+,Male,NHW,2808.7056120835396,2459.0260349254777,3160.5629479152963,3594.963252612654,3594.963252612654,3594.963252612654,27.99359381583094,46.19459906294166,13.74439654757984
Med,WATER (litereq),75+,Male,OTH,2671.2781491225473,1897.0710991075678,3450.4135491954817,3649.5553150747264,3649.5553150747264,3649.5553150747264,36.62206297287013,92.37841516807532,5.771533268111523
US,WATER (litereq),20-34,Female,HIS,2616.106745837243,2300.9526432312405,2927.7064395749135,3419.736057836737,3419.736057836737,3419.736057836737,30.718521454762165,48.62261802287173,16.805975203349398
US,WATER (litereq),20-34,Female,NHB,2075.9274691557052,1817.0460891590128,2341.6272935548536,3067.975479845317,3067.975479845317,3067.975479845317,47.788182652310326,68.84412003359112,31.018949441257366
US,WATER (litereq),20-34,Female,NHW,2425.319653708548,2150.0640229860187,2715.151688551866,3308.464361197578,3308.464361197578,3308.464361197578,36.4135385675293,53.87748112741162,21.851916235374578
US,WATER (litereq),20-34,Female,OTH,2954.6055650836083,2445.0173157729846,3458.1950368012895,3875.552304668118,3875.552304668118,3875.552304668118,31.169870877788348,58.50817414120743,12.068644579770995
US,WATER (litereq),20-34,Male,HIS,2729.332868941456,2387.3478214881648,3069.7194035045854,3360.250635241945,3360.250635241945,3360.250635241945,23.116189801546042,40.75245362225085,9.4644230806786709
US,WATER (litereq),20-34,Male,NHB,2214.51727302905,1889.172117178224,2535.2414847032705,3099.834244123095,3099.834244123095,3099.834244123095,39.97787607603958,64.08426823243535,22.269782299886327
US,WATER (litereq),20-34,Male,NHW,2358.714484053241,2074.1590838599386,2653.332624837212,2994.9054765268625,2994.9054765268625,2994.9054765268625,26.971937331744527,44.39131018597891,12.873352119228057
US,WATER (litereq),20-34,Male,OTH,2823.761528812787,2445.0446512825524,3196.6434068791896,3439.9845825080806,3439.9845825080806,3439.9845825080806,21.82277247591712,40.69209659233138,7.612396650349547
US,WATER (litereq),35-44,Female,HIS,2682.4249424591662,2317.7554874945104,3048.497742837234,3251.02446476629,3251.02446476629,3251.02446476629,21.19722022066529,40.26606699055393,6.643492599097824
US,WATER (litereq),35-44,Female,NHB,2333.672619058377,1963.8836489956952,2700.3649102064155,3299.388699341394,3299.388699341394,3299.388699341394,41.38181475826191,68.00326745572013,22.183068179818303
US,WATER (litereq),35-44,Female,NHW,2503.9768397445373,2130.1468482845517,2883.6880252865294,3278.94876820728,3278.94876820728,3278.94876820728,30.949644428093332,53.93064430501027,13.706778939149514
US,WATER (litereq),35-44,Female,OTH,2890.463508185779,2369.8016109021864,3394.0640186306123,3775.403886759993,3775.403886759993,3775.403886759993,30.615864067062837,59.31307791299424,11.235494263989697
US,WATER (litereq),35-44,Male,HIS,2757.798046440948,2378.1255538851724,3138.8974941586403,3204.879719683926,3204.879719683926,3204.879719683926,16.211545070167677,34.764950254542924,2.1020828379415355
US,WATER (litereq),35-44,Male,NHB,2678.6394965112077,2208.9029643599156,3148.8159448099027,3574.3696060913476,3574.3696060913476,3574.3696060913476,33.43974098592898,61.81650637275096,13.514720096068872
US,WATER (litereq),35-44,Male,NHW,2978.477950109019,2384.6871099787318,3568.050145574852,3832.6005554604235,3832.6005554604235,3832.6005554604235,28.67647904931248,60.71712466691721,7.414425220835827
US,WATER (litereq),35-44,Male,OTH,2994.896990411296,2454.1997561502535,3526.1499461723383,3276.70621562802,3276.70621562802,3276.70621562802,9.409646679634962,33.51424257200562,-7.074110130089376
US,WATER (litereq),45-54,Female,HIS,2781.285531575501,2406.31901461468,3159.981316404717,3435.3806610243173,3435.3806610243173,3435.3806610243173,23.51772667793279,42.76497173316064,8.715220662536618
US,WATER (litereq),45-54,Female,NHB,2521.9897959500017,2073.1687167719824,2975.5518054438053,3470.231346608335,3470.231346608335,3470.231346608335,37.598944776901554,67.3877923457982,16.6248001550337
US,WATER (litereq),45-54,Female,NHW,2528.0743542328564,2019.81700546778,3028.350221090956,3349.166897347861,3349.166897347861,3349.166897347861,32.47897126681485,65.81536289086792,10.593777232982367
US,WATER (litereq),45-54,Female,OTH,3112.553650080769,2200.416139133896,4061.570526469323,3344.2344539309624,3344.2344539309624,3344.2344539309624,7.443431660822347,51.98190898778281,-17.66154417025309
US,WATER (litereq),45-54,Male,HIS,2772.7788497988417,2350.1468513986392,3183.7641426852642,3347.5570799025645,3347.5570799025645,3347.5570799025645,20.729321061628177,42.440336352187444,5.14463163339585
US,WATER (litereq),45-54,Male,NHB,2542.9462083785666,2112.85618632596,2977.203091240761,3282.8469611916066,3282.8469611916066,3282.8469611916066,29.09620149947315,55.374842000019896,10.266141092291676
US,WATER (litereq),45-54,Male,NHW,2703.4262556029566,2319.4579664240814,3069.5227087729577,3424.399076139213,3424.399076139213,3424.399076139213,26.668854718785536,47.637901859399676,11.561288220868613
US,WATER (litereq),45-54,Male,OTH,3041.031642116151,2338.7759741060527,3739.6347826690117,3121.082462452819,3121.082462452819,3121.082462452819,2.632357362811371,33.44939818982818,-16.540447294019607
US,WATER (litereq),55-64,Female,HIS,2798.8207212861225,2391.0686664998693,3206.425458420003,3369.828350048643,3369.828350048643,3369.828350048643,20.401722211779592,40.93398476010799,5.096107604795483
US,WATER (litereq),55-64,Female,NHB,2430.502227606478,2051.592942979637,2813.6527189270337,3241.505473199044,3241.505473199044,3241.505473199044,33.36772278506529,57.99944546949134,15.206309982532915
US,WATER (litereq),55-64,Female,NHW,2728.933543046865,2351.3404845579644,3105.3788400177637,3412.056513698288,3412.056513698288,3412.056513698288,25.03259826139678,45.1111200656136,9.875692773084339
US,WATER (litereq),55-64,Female,OTH,3145.457687316878,2423.15582471625,3864.9256165288257,3766.571284323466,3766.571284323466,3766.571284323466,19.746366308186044,55.44073748391847,-2.5447923702524933
US,WATER (litereq),55-64,Male,HIS,2944.592850042889,2481.3089368477667,3401.380845838352,3403.8414186955165,3403.8414186955165,3403.8414186955165,15.596335114579196,37.179267287036296,0.0723404102241347
US,WATER (litereq),55-64,Male,NHB,2520.002058457162,2140.9182900870187,2898.4460656065016,3443.1912682009397,3443.1912682009397,3443.1912682009397,36.634462525359524,60.827775826091404,18.79438810535361
US,WATER (litereq),55-64,Male,NHW,2893.3148809246745,2419.197305450542,3367.409128751505,3551.7913052679382,3551.7913052679382,3551.7913052679382,22.758546907028013,46.816933751770456,5.475490784358438
US,WATER (litereq),55-64,Male,OTH,2838.452668130106,2071.279465755267,3569.550457515546,2983.9580292343508,2983.9580292343508,2983.9580292343508,5.126221153446248,44.06351622600991,-16.40521503340158
US,WATER (litereq),65-74,Female,HIS,2586.823508110924,2077.0850954383754,3094.4545274112975,3214.596224551178,3214.596224551178,3214.596224551178,24.268092294348147,54.76478222346143,3.882483845719532
US,WATER (litereq),65-74,Female,NHB,2287.8071850787687,1919.2433928191122,2665.888638551139,3140.6272515013425,3140.6272515013425,3140.6272515013425,37.276745697134054,63.63882055043475,17.807893626352485
US,WATER (litereq),65-74,Female,NHW,2956.279807928919,2517.122704613372,3388.2510716505394,3571.7176069385637,3571.7176069385637,3571.7176069385637,20.817982024536498,41.896841198577015,5.414785723026454
US,WATER (litereq),65-74,Female,OTH,3230.3774076629597,2508.077064254439,3976.0094530678693,3331.757963041585,3331.757963041585,3331.757963041585,3.138350185898855,32.841131978215216,-16.20346977618937
US,WATER (litereq),65-74,Male,HIS,2827.3925530268266,2199.8400705158188,3456.7895905452747,3304.0410258301763,3304.0410258301763,3304.0410258301763,16.85823471145102,50.19460142188629,-4.418798446190755
US,WATER (litereq),65-74,Male,NHB,2622.601107758738,2170.955614069729,3087.8017105566505,3143.4895235958447,3143.4895235958447,3143.4895235958447,19.86151894377316,44.79750314668933,1.8034776277507518
US,WATER (litereq),65-74,Male,NHW,3019.8790707244716,2600.057115083543,3437.0266604378207,3413.0501589314013,3413.0501589314013,3413.0501589314013,13.019431540104934,31.268276344065455,-0.6975942835242734
US,WATER (litereq),65-74,Male,OTH,2499.7927984553016,1903.543023930864,3093.9696539802444,2943.8809792280067,2943.8809792280067,2943.8809792280067,17.764999605052097,54.65271560549333,-4.851006685186967
US,WATER (litereq),75+,Female,HIS,2235.229566844679,1789.5669912911096,2693.0163867763767,2911.5525665374144,2911.5525665374144,2911.5525665374144,30.25742902316089,62.69592480786827,8.114922019566027
US,WATER (litereq),75+,Female,NHB,2293.0294210357374,1796.961334241361,2787.5629651587055,2765.098126469879,2765.098126469879,2765.098126469879,20.587119428276374,53.876328543109395,-0.8058952916798994
US,WATER (litereq),75+,Female,NHW,2647.569203364769,2376.133134638963,2918.2867805241153,3318.0920706699417,3318.0920706699417,3318.0920706699417,25.325980769568258,39.642515072039636,13.700000041600521
US,WATER (litereq),75+,Female,OTH,2720.9105909327463,1902.611789809509,3574.365697887963,3247.0038418042946,3247.0038418042946,3247.0038418042946,19.335190675677435,70.66034485833745,-9.15859997976988
US,WATER (litereq),75+,Male,HIS,2351.541910546388,1772.9308520495254,2930.060648557617,3017.2725826482397,3017.2725826482397,3017.2725826482397,28.31038941369185,70.18557600034107,2.9764549117286965
US,WATER (litereq),75+,Male,NHB,2428.2905877388316,1831.35355613612,3020.0934559630186,3085.810956933812,3085.810956933812,3085.810956933812,27.07749939463581,68.49891964304304,2.176008853005448
US,WATER (litereq),75+,Male,NHW,2807.307301460683,2462.7041314560443,3178.1547137559337,3337.7266318317675,3337.7266318317675,3337.7266318317675,18.89423826508411,35.53096326915961,5.020898365493735
US,WATER (litereq),75+,Male,OTH,2682.21246816337,1919.8320254981106,3451.4854205371757,3344.569459713474,3344.569459713474,3344.569459713474,24.694426687370115,74.2115672252997,-3.0976796305592362
Veg,WATER (litereq),20-34,Female,HIS,2616.0197494568965,2296.8748919000473,2936.0443852288536,3081.216904398057,3081.216904398057,3081.216904398057,17.782631611926426,34.14822528053225,4.944493342796923
Veg,WATER (litereq),20-34,Female,NHB,2074.283074381886,1809.876243484537,2340.7175513791194,2692.22581060055,2692.22581060055,2692.22581060055,29.790665693148206,48.7519282211934,15.017115542809803
Veg,WATER (litereq),20-34,Female,NHW,2424.1732624157667,2139.8742039132544,2711.517392685301,2942.807525620055,2942.807525620055,2942.807525620055,21.394273719835216,37.52245436850687,8.52991515225725
Veg,WATER (litereq),20-34,Female,OTH,2954.036073397624,2455.3525288729957,3467.4657665642007,3522.382462147372,3522.382462147372,3522.382462147372,19.23965634231598,43.45730076341184,1.5837703752613037
Veg,WATER (litereq),20-34,Male,HIS,2733.070849125922,2398.8678827186386,3065.9559356714767,3079.891292960172,3079.891292960172,3079.891292960172,12.68977143220303,28.389367132204423,0.4545191640415176
Veg,WATER (litereq),20-34,Male,NHB,2210.314153840994,1894.6805247837235,2535.409973735888,2715.40447232112,2715.40447232112,2715.40447232112,22.851517174714754,43.3172736406884,7.099226572813902
Veg,WATER (litereq),20-34,Male,NHW,2359.7940715955174,2067.319905584071,2651.403398562716,2634.550041533464,2634.550041533464,2634.550041533464,11.643218077591708,27.437946803358237,-0.6356391124182754
Veg,WATER (litereq),20-34,Male,OTH,2825.2955328432936,2440.813878408064,3186.8530878673055,3125.51354326698,3125.51354326698,3125.51354326698,10.626074579941584,28.052104706381286,-1.924768507021922
Veg,WATER (litereq),35-44,Female,HIS,2677.6417679245187,2308.8445516726565,3043.924398949417,2952.2587100764995,2952.2587100764995,2952.2587100764995,10.255925398297046,27.86736586218928,-3.011431194038695
Veg,WATER (litereq),35-44,Female,NHB,2326.4577675730393,1952.92799891255,2697.970131393962,2896.8648124058973,2896.8648124058973,2896.8648124058973,24.51826346402611,48.33444008273526,7.372011969204863
Veg,WATER (litereq),35-44,Female,NHW,2504.072088479847,2115.2487871985063,2897.5084744487,2958.24902241582,2958.24902241582,2958.24902241582,18.137534299649147,39.85347918973666,2.096302685660896
Veg,WATER (litereq),35-44,Female,OTH,2892.9720674842074,2398.6820501781535,3388.287039129694,3448.407102407067,3448.407102407067,3448.407102407067,19.19946069185101,43.76257587582102,1.7743497697531336
Veg,WATER (litereq),35-44,Male,HIS,2754.2608626892197,2378.970303680256,3135.3662272522847,2887.3726049806155,2887.3726049806155,2887.3726049806155,4.832938814714429,21.370687163007595,-7.909558383200464
Veg,WATER (litereq),35-44,Male,NHB,2676.886515782664,2213.0893680018835,3156.9404542068355,3202.2046595978786,3202.2046595978786,3202.2046595978786,19.624221673873347,44.693870292686405,1.433799783290987
Veg,WATER (litereq),35-44,Male,NHW,2983.2750041641993,2382.4406144787663,3576.1322751828493,3453.6399435591848,3453.6399435591848,3453.6399435591848,15.766730815577755,44.96226779255007,-3.425274072598488
Veg,WATER (litereq),35-44,Male,OTH,2986.09704022827,2460.81068404768,3514.177360047151,2903.8551911388486,2903.8551911388486,2903.8551911388486,-2.7541586218221026,18.00400615793915,-17.367426466492105
Veg,WATER (litereq),45-54,Female,HIS,2780.5281832653272,2397.79863713445,3160.45483271468,3131.684775161924,3131.684775161924,3131.684775161924,12.629132623436105,30.606662572155063,-0.9103138337858774
Veg,WATER (litereq),45-54,Female,NHB,2523.810971459385,2073.6806498529822,2967.8912336365074,3120.1781768744727,3120.1781768744727,3120.1781768744727,23.62963043425713,50.465703438747134,5.131149737295818
Veg,WATER (litereq),45-54,Female,NHW,2522.406792614643,2017.6490044217726,3032.8142106519963,2987.6945568703773,2987.6945568703773,2987.6945568703773,18.446182654520697,48.07801308962581,-1.487715720374417
Veg,WATER (litereq),45-54,Female,OTH,3120.5045098818323,2228.0080522830604,4010.623369114466,3015.8900602423637,3015.8900602423637,3015.8900602423637,-3.3524851288687985,35.362619410282356,-24.802461296477627
Veg,WATER (litereq),45-54,Male,HIS,2771.212936131925,2360.4973298117516,3207.2955687851936,3079.587448159843,3079.587448159843,3079.587448159843,11.127781196718471,30.463500604994902,-3.9818008002836414
Veg,WATER (litereq),45-54,Male,NHB,2538.043925563216,2128.9541117858125,2960.113926244421,3001.542245587385,3001.542245587385,3001.542245587385,18.26202909082097,40.98670464388858,1.399551516435229
Veg,WATER (litereq),45-54,Male,NHW,2700.69403437662,2320.004470216191,3070.4501853451306,3044.9143662377887,3044.9143662377887,3044.9143662377887,12.745624920100301,31.246056002385497,-0.831663683365428
Veg,WATER (litereq),45-54,Male,OTH,3033.8228377955734,2332.0298614937915,3724.9803311657643,2718.549164117128,2718.549164117128,2718.549164117128,-10.39196059014206,16.574371924026302,-27.01842902707798
Veg,WATER (litereq),55-64,Female,HIS,2804.810420560424,2403.6680883757617,3228.788811640401,3050.877023026271,3050.877023026271,3050.877023026271,8.7730208310008,26.925886222829128,-5.510171119669512
Veg,WATER (litereq),55-64,Female,NHB,2432.6883247867486,2050.964637384273,2809.21325582778,2835.551649113137,2835.551649113137,2835.551649113137,16.560416729985487,38.25453630100119,0.9375718710823223
Veg,WATER (litereq),55-64,Female,NHW,2727.481294922703,2348.422053926635,3103.1343196320317,3039.380446771793,3039.380446771793,3039.380446771793,11.435427712362332,29.422240848481813,-2.054499299527546
Veg,WATER (litereq),55-64,Female,OTH,3149.0451895016745,2408.4731154740134,3855.8555581354194,3563.860068108151,3563.860068108151,3563.860068108151,13.172719146406397,47.97176041579958,-7.572780816729267
Veg,WATER (litereq),55-64,Male,HIS,2943.7592540093865,2472.617942863349,3408.355543536312,3133.4805283403143,3133.4805283403143,3133.4805283403143,6.444863793549977,26.727242167937636,-8.06474006848485
Veg,WATER (litereq),55-64,Male,NHB,2524.4806446433554,2151.003469374673,2892.7405075469474,3073.930483726941,3073.930483726941,3073.930483726941,21.764866379524523,42.906811982993965,6.263609739874086
Veg,WATER (litereq),55-64,Male,NHW,2886.1780803938404,2418.935428025946,3339.9190333348934,3226.3885126860505,3226.3885126860505,3226.3885126860505,11.787575915821028,33.38051422559279,-3.3991997864536008
Veg,WATER (litereq),55-64,Male,OTH,2844.3791248014304,2108.672365680408,3567.7243515626706,2626.1731583040387,2626.1731583040387,2626.1731583040387,-7.6714796770499065,24.54154571597699,-26.39080546809146
Veg,WATER (litereq),65-74,Female,HIS,2588.8536929472125,2099.204195769978,3098.605341591414,2951.3025207597034,2951.3025207597034,2951.3025207597034,14.000359649520036,40.591493038493084,-4.753842603138907
Veg,WATER (litereq),65-74,Female,NHB,2286.641953611939,1926.5463137108397,2663.270130671635,2783.8999323355583,2783.8999323355583,2783.8999323355583,21.746210767197713,44.50210267581457,4.529386646689966
Veg,WATER (litereq),65-74,Female,NHW,2947.4507710084163,2511.738843465948,3392.309008068677,3223.025871039849,3223.025871039849,3223.025871039849,9.349608235768757,28.318510478278714,-4.990203917926837
Veg,WATER (litereq),65-74,Female,OTH,3232.992841370484,2474.532055637617,3957.4907678646987,3055.7843583304943,3055.7843583304943,3055.7843583304943,-5.481251946257629,23.489382623621143,-22.78480134069216
Veg,WATER (litereq),65-74,Male,HIS,2825.02558564123,2215.1298192381387,3449.112267391597,3114.847389171237,3114.847389171237,3114.847389171237,10.25908597086998,40.61692286019349,-9.69133076300671
Veg,WATER (litereq),65-74,Male,NHB,2622.5171209282003,2173.5110490842103,3084.5556996093324,2782.7476707356986,2782.7476707356986,2782.7476707356986,6.109799952451301,28.03006784383198,-9.784489510494446
Veg,WATER (litereq),65-74,Male,NHW,3019.838569327011,2591.8192768654194,3446.1710918623053,3061.3602370527246,3061.3602370527246,3061.3602370527246,1.374963156887121,18.116269308528885,-11.16633053182596
Veg,WATER (litereq),65-74,Male,OTH,2509.2985433079134,1904.001367503325,3130.7620195416257,2699.6258903974235,2699.6258903974235,2699.6258903974235,7.584882540066706,41.786972240328986,-13.770964591148473
Veg,WATER (litereq),75+,Female,HIS,2242.0782275524425,1788.566944934613,2689.910347529119,2574.5218686567127,2574.5218686567127,2574.5218686567127,14.827477338611029,43.94327681991422,-4.289677497184956
Veg,WATER (litereq),75+,Female,NHB,2293.861312490093,1804.6898279163993,2799.5843959615963,2463.075129506882,2463.075129506882,2463.075129506882,7.376811147884946,36.48190904642158,-12.019972212308698
Veg,WATER (litereq),75+,Female,NHW,2649.876436930309,2376.932313512371,2919.800044350477,2953.4262073268947,2953.4262073268947,2953.4262073268947,11.455242447011086,24.25369416441834,1.1516597871652514
Veg,WATER (litereq),75+,Female,OTH,2708.6716289841747,1888.3911803065423,3569.9399114342423,2864.4843453697317,2864.4843453697317,2864.4843453697317,5.752366389424287,51.68914021853991,-19.760992721613906
Veg,WATER (litereq),75+,Male,HIS,2358.4946125528836,1770.1713268718654,2954.8673192939973,2774.9447431140284,2774.9447431140284,2774.9447431140284,17.657455240500656,56.76136546724745,-6.0890238625996105
Veg,WATER (litereq),75+,Male,NHB,2428.1361621532565,1845.9399351729483,3027.325411895742,2789.977928778669,2789.977928778669,2789.977928778669,14.902037713755458,51.14131698533695,-7.840170805042181
Veg,WATER (litereq),75+,Male,NHW,2814.483349687634,2463.7096694499824,3166.1220270592557,2993.2215270313322,2993.2215270313322,2993.2215270313322,6.350656768445104,21.492461719304863,-5.460955027956273
Veg,WATER (litereq),75+,Male,OTH,2681.967812121032,1899.7537001090368,3438.652952298781,3056.7133099891666,3056.7133099891666,3056.7133099891666,13.97278133520058,60.90050567153658,-11.107245994518966
Vegan,WATER (litereq),20-34,Female,HIS,2615.4392375161556,2294.669534950817,2940.3934272160827,2822.4688878107345,2822.4688878107345,2822.4688878107345,7.915674251763232,23.00110516223986,-4.010502074785186
Vegan,WATER (litereq),20-34,Female,NHB,2078.119456109611,1814.6607812674204,2344.5782203838985,2416.5220136089065,2416.5220136089065,2416.5220136089065,16.284076283699765,33.16659722601851,3.068517509866999
Vegan,WATER (litereq),20-34,Female,NHW,2425.819580643395,2141.127584718248,2713.254091343873,2686.741292649482,2686.741292649482,2686.741292649482,10.756022998910883,25.48254068675837,-0.9771587106041733
Vegan,WATER (litereq),20-34,Female,OTH,2962.697096568205,2450.3402655907794,3459.7514040494434,3324.1405280556432,3324.1405280556432,3324.1405280556432,12.199810500577696,35.66036418432645,-3.919671102238019
Vegan,WATER (litereq),20-34,Male,HIS,2731.027109066742,2392.5743011148716,3063.757840839248,2835.7644768754362,2835.7644768754362,2835.7644768754362,3.8350907415373663,18.52357001218523,-7.441624821802428
Vegan,WATER (litereq),20-34,Male,NHB,2213.162817547117,1890.8751839931083,2541.975997487411,2424.1649893931144,2424.1649893931144,2424.1649893931144,9.533965154893327,28.203331976350576,-4.634623151860819
Vegan,WATER (litereq),20-34,Male,NHW,2363.538478790318,2072.903749550732,2651.5361899889353,2333.2739889100867,2333.2739889100867,2333.2739889100867,-1.2804737537305106,12.560652631159833,-12.002936346125328
Vegan,WATER (litereq),20-34,Male,OTH,2825.1162174203705,2455.9407459468002,3192.2492031261304,2907.5777797127753,2907.5777797127753,2907.5777797127753,2.9188732762187355,18.389573710658176,-8.917581469973582
Vegan,WATER (litereq),35-44,Female,HIS,2678.402378026683,2311.137612521938,3035.1340792619712,2712.577336612933,2712.577336612933,2712.577336612933,1.2759456482945755,17.369788883014174,-10.627429768357114
Vegan,WATER (litereq),35-44,Female,NHB,2329.5068937085966,1963.7234562982833,2694.2919171315725,2584.6912331047997,2584.6912331047997,2584.6912331047997,10.954435897373424,31.62195648347918,-4.067884527651968
Vegan,WATER (litereq),35-44,Female,NHW,2504.7923960877974,2117.9224638941,2889.0144674099065,2693.6075720873177,2693.6075720873177,2693.6075720873177,7.538156706896279,27.181595077599734,-6.763790819565443
Vegan,WATER (litereq),35-44,Female,OTH,2887.493767961754,2378.498801407009,3406.0433433013454,3257.1851435542208,3257.1851435542208,3257.1851435542208,12.803192155577433,36.9428961506065,-4.370414135800227
Vegan,WATER (litereq),35-44,Male,HIS,2757.594405571647,2372.6381442097913,3138.9912246277913,2593.8601044988786,2593.8601044988786,2593.8601044988786,-5.937577358800385,9.3238811332844609,-17.36644294676396
Vegan,WATER (litereq),35-44,Male,NHB,2678.874306058502,2204.5642763809033,3141.2715072001492,2905.577818902827,2905.577818902827,2905.577818902827,8.462640905981129,31.79828095884481,-7.503130110118968
Vegan,WATER (litereq),35-44,Male,NHW,2979.6916768793803,2369.732046011347,3588.239396784422,3186.247800162906,3186.247800162906,3186.247800162906,6.9321307599130915,34.456037150946706,-11.203031686842243
Vegan,WATER (litereq),35-44,Male,OTH,2990.85756212307,2454.4252265441696,3513.555319198698,2697.6823314394433,2697.6823314394433,2697.6823314394433,-9.802380240251734,9.910960100331906,-23.220724128098336
Vegan,WATER (litereq),45-54,Female,HIS,2779.739412362072,2402.2286466204782,3154.3366463523007,2927.4234941014756,2927.4234941014756,2927.4234941014756,5.312875051618946,21.862816773076787,-7.193688489566553
Vegan,WATER (litereq),45-54,Female,NHB,2524.6093679598307,2069.5372280547476,2984.1008327985537,2848.8777651773344,2848.8777651773344,2848.8777651773344,12.844299848239457,37.657720120121944,-4.531451019850567
Vegan,WATER (litereq),45-54,Female,NHW,2530.488961038651,2015.7674710073031,3040.407267817535,2736.7577746491315,2736.7577746491315,2736.7577746491315,8.15134216297141,35.76753340907624,-9.98713219714045
Vegan,WATER (litereq),45-54,Female,OTH,3094.1171404175984,2220.921660334134,4030.697878242904,2794.171941301682,2794.171941301682,2794.171941301682,-9.69404794659565,25.811368820695098,-30.677713247023586
Vegan,WATER (litereq),45-54,Male,HIS,2768.7792997074794,2353.804601097819,3199.6774247784288,2850.135300860395,2850.135300860395,2850.135300860395,2.938334635827094,21.086317000616205,-10.924292593095966
Vegan,WATER (litereq),45-54,Male,NHB,2544.3099584679703,2115.5061467743917,2970.529722485074,2741.0486685206947,2741.0486685206947,2741.0486685206947,7.732497740612884,29.569402230293495,-7.725256954251282
Vegan,WATER (litereq),45-54,Male,NHW,2700.782841703228,2325.9020745993207,3061.0287791882156,2786.912155558648,2786.912155558648,2786.912155558648,3.189049949721369,19.820700363696297,-8.955048887265388
Vegan,WATER (litereq),45-54,Male,OTH,3033.4088615525193,2346.8868018807784,3743.455648215969,2530.702811347733,2530.702811347733,2530.702811347733,-16.57231428893162,7.832333852644527,-32.39661293826739
Vegan,WATER (litereq),55-64,Female,HIS,2808.7575848745273,2400.5770245734093,3223.2828249316303,2870.1366151083735,2870.1366151083735,2870.1366151083735,2.185273323848917,19.56028012133485,-10.956103730386971
Vegan,WATER (litereq),55-64,Female,NHB,2434.8227326183173,2058.0787944279364,2813.8942458862352,2562.220023676073,2562.220023676073,2562.220023676073,5.232302514309022,24.49572050463053,-8.943982972284637
Vegan,WATER (litereq),55-64,Female,NHW,2729.769866751112,2353.564787681937,3111.3024381692812,2825.6780146046863,2825.6780146046863,2825.6780146046863,3.513415142490418,20.059495680496685,-9.18022047810495
Vegan,WATER (litereq),55-64,Female,OTH,3137.6553611593527,2408.921712953024,3843.8767627368834,3392.6081803758875,3392.6081803758875,3392.6081803758875,8.125583911240357,40.83513640702721,-11.739933671538616
Vegan,WATER (litereq),55-64,Male,HIS,2946.319612949879,2476.1401409611412,3405.438022333457,2930.3020477091145,2930.3020477091145,2930.3020477091145,-0.5436465606230465,18.341526767208148,-13.952271969371278
Vegan,WATER (litereq),55-64,Male,NHB,2522.704150961646,2146.0553885433333,2899.70598275984,2787.9432196251414,2787.9432196251414,2787.9432196251414,10.51407746573799,29.91012415189801,-3.85427915103057
Vegan,WATER (litereq),55-64,Male,NHW,2892.2496416561826,2423.106883639834,3352.1567668919465,2999.280855009257,2999.280855009257,2999.280855009257,3.7006215442656325,23.778314331059622,-10.526832019549888
Vegan,WATER (litereq),55-64,Male,OTH,2842.928109197507,2114.216892797695,3584.242986927215,2432.825768635365,2432.825768635365,2432.825768635365,-14.425350371519055,15.069829255600267,-32.12441853109307
Vegan,WATER (litereq),65-74,Female,HIS,2583.559492797068,2075.050022918781,3075.445966851299,2780.811936727794,2780.811936727794,2780.811936727794,7.634910071963261,34.011802415070605,-9.580205059663493
Vegan,WATER (litereq),65-74,Female,NHB,2291.1678862180684,1924.1757930352042,2659.4509015769495,2540.59754974845,2540.59754974845,2540.59754974845,10.886572958304878,32.03562579596219,-4.469093667344039
Vegan,WATER (litereq),65-74,Female,NHW,2947.8619496955903,2519.3350335952873,3376.921866426235,2993.937166122995,2993.937166122995,2993.937166122995,1.5630045508801007,18.838388947833337,-11.341236648408119
Vegan,WATER (litereq),65-74,Female,OTH,3225.9413022537665,2471.86037402173,3967.2068966157044,2873.14704594349,2873.14704594349,2873.14704594349,-10.936164773481801,16.234196564624902,-27.577584915107945
Vegan,WATER (litereq),65-74,Male,HIS,2823.4284848286175,2205.244691806018,3449.0734625389173,2941.8440481919215,2941.8440481919215,2941.8440481919215,4.19403445136284,33.40215982030793,-14.70625139928496
Vegan,WATER (litereq),65-74,Male,NHB,2620.9116508024085,2160.1393818121105,3078.8947207126034,2551.3753724414073,2551.3753724414073,2551.3753724414073,-2.6531332462012696,18.111608626897695,-17.133400006256235
Vegan,WATER (litereq),65-74,Male,NHW,3018.7250903963672,2595.211265532321,3447.5877872582155,2847.884251393082,2847.884251393082,2847.884251393082,-5.659370558345648,9.736123960949822,-17.39487354264192
Vegan,WATER (litereq),65-74,Male,OTH,2508.3073020847096,1912.0444559743942,3103.9918642803696,2529.5357381161853,2529.5357381161853,2529.5357381161853,0.8463251697203227,32.294818261801986,-18.507011335139772
Vegan,WATER (litereq),75+,Female,HIS,2232.5284879432324,1788.644410505526,2681.580664894518,2387.054254627569,2387.054254627569,2387.054254627569,6.921558561015144,33.45605423902643,-10.983313465923066
Vegan,WATER (litereq),75+,Female,NHB,2294.7058893318467,1810.8479689022329,2783.0473898438563,2254.2691074190657,2254.2691074190657,2254.2691074190657,-1.7621771095273167,24.486933532340778,-18.999974069951353
Vegan,WATER (litereq),75+,Female,NHW,2651.0744411257397,2379.2137925877346,2921.8523094629472,2741.591276455551,2741.591276455551,2741.591276455551,3.4143452905598037,15.230976089529102,-6.16940946753497
Vegan,WATER (litereq),75+,Female,OTH,2726.5406767227673,1866.6315530781535,3561.3756002808627,2688.0724124206586,2688.0724124206586,2688.0724124206586,-1.4108817312179858,44.00658812329164,-24.52151319819601
Vegan,WATER (litereq),75+,Male,HIS,2359.3953573287545,1778.8857642166506,2932.148768806245,2581.339620949938,2581.339620949938,2581.339620949938,9.40682802192435,45.109915030808935,-11.964234270389037
Vegan,WATER (litereq),75+,Male,NHB,2437.2898460139686,1853.2918593333286,3008.7505382895415,2560.2617795847336,2560.2617795847336,2560.2617795847336,5.045437405480426,38.146712655702174,-14.906146355349598
Vegan,WATER (litereq),75+,Male,NHW,2805.382881248421,2459.185300614693,3162.9382011955936,2783.7516276411066,2783.7516276411066,2783.7516276411066,-0.7710624368566953,13.19812406756358,-11.98842814605591
Vegan,WATER (litereq),75+,Male,OTH,2673.3920073033214,1911.4227859314144,3458.3870333919995,2838.8815483003627,2838.8815483003627,2838.8815483003627,6.190245970098951,48.521905734058116,-17.913133466846922
