riskfactor,outcome,midage,logRR.perchange,se.perchange,logRR.perchange.exp,se.perchange.exp,event.age,origlogRR
fruit_exc_juice,IHD,30,-0.093566754668598,0.028063271730177097,0.9110354917358207,0.02556761927503876,60.2,-0.061875404
fruit_exc_juice,IHD,40,-0.08974034083292436,0.02691562381182243,0.9144993511318331,0.024614992697236323,60.2,-0.061875404
fruit_exc_juice,IHD,50,-0.076129502503282,0.022833354891914546,0.9269375265630256,0.021164973372604867,60.2,-0.061875404
fruit_exc_juice,IHD,60,-0.06308278412580891,0.018920281233317293,0.9390336259757536,0.017766289592017873,60.2,-0.061875404
fruit_exc_juice,IHD,70,-0.05232387975321689,0.015693386616779187,0.9491381937310004,0.014894617867502877,60.2,-0.061875404
fruit_exc_juice,IHD,87.5,-0.030134857894004594,0.0077837757970919234,0.9703146701317884,0.007552711844935048,60.2,-0.061875404
