riskfactor,outcome,midage,logRR.perchange,se.perchange,logRR.perchange.exp,se.perchange.exp,event.age,origlogRR
leg_tot,IHD,30,-0.07525705642140096,0.024651498693606614,0.9277867845264295,0.02289517813763032,55.4,-0.051293294
leg_tot,IHD,40,-0.07217941797019192,0.023643375284759093,0.9306239230491116,0.022024968470311376,55.4,-0.051293294
leg_tot,IHD,50,-0.06123202931976317,0.020057405412335208,0.9407940907927993,0.018885488535160328,55.4,-0.051293294
leg_tot,IHD,60,-0.05073837027895064,0.016620061003230987,0.9506585352924019,0.015810615884147786,55.4,-0.051293294
leg_tot,IHD,70,-0.04208483221119981,0.013785473889196964,0.9588794884198388,0.013225852428873978,55.4,-0.051293294
leg_tot,IHD,87.5,-0.024096612012042103,0.00680687387482799,0.9761913933872822,0.006644811692479825,55.4,-0.051293294
