riskfactor,outcome,midage,logRR.perchange,se.perchange,logRR.perchange.exp,se.perchange.exp,event.age,origlogRR
pf_pm,DIAB,30,0.612966478681791,0.14693357731491363,1.8659166330325758,0.27579940049802343,60.2,0.412109651
pf_pm,DIAB,40,0.5878992053416019,0.14092472646661655,1.8181524933858768,0.2576283170469365,60.2,0.412109651
pf_pm,DIAB,50,0.498733051483024,0.11955079752024392,1.6584327186766359,0.19905250839551575,60.2,0.412109651
pf_pm,DIAB,60,0.41326251175427314,0.09906274051525182,1.5191709518851242,0.15090418188960922,60.2,0.412109651
pf_pm,DIAB,70,0.34277970243701084,0.08216737727375466,1.4136178657230747,0.11637223573583796,60.2,0.412109651
pf_pm,DIAB,87.5,0.19699810554543562,0.0406498396672115,1.2177417337473375,0.04950100623290143,60.2,0.412109651
