riskfactor,outcome,midage,logRR.perchange,se.perchange,logRR.perchange.exp,se.perchange.exp,event.age,origlogRR
pf_pm,IHD,30,0.4702069446738175,0.16333004638769183,1.6218694990075122,0.2684662222227926,64.9,0.31481074
pf_pm,IHD,40,0.45097782461827757,0.15665066169071645,1.5892733550692268,0.252084010683123,64.9,0.31481074
pf_pm,IHD,50,0.38257841578874063,0.13289159402154635,1.4790861405215543,0.198434095136962,64.9,0.31481074
pf_pm,IHD,60,0.31701391472188656,0.11011725365517055,1.381382040928256,0.15318564049384797,64.9,0.31481074
pf_pm,IHD,70,0.2629465104286382,0.09133651944588683,1.3061987209314,0.11993092960339055,64.9,0.31481074
pf_pm,IHD,87.5,0.15209007477063483,0.0455880066874362,1.1642651026212192,0.05307652528424473,64.9,0.31481074
