riskfactor,outcome,midage,logRR.perchange,se.perchange,logRR.perchange.exp,se.perchange.exp,event.age,origlogRR
pf_redm,IHD,30,0.08617959762777289,0.021038067974871413,1.0902430274184238,0.02293248801988538,64.9,0.058268908
pf_redm,IHD,40,0.08265528169009115,0.020177715869468028,1.0863881924281023,0.021916947663553683,64.9,0.058268908
pf_redm,IHD,50,0.07011902803055378,0.01711737950332812,1.0727928197639018,0.018360365184336317,64.9,0.058268908
pf_redm,IHD,60,0.058102356680608494,0.014183882995445063,1.0599299634433266,0.01503168287188439,64.9,0.058268908
pf_redm,IHD,70,0.04819287490976276,0.011764791275021244,1.0494455772560896,0.012344881473633326,64.9,0.058268908
pf_redm,IHD,87.5,0.02762743938489998,0.005864871330456557,1.0280126160551948,0.006029161719249756,64.9,0.058268908
