riskfactor,outcome,midage,logRR.perchange,se.perchange,logRR.perchange.exp,se.perchange.exp,event.age,origlogRR
sat_fat,IHD,30,0.14231938825977386,0.03691372752573117,1.1537294810661338,0.04257649293539303,56.9,0.09531018
sat_fat,IHD,40,0.13649923474209957,0.03540414008486048,1.146971594291669,0.04059596989868917,56.9,0.09531018
sat_fat,IHD,50,0.11579651622163466,0.030034425389969865,1.1232732164434893,0.03372712228584094,56.9,0.09531018
sat_fat,IHD,60,0.09595185040142873,0.024887265920810437,1.1010465501843991,0.027394457886789566,56.9,0.09531018
sat_fat,IHD,70,0.07958705615291568,0.020642689245131976,1.0830702702311015,0.022351782529936196,56.9,0.09531018
sat_fat,IHD,87.5,0.045654311897909784,0.010343535342734089,1.046712512346692,0.010826707865140001,56.9,0.09531018
